,time,pm_1,pm_25,pm_10,pm_4,temperature,humidity,pressure,temperature2,latitude,longitude,elevation
0,2024-05-27 13:37:37,1.64,2.95,3.93,1.85,,,,,,,
1,2024-05-27 13:37:39,1.69,3.27,4.3,1.89,,,,,,,
2,2024-05-27 13:37:42,1.67,3.16,4.18,1.88,,,,,,,
3,2024-05-27 13:37:44,1.67,3.15,4.16,1.87,18.0,40.0,1014.9,17.7,,,
4,2024-05-27 13:37:47,1.71,2.94,3.99,1.91,18.0,40.0,1015.0,17.7,,,
5,2024-05-27 13:37:49,1.77,3.43,4.06,1.98,18.0,39.0,1015.0,17.7,,,
6,2024-05-27 13:37:51,1.88,3.27,4.52,2.1,18.0,40.0,1014.9,17.7,,,
7,2024-05-27 13:37:54,1.94,3.28,4.61,2.17,18.0,40.0,1015.0,17.7,51.47498610890133,-0.03964630246614,13.74956496246159
8,2024-05-27 13:37:56,1.93,3.22,4.54,2.16,18.0,39.0,1015.0,17.7,51.47499480442538,-0.039651645629941,13.595532736741006
9,2024-05-27 13:37:59,1.89,3.38,4.15,2.11,18.0,40.0,1015.0,17.7,51.47499467074544,-0.039642584152054,13.586804335005581
10,2024-05-27 13:38:01,1.83,3.41,4.11,2.05,,,,,51.47499080754915,-0.03963435778074,13.774158891290426
11,2024-05-27 13:38:03,1.77,3.41,4.03,1.98,,,,,51.47499275819606,-0.039643546085251,13.813907960429788
12,2024-05-27 13:38:03,1.77,3.41,4.03,1.98,,,,,51.47504718246799,-0.039739909307531,13.224699867889285
13,2024-05-27 13:38:06,1.71,2.97,4.02,1.91,,,,,51.47505296945744,-0.03972864082907733,13.477058045566082
14,2024-05-27 13:38:08,1.64,2.95,3.93,1.84,18.0,39.0,1015.0,17.6,51.47505875644689,-0.03971737235062367,13.729416223242879
15,2024-05-27 13:38:11,1.56,2.79,4.16,1.75,17.0,41.0,1015.0,17.4,51.47506454343634,-0.03970610387217,13.981774400919676
16,2024-05-27 13:38:13,1.52,2.99,3.82,1.7,17.0,41.0,1015.0,17.2,51.475101220518326,-0.03972837082098,14.509245890192688
17,2024-05-27 13:38:15,1.5,2.83,4.14,1.68,17.0,41.0,1015.0,17.0,51.47510676534784,-0.03977625643529,14.530781188048422
18,2024-05-27 13:38:18,1.49,2.72,4.01,1.67,17.0,41.0,1015.0,17.1,51.475096983806644,-0.0397731839353984,14.280010123550891
19,2024-05-27 13:38:20,1.43,2.79,4.02,1.61,17.0,41.0,1014.9,17.1,51.47508720226545,-0.0397701114355068,14.029239059053362
20,2024-05-27 13:38:23,1.35,2.67,3.8,1.52,,,,,51.47507742072425,-0.0397670389356152,13.77846799455583
21,2024-05-27 13:38:25,1.33,2.51,3.62,1.5,17.0,41.0,1015.0,17.1,51.47506763918305,-0.0397639664357236,13.527696930058301
22,2024-05-27 13:38:27,1.38,2.88,4.05,1.55,17.0,41.0,1015.0,17.2,51.47505785764186,-0.039760893935832,13.27692586556077
23,2024-05-27 13:38:30,1.42,2.71,3.93,1.6,,,,,51.47504323926934,-0.0397413923642485,13.364866229239851
24,2024-05-27 13:38:32,1.48,2.65,3.94,1.67,17.0,41.0,1015.0,17.1,51.47502862089682,-0.039721890792665,13.452806592918932
25,2024-05-27 13:38:35,1.47,3.09,3.88,1.66,17.0,41.0,1015.0,17.2,51.47500558957115,-0.039701661475719,13.9147585099563
26,2024-05-27 13:38:37,1.44,2.85,4.09,1.63,17.0,41.0,1014.9,17.2,51.47499979759075,-0.039696805535722,14.067497343756258
27,2024-05-27 13:38:39,2.42,4.06,5.0,2.73,17.0,42.0,1015.0,17.3,51.475012949851084,-0.039678291479129,13.766764680854976
28,2024-05-27 13:38:42,4.01,5.54,6.89,4.52,,,,,51.475038386380604,-0.039624321445844,13.143198559060693
29,2024-05-27 13:38:44,4.24,5.82,6.94,4.77,,,,,51.47505102050498,-0.039576868970803,12.652071827091277
30,2024-05-27 13:38:47,3.9,5.71,6.91,4.39,17.0,42.0,1015.1,17.3,51.47506527223772,-0.039531938335378,10.826122037135065
31,2024-05-27 13:38:49,3.63,5.05,6.41,4.07,17.0,41.0,1015.0,17.3,51.47510262688815,-0.039529993865372,10.695231306366622
32,2024-05-27 13:38:51,3.24,4.99,5.88,3.63,,,,,51.475123290991874,-0.03949755666827267,10.69556759763509
33,2024-05-27 13:38:54,3.13,4.6,5.86,3.5,17.0,41.0,1014.9,17.4,51.47514395509559,-0.039465119471173336,10.695903888903558
34,2024-05-27 13:38:56,3.0,4.59,5.69,3.36,17.0,41.0,1015.0,17.4,51.47516461919931,-0.039432682274074,10.696240180172026
35,2024-05-27 13:38:59,2.84,4.38,5.29,3.18,,,,,51.47518141550442,-0.03935090564544,11.064323126338422
36,2024-05-27 13:39:01,2.72,4.39,5.15,3.04,,,,,51.47519249252632,-0.0393057554055955,11.59428277797997
37,2024-05-27 13:39:03,2.51,3.73,5.24,2.8,17.0,42.0,1015.1,17.4,51.47520356954821,-0.039260605165751,12.124242429621518
38,2024-05-27 13:39:03,2.51,3.73,5.24,2.8,17.0,42.0,1015.1,17.4,51.47536825663927,-0.038806267241172,10.214054469019175
39,2024-05-27 13:39:06,2.34,3.95,4.76,2.62,18.0,39.0,1015.1,17.5,51.475215037849104,-0.039200724639715,11.780891598202288
40,2024-05-27 13:39:08,2.11,3.64,4.66,2.36,,,,,51.47523334275429,-0.039148477786064,11.408165742177516
41,2024-05-27 13:39:11,1.97,3.51,4.36,2.2,18.0,39.0,1015.0,17.5,51.47525164765947,-0.039096230932413,11.035439886152744
42,2024-05-27 13:39:13,1.83,3.41,4.09,2.04,18.0,39.0,1015.1,17.5,51.475282252343085,-0.039061138333196,10.715800589881837
43,2024-05-27 13:39:15,1.62,3.26,4.19,1.81,,,,,51.475293291053774,-0.039004304941045,10.683670442551374
44,2024-05-27 13:39:18,1.5,2.84,4.13,1.68,,,,,51.47529736604666,-0.038980893696895,7.889689791947603
45,2024-05-27 13:39:20,1.38,2.91,3.56,1.54,18.0,39.0,1015.2,17.5,51.47530753703275,-0.038943671755449,8.451685189735144
46,2024-05-27 13:39:23,1.33,2.48,3.56,1.48,18.0,39.0,1015.1,17.5,51.47531770801884,-0.038906449814003,9.013680587522686
47,2024-05-27 13:39:25,1.29,2.65,3.69,1.43,18.0,39.0,1015.1,17.6,51.475330955501484,-0.038877201020892996,9.855102420784533
48,2024-05-27 13:39:27,1.26,2.42,3.42,1.4,18.0,40.0,1015.1,17.6,51.475344202984125,-0.038847952227783,10.69652425404638
49,2024-05-27 13:39:30,1.22,2.59,3.54,1.35,,,,,51.475362802060026,-0.038804767332028,10.097043083049357
50,2024-05-27 13:39:32,1.13,2.44,3.29,1.26,18.0,39.0,1015.2,17.6,51.47538140113593,-0.038761582436273,9.497561912052333
51,2024-05-27 13:39:35,1.09,2.64,3.44,1.22,18.0,40.0,1015.1,17.6,51.47538459840038,-0.038706008390625005,10.205850269179791
52,2024-05-27 13:39:37,1.29,2.66,3.69,1.43,18.0,40.0,1015.1,17.7,51.47538779566483,-0.038650434344977,10.914138626307249
53,2024-05-27 13:39:39,1.42,2.74,3.93,1.58,,,,,51.475402473762514,-0.038616567153718,10.755246648564935
54,2024-05-27 13:39:42,1.44,2.84,4.05,1.6,,,,,51.47540747158478,-0.038552177516571,11.109461883082986
55,2024-05-27 13:39:44,1.45,2.93,3.65,1.61,18.0,40.0,1015.0,17.8,51.475414396610375,-0.03851398481591233,11.6804423633342
56,2024-05-27 13:39:47,1.46,2.99,3.72,1.62,,,,,51.47542132163597,-0.03847579211525367,12.251422843585411
57,2024-05-27 13:39:49,1.43,2.75,3.94,1.58,18.0,39.0,1015.0,17.8,51.475428246661565,-0.038437599414595,12.822403323836625
58,2024-05-27 13:39:51,1.36,2.73,3.84,1.51,,,,,51.47544144713865,-0.038388641385601496,12.682005266658962
59,2024-05-27 13:39:54,1.33,2.53,3.61,1.48,,,,,51.47545464761574,-0.038339683356608,12.541607209481299
60,2024-05-27 13:39:56,1.26,2.45,3.45,1.4,18.0,39.0,1015.1,17.9,51.47546464756314,-0.0382873958907505,12.596138928551227
61,2024-05-27 13:39:59,1.2,2.51,3.44,1.34,,,,,51.47547464751054,-0.038235108424893,12.650670647621155
62,2024-05-27 13:40:01,1.14,2.47,3.32,1.26,,,,,51.475480068180325,-0.038198897307071,12.737209979444742
63,2024-05-27 13:40:01,1.14,2.47,3.32,1.26,,,,,51.47553662437986,-0.038051962944308,13.2897112313658
64,2024-05-27 13:40:03,1.13,2.44,3.29,1.26,18.0,40.0,1015.1,18.0,51.4754937382825,-0.03815500685221,12.745188551954925
65,2024-05-27 13:40:03,1.13,2.44,3.29,1.26,18.0,40.0,1015.1,18.0,51.47562963383298,-0.037686710738486,13.699220152571797
66,2024-05-27 13:40:06,1.1,2.21,3.53,1.23,,,,,51.47550863558336,-0.03812162844865,13.28617544658482
67,2024-05-27 13:40:08,1.04,2.19,3.42,1.15,18.0,40.0,1015.0,18.1,51.47551827621248,-0.038103493329597,13.286276153288782
68,2024-05-27 13:40:11,1.0,2.37,3.56,1.11,18.0,40.0,1015.0,18.2,51.475533731926376,-0.038053129399635996,13.60722894500941
69,2024-05-27 13:40:13,1.07,2.43,3.7,1.19,,,,,51.475549187640276,-0.038002765469675,13.92818173673004
70,2024-05-27 13:40:15,1.11,2.27,3.59,1.24,,,,,51.475564643354176,-0.037952401539714,14.249134528450668
71,2024-05-27 13:40:18,1.21,2.52,3.46,1.34,18.0,40.0,1015.1,18.3,51.47558009906807,-0.037902037609753,14.570087320171297
72,2024-05-27 13:40:20,1.28,2.61,3.64,1.43,18.0,40.0,1015.0,18.3,51.47558920825524,-0.03785890319892,14.561991714561978
73,2024-05-27 13:40:23,1.29,2.66,3.7,1.44,18.0,40.0,1015.0,18.4,51.47559831744242,-0.037815768788087,14.553896108952662
74,2024-05-27 13:40:25,1.26,2.48,3.49,1.41,,,,,51.475607426629594,-0.037772634377254,14.545800503343344
75,2024-05-27 13:40:27,1.25,2.37,3.87,1.4,19.0,38.0,1015.0,18.5,51.47561653581677,-0.037729499966421,14.537704897734026
76,2024-05-27 13:40:30,1.22,2.61,3.57,1.36,,,,,51.475625645003944,-0.037686365555588,14.529609292124709
77,2024-05-27 13:40:32,1.15,2.58,3.46,1.29,19.0,38.0,1015.0,18.6,51.47563475419112,-0.037643231144755,14.52151368651539
78,2024-05-27 13:40:35,1.08,2.49,3.28,1.2,,,,,51.47564261930235,-0.03759955705905475,14.470612355973572
79,2024-05-27 13:40:37,1.01,2.46,3.18,1.13,,,,,51.47565048441358,-0.0375558829733545,14.419711025431752
80,2024-05-27 13:40:39,1.0,2.08,3.23,1.08,19.0,38.0,1014.9,18.7,51.4756583495248,-0.03751220888765425,14.368809694889933
81,2024-05-27 13:40:42,1.0,2.08,3.24,1.08,,,,,51.47566621463603,-0.037468534801954,14.317908364348114
82,2024-05-27 13:40:44,1.0,2.32,3.44,1.04,19.0,37.0,1014.8,18.7,51.47567598019018,-0.037421228448273,14.343171916902065
83,2024-05-27 13:40:47,1.0,2.12,3.22,1.02,19.0,37.0,1014.9,18.7,51.47567903055272,-0.037375724740668505,14.35191140184179
84,2024-05-27 13:40:49,1.0,2.42,3.49,1.0,19.0,37.0,1014.9,18.8,51.475682080915256,-0.03733022103306401,14.360650886781514
85,2024-05-27 13:40:51,1.0,2.35,3.41,1.0,,,,,51.47568513127779,-0.0372847173254595,14.369390371721238
86,2024-05-27 13:40:54,1.0,2.2,3.23,1.0,19.0,37.0,1014.9,18.9,51.47568818164033,-0.037239213617855,14.378129856660962
87,2024-05-27 13:40:56,1.0,2.14,3.16,1.0,,,,,51.47569067827452,-0.037193574989458,14.556479311548173
88,2024-05-27 13:40:59,1.0,2.05,3.07,1.0,,,,,51.47569317490871,-0.037147936361061,14.734828766435385
89,2024-05-27 13:41:01,1.0,1.91,3.4,1.0,19.0,37.0,1014.9,19.0,51.47570981174514,-0.037122178836271,14.268614570610225
90,2024-05-27 13:41:01,1.0,1.91,3.4,1.0,19.0,37.0,1014.9,19.0,51.475702071895455,-0.036898619153895,14.250690595246851
91,2024-05-27 13:41:03,1.0,2.02,3.03,1.0,19.0,37.0,1014.8,19.0,51.475713529945864,-0.037077340414491,14.507702203467488
92,2024-05-27 13:41:03,1.0,2.02,3.03,1.0,19.0,37.0,1014.8,19.0,51.475708743052806,-0.036519323120434,14.245908713899553
93,2024-05-27 13:41:06,1.0,2.09,3.11,1.0,19.0,36.0,1014.8,19.0,51.47570504995018,-0.03663352255349,14.444563051996132
94,2024-05-27 13:41:08,1.0,2.08,3.09,1.0,19.0,36.0,1014.7,19.1,51.47570135684755,-0.036747721986546,14.64321739009271
95,2024-05-27 13:41:11,1.0,2.27,3.31,1.0,,,,,51.475697663744924,-0.036861921419602,14.84187172818929
96,2024-05-27 13:41:13,1.0,2.36,3.42,1.0,19.0,36.0,1014.8,19.1,51.4756972645862,-0.036831204213763,13.969442829489708
97,2024-05-27 13:41:15,1.0,2.39,3.45,1.0,19.0,36.0,1014.7,19.1,51.47569686542747,-0.036800487007924,13.097013930790126
98,2024-05-27 13:41:18,1.0,2.33,3.38,1.0,,,,,51.47569646626875,-0.036769769802085,12.224585032090545
99,2024-05-27 13:41:20,1.0,2.27,3.32,1.0,19.0,35.0,1014.6,19.0,51.47570378077105,-0.0367071247178595,12.804958802647889
100,2024-05-27 13:41:23,1.0,2.31,3.37,1.0,19.0,36.0,1014.7,19.0,51.47571109527335,-0.036644479633634,13.385332573205233
101,2024-05-27 13:41:25,1.0,2.01,3.09,1.01,19.0,36.0,1014.7,19.1,51.47571543942109,-0.036604434350463,13.543423629365861
102,2024-05-27 13:41:27,1.0,2.45,3.03,1.0,19.0,36.0,1014.7,19.2,51.47571648859758,-0.036570125823259,13.961801344528794
103,2024-05-27 13:41:30,1.0,2.18,3.21,1.0,,,,,51.475711364077085,-0.03652106249150633,14.010313270613551
104,2024-05-27 13:41:32,1.0,2.15,3.18,1.0,19.0,36.0,1014.8,19.2,51.475706239556594,-0.03647199915975367,14.058825196698308
105,2024-05-27 13:41:35,1.0,2.06,3.08,1.0,19.0,36.0,1014.7,19.3,51.4757011150361,-0.036422935828001,14.107337122783065
106,2024-05-27 13:41:37,1.0,2.31,3.29,1.0,,,,,51.4757010076034,-0.03637706689041525,14.307710032910109
107,2024-05-27 13:41:39,1.0,2.12,3.07,1.0,19.0,37.0,1014.7,19.4,51.47570090017069,-0.0363311979528295,14.508082943037152
108,2024-05-27 13:41:42,1.0,1.9,3.32,1.0,19.0,37.0,1014.8,19.4,51.47570079273798,-0.03628532901524375,14.708455853164196
109,2024-05-27 13:41:44,1.0,2.08,3.02,1.0,19.0,37.0,1014.7,19.4,51.47570068530528,-0.036239460077658,14.90882876329124
110,2024-05-27 13:41:47,1.0,2.26,3.23,1.0,20.0,35.0,1014.8,19.5,51.47571413273345,-0.036175950059919,14.327454425394535
111,2024-05-27 13:41:49,1.0,2.2,3.16,1.0,20.0,35.0,1014.7,19.5,51.475711166531134,-0.036141819238212,14.255144080147147
112,2024-05-27 13:41:51,1.0,1.94,3.36,1.0,20.0,35.0,1014.7,19.6,51.475715579249545,-0.0360890649294085,14.636427064426243
113,2024-05-27 13:41:54,1.0,2.07,2.93,1.0,,,,,51.475719991967956,-0.036036310620605,15.01771004870534
114,2024-05-27 13:41:56,1.0,2.19,3.08,1.0,,,,,51.47572322884362,-0.03598051388031,14.473723000381142
115,2024-05-27 13:41:59,1.0,2.12,3.08,1.0,20.0,35.0,1014.7,19.7,51.47572646571928,-0.035924717140015,13.929735952056944
116,2024-05-27 13:42:01,1.0,2.01,3.03,1.0,20.0,34.0,1014.8,19.7,51.47572550093252,-0.035885269821477,15.004036204889417
117,2024-05-27 13:42:01,1.0,2.01,3.03,1.0,20.0,34.0,1014.8,19.7,51.47571924931256,-0.035715768631823,13.505037318915129
118,2024-05-27 13:42:03,1.0,1.99,3.01,1.0,20.0,35.0,1014.8,19.7,51.47572361396031,-0.035851325813841,15.039578396826982
119,2024-05-27 13:42:03,1.0,1.99,3.01,1.0,20.0,35.0,1014.8,19.7,51.475786229017565,-0.035278256565671,13.207892977632582
120,2024-05-27 13:42:06,1.0,2.27,3.26,1.0,20.0,35.0,1014.8,19.8,51.475716210084634,-0.035800686333131,14.146479127928615
121,2024-05-27 13:42:08,1.0,1.93,3.44,1.0,,,,,51.47571717086494,-0.035749625332539,13.478532867506146
122,2024-05-27 13:42:11,1.0,2.36,3.43,1.0,,,,,51.47571770404344,-0.035699556998442,13.694509723223746
123,2024-05-27 13:42:13,1.05,2.26,3.56,1.2,20.0,35.0,1014.8,19.9,51.47572656071824,-0.035633090682695,13.40469147078693
124,2024-05-27 13:42:15,1.47,3.06,3.88,1.68,,,,,51.47574097129991,-0.035575519659178,13.093157533556223
125,2024-05-27 13:42:18,1.59,2.96,3.93,1.82,20.0,35.0,1014.9,19.9,51.47575538188158,-0.035517948635661,12.781623596325517
126,2024-05-27 13:42:20,1.62,3.25,4.27,1.86,20.0,35.0,1014.8,19.9,51.47576640697956,-0.035464810896305,12.857191385701299
127,2024-05-27 13:42:23,1.61,3.14,4.15,1.85,20.0,35.0,1014.8,20.0,51.475777432077535,-0.035411673156949,12.93275917507708
128,2024-05-27 13:42:25,1.59,2.99,3.97,1.83,20.0,35.0,1014.9,20.0,51.475780777624074,-0.035359163169637,13.034490576013923
129,2024-05-27 13:42:27,1.56,3.22,4.16,1.79,20.0,34.0,1014.9,20.0,51.475780028648046,-0.03533310484325,12.921814135275781
130,2024-05-27 13:42:30,1.51,2.87,4.25,1.74,20.0,34.0,1014.8,20.0,51.475788008664054,-0.035282882695331,13.33573010051623
131,2024-05-27 13:42:32,1.49,2.67,4.03,1.71,20.0,35.0,1014.8,20.1,51.47579598868006,-0.035232660547412,13.749646065756679
132,2024-05-27 13:42:35,1.42,2.66,3.94,1.64,20.0,35.0,1014.9,20.1,51.47579813355556,-0.035169478276124,13.590571631677449
133,2024-05-27 13:42:37,1.4,2.99,3.73,1.61,,,,,51.47578534487836,-0.035137487257451,13.218771245330572
134,2024-05-27 13:42:39,1.36,2.68,3.87,1.57,,,,,51.47577770540925,-0.035094808467412,13.076161534525454
135,2024-05-27 13:42:42,1.32,2.89,4.04,1.52,20.0,35.0,1014.9,20.2,51.47579099898945,-0.035048560496733,13.145376686006784
136,2024-05-27 13:42:44,1.3,2.75,3.88,1.5,20.0,34.0,1014.9,20.1,51.47580429256965,-0.035002312526054,13.214591837488115
137,2024-05-27 13:42:46,1.27,2.45,3.53,1.46,20.0,35.0,1015.0,20.2,51.47581429520416,-0.0349484976867695,13.01551114488393
138,2024-05-27 13:42:49,1.27,2.48,3.56,1.46,,,,,51.47582429783868,-0.034894682847485,12.816430452279747
139,2024-05-27 13:42:51,1.27,2.48,3.57,1.46,20.0,35.0,1014.9,20.2,51.47582267953399,-0.034849691316974504,12.641986356116831
140,2024-05-27 13:42:54,1.3,2.68,3.8,1.49,20.0,36.0,1015.0,20.3,51.4758210612293,-0.034804699786464,12.467542259953916
141,2024-05-27 13:42:56,1.33,2.49,3.65,1.54,20.0,35.0,1015.0,20.3,51.47582769249914,-0.034774065207323,13.899205656722188
142,2024-05-27 13:42:58,1.36,2.65,3.84,1.56,20.0,35.0,1014.9,20.3,51.47583652853221,-0.034725038617955,13.365817857906222
143,2024-05-27 13:43:01,1.39,2.9,3.62,1.59,20.0,35.0,1015.0,20.3,51.47583980157923,-0.0346645957217915,13.433673558756709
144,2024-05-27 13:43:03,1.46,2.97,3.78,1.68,20.0,35.0,1015.0,20.4,51.47584307462623,-0.034604152825628,13.501529259607196
145,2024-05-27 13:43:06,1.57,2.82,4.27,1.8,20.0,35.0,1014.9,20.4,51.47584295662073,-0.034536345508929,13.444565003737807
146,2024-05-27 13:43:08,1.62,3.27,4.28,1.86,20.0,35.0,1015.0,20.4,51.47584466351972,-0.034507532467012,13.516475663520396
147,2024-05-27 13:43:10,1.63,2.83,4.35,1.87,,,,,51.47586557564277,-0.0344663858668145,13.371244181878865
148,2024-05-27 13:43:13,1.63,2.81,4.32,1.86,,,,,51.47588648776582,-0.034425239266617,13.226012700237334
149,2024-05-27 13:43:15,1.65,3.0,4.04,1.89,,,,,51.47589170832213,-0.0343663661395055,13.301314801443368
150,2024-05-27 13:43:18,1.76,3.33,4.49,2.0,21.0,33.0,1015.0,20.5,51.47589692887844,-0.034307493012394,13.376616902649403
151,2024-05-27 13:43:20,1.83,3.38,4.12,2.08,,,,,51.47591536903364,-0.034272756912751,13.339599505066872
152,2024-05-27 13:43:22,1.87,3.23,4.52,2.13,21.0,33.0,1015.1,20.5,51.475933809188845,-0.034238020813108,13.30258210748434
153,2024-05-27 13:43:25,1.88,3.25,4.54,2.13,21.0,33.0,1015.0,20.5,51.47595571652927,-0.0342339944683135,12.978865728946403
154,2024-05-27 13:43:27,1.85,3.05,4.31,2.1,21.0,32.0,1015.1,20.6,51.475977623869696,-0.034229968123519,12.655149350408465
155,2024-05-27 13:43:30,1.85,3.04,4.29,2.09,21.0,32.0,1015.1,20.5,51.47599953121012,-0.0342259417787245,12.331432971870527
156,2024-05-27 13:43:32,1.91,3.56,4.39,2.17,20.0,34.0,1015.1,20.2,51.476021438550546,-0.03422191543393,12.007716593332589
157,2024-05-27 13:43:34,1.98,3.57,4.48,2.24,20.0,34.0,1015.1,20.3,51.47604895803034,-0.034220987923531,12.079277924261987
158,2024-05-27 13:43:37,1.99,3.67,4.58,2.25,20.0,34.0,1015.2,20.2,51.476099779148065,-0.034252762679217,11.477801091969013
159,2024-05-27 13:43:39,1.98,3.6,4.5,2.23,20.0,34.0,1015.3,20.1,51.47613279344811,-0.034252737753435,11.54405874432996
160,2024-05-27 13:43:42,1.99,3.18,4.59,2.24,20.0,34.0,1015.3,20.2,51.47616580774815,-0.034252712827653,11.610316396690905
161,2024-05-27 13:43:44,1.98,3.62,4.52,2.23,20.0,35.0,1015.4,20.3,51.47619524160622,-0.03424689085465,12.110582703724504
162,2024-05-27 13:43:46,1.93,3.17,4.49,2.16,,,,,51.476218126881164,-0.034239949947784,12.478069396689534
163,2024-05-27 13:43:49,1.93,3.2,4.51,2.16,20.0,35.0,1015.3,20.4,51.47623778909292,-0.034210637758424006,12.186732131522149
164,2024-05-27 13:43:51,1.9,3.5,4.29,2.13,20.0,35.0,1015.4,20.4,51.476257451304676,-0.034181325569064,11.895394866354764
165,2024-05-27 13:43:54,1.87,3.25,4.49,2.09,,,,,51.47628719641641,-0.034191784591058996,11.668947065714747
166,2024-05-27 13:43:56,1.83,3.42,4.1,2.04,21.0,33.0,1015.4,20.5,51.47631694152814,-0.034202243613054,11.44249926507473
167,2024-05-27 13:43:58,1.8,3.2,4.35,2.01,,,,,51.476341901277344,-0.034217051186064,11.244818149134517
168,2024-05-27 13:44:01,1.76,3.39,3.99,1.97,21.0,33.0,1015.5,20.5,51.47637314359835,-0.034224771992337,10.333702801726758
169,2024-05-27 13:44:01,1.76,3.39,3.99,1.97,21.0,33.0,1015.5,20.5,51.47648024248969,-0.034260452016195,8.81468996964395
170,2024-05-27 13:44:03,1.7,2.89,4.41,1.89,,,,,51.476392676034386,-0.034238616131361,10.271721662022173
171,2024-05-27 13:44:03,1.7,2.89,4.41,1.89,,,,,51.4767368051349,-0.034165839811219,8.02982473373413
172,2024-05-27 13:44:06,1.67,3.14,4.13,1.86,,,,,51.47642627239234,-0.034267495472783,10.228051432408392
173,2024-05-27 13:44:08,1.64,2.96,3.92,1.83,,,,,51.47646126493065,-0.034256682088659667,9.900944939814508
174,2024-05-27 13:44:10,1.65,3.0,3.96,1.83,,,,,51.47649625746895,-0.03424586870453634,9.573838447220623
175,2024-05-27 13:44:13,1.61,3.21,4.12,1.79,21.0,33.0,1015.6,20.5,51.47653125000726,-0.034235055320413,9.246731954626739
176,2024-05-27 13:44:15,1.56,2.84,4.19,1.74,21.0,33.0,1015.5,20.5,51.47655660728615,-0.034237044533087,9.217529863119125
177,2024-05-27 13:44:18,1.57,2.85,4.21,1.74,21.0,33.0,1015.6,20.5,51.476587469931246,-0.03422860387648867,9.04581580373148
178,2024-05-27 13:44:20,1.57,2.9,4.26,1.74,,,,,51.47661833257634,-0.03422016321989033,8.874101744343838
179,2024-05-27 13:44:22,1.57,2.87,4.22,1.74,,,,,51.476649195221434,-0.034211722563292,8.702387684956193
180,2024-05-27 13:44:25,1.6,3.11,4.01,1.77,20.0,35.0,1015.6,20.4,51.47668398215986,-0.034190997654055,8.193095919676125
181,2024-05-27 13:44:27,1.66,3.11,4.08,1.84,,,,,51.47670927149377,-0.03419138448,8.296695763245225
182,2024-05-27 13:44:30,1.7,2.89,3.9,1.88,20.0,35.0,1015.7,20.4,51.47673364291204,-0.03416276277723467,8.097216124646366
183,2024-05-27 13:44:32,1.77,2.97,4.07,1.96,,,,,51.47675801433031,-0.03413414107446933,7.897736486047506
184,2024-05-27 13:44:34,1.84,3.49,4.16,2.04,,,,,51.47678238574858,-0.034105519371704,7.698256847448647
185,2024-05-27 13:44:37,1.94,3.3,4.6,2.15,20.0,36.0,1015.6,20.4,51.47681122772977,-0.034061611341352,7.533483006060123
186,2024-05-27 13:44:39,2.01,3.37,4.74,2.23,20.0,35.0,1015.7,20.4,51.476827012800406,-0.034028506921315496,7.446043633390218
187,2024-05-27 13:44:42,2.03,3.5,4.4,2.25,20.0,36.0,1015.8,20.4,51.47684279787104,-0.033995402501279,7.358604260720313
188,2024-05-27 13:44:44,2.01,3.36,4.74,2.23,20.0,37.0,1015.7,20.4,51.476863031892805,-0.03395546909901533,7.382320806384087
189,2024-05-27 13:44:46,1.94,3.32,4.61,2.15,,,,,51.47688326591456,-0.03391553569675167,7.406037352047861
190,2024-05-27 13:44:49,1.85,3.11,4.29,2.05,20.0,36.0,1015.7,20.4,51.47690349993632,-0.033875602294488,7.429753897711635
191,2024-05-27 13:44:51,1.68,3.29,4.28,1.86,,,,,51.47692420889668,-0.033856236897996,7.990735945291817
192,2024-05-27 13:44:54,1.6,3.13,4.02,1.77,,,,,51.47694817264225,-0.033819201452503,7.311196433380246
193,2024-05-27 13:44:56,1.5,2.86,4.14,1.66,20.0,35.0,1015.8,20.4,51.476964815480926,-0.0337927541478165,7.262305379845202
194,2024-05-27 13:44:58,1.46,2.99,3.71,1.61,,,,,51.47698145831959,-0.03376630684313,7.213414326310158
195,2024-05-27 13:45:01,1.42,2.7,3.87,1.57,20.0,36.0,1015.7,20.4,51.47715268490825,-0.033757679457799,7.667194159701467
196,2024-05-27 13:45:03,1.38,2.91,3.54,1.53,20.0,36.0,1015.6,20.4,51.477128401633166,-0.0337418312644925,8.025629752781242
197,2024-05-27 13:45:06,1.56,2.81,4.15,1.73,21.0,33.0,1015.7,20.5,51.47710411835809,-0.033725983071186,8.384065345861018
198,2024-05-27 13:45:08,1.65,3.01,3.95,1.82,20.0,35.0,1015.7,20.4,51.47713369615589,-0.033743626993316,8.298737534321845
199,2024-05-27 13:45:10,1.59,3.08,3.96,1.76,20.0,35.0,1015.7,20.2,51.47716702399214,-0.0337601702219835,7.8693433604203165
200,2024-05-27 13:45:13,1.55,2.7,4.03,1.71,20.0,35.0,1015.6,20.3,51.47720035182838,-0.033776713450651,7.439949186518788
201,2024-05-27 13:45:15,1.45,2.98,3.69,1.61,20.0,34.0,1015.7,20.2,51.477232310484005,-0.033790928651523,7.586887313984334
202,2024-05-27 13:45:18,1.39,3.01,3.66,1.54,20.0,35.0,1015.7,20.3,51.47725580503137,-0.033799774376382666,7.347190685259799
203,2024-05-27 13:45:20,1.36,2.71,3.8,1.5,20.0,35.0,1015.7,20.2,51.47727929957873,-0.03380862010124233,7.107494056535263
204,2024-05-27 13:45:22,1.31,2.86,3.91,1.45,,,,,51.477302794126096,-0.033817465826102,6.867797427810728
205,2024-05-27 13:45:25,1.21,2.53,3.45,1.33,,,,,51.47733002505945,-0.033848909376306,6.434879473410547
206,2024-05-27 13:45:27,1.17,2.72,3.59,1.29,20.0,35.0,1015.8,20.3,51.47735009006097,-0.033864281858672,6.626503633335233
207,2024-05-27 13:45:30,1.12,2.35,3.67,1.23,20.0,35.0,1015.7,20.3,51.47738088873628,-0.0338768263719775,6.092662570532411
208,2024-05-27 13:45:32,1.03,2.17,3.38,1.14,20.0,36.0,1015.7,20.1,51.47741168741158,-0.033889370885283,5.55882150772959
209,2024-05-27 13:45:34,1.0,2.28,3.44,1.08,,,,,51.477439813513364,-0.033901503632338,5.422240774147212
210,2024-05-27 13:45:37,1.0,2.2,3.27,1.0,20.0,35.0,1015.7,20.1,51.47746320746999,-0.033921909893116,5.384610906243324
211,2024-05-27 13:45:39,1.0,2.43,3.46,1.0,20.0,35.0,1015.7,19.9,51.477490628315664,-0.033938941118386,5.036710956133902
212,2024-05-27 13:45:42,1.0,2.11,3.09,1.0,20.0,35.0,1015.7,19.8,51.47752230517631,-0.0339555450427205,4.722439136356115
213,2024-05-27 13:45:44,1.0,2.34,3.28,1.0,20.0,34.0,1015.8,19.5,51.47755398203695,-0.033972148967055,4.408167316578329
214,2024-05-27 13:45:46,1.0,1.95,3.4,1.0,20.0,34.0,1015.7,19.5,51.47758598987684,-0.033995312224107496,4.653331701643765
215,2024-05-27 13:45:49,1.0,2.06,3.03,1.0,19.0,35.0,1015.8,19.3,51.477617997716735,-0.03401847548116,4.898496086709201
216,2024-05-27 13:45:51,1.0,2.03,3.0,1.0,19.0,36.0,1015.9,19.3,51.47764685197418,-0.034036935111393496,4.71458174334839
217,2024-05-27 13:45:54,1.0,2.34,3.28,1.0,19.0,35.0,1015.8,19.2,51.47767570623162,-0.034055394741627,4.530667399987578
218,2024-05-27 13:45:56,1.0,2.17,3.09,1.0,19.0,35.0,1015.8,19.0,51.477696710275396,-0.034073685325714004,4.522933794185519
219,2024-05-27 13:45:58,1.0,2.18,3.1,1.0,19.0,35.0,1015.8,18.9,51.477717714319176,-0.034091975909801,4.51520018838346
220,2024-05-27 13:46:01,1.0,2.19,3.11,1.0,19.0,35.0,1015.9,18.9,51.477866052586954,-0.034204910306336,4.771805988624692
221,2024-05-27 13:46:03,1.0,2.33,3.27,1.0,19.0,35.0,1015.9,18.8,51.477782198260996,-0.034127000710465,4.721359269693494
222,2024-05-27 13:46:03,1.0,2.33,3.27,1.0,19.0,35.0,1015.9,18.8,51.47809893680668,-0.034393676781871,5.553483413532376
223,2024-05-27 13:46:06,1.0,2.3,3.23,1.0,,,,,51.47782403686573,-0.034157144304569,4.541288146749139
224,2024-05-27 13:46:08,1.0,1.91,3.29,1.0,19.0,36.0,1015.9,18.8,51.477846705091046,-0.034176080297451,4.773735930211842
225,2024-05-27 13:46:10,1.0,2.21,3.07,1.0,19.0,35.0,1015.9,19.0,51.4778777076661,-0.034196073048432,4.829512021970004
226,2024-05-27 13:46:13,1.0,1.82,3.19,1.0,,,,,51.47790871024117,-0.034216065799413,4.885288113728166
227,2024-05-27 13:46:15,1.0,2.07,2.97,1.0,19.0,36.0,1015.9,19.1,51.47793971281622,-0.034236058550393994,4.941064205486327
228,2024-05-27 13:46:18,1.0,2.07,3.04,1.0,19.0,36.0,1015.8,19.2,51.47797071539128,-0.034256051301375,4.996840297244489
229,2024-05-27 13:46:20,1.0,2.24,3.25,1.0,19.0,36.0,1015.9,19.2,51.47799663532878,-0.0342716203809605,5.024012732785195
230,2024-05-27 13:46:22,1.0,2.29,3.3,1.0,,,,,51.47802255526628,-0.034287189460546,5.051185168325901
231,2024-05-27 13:46:25,1.0,2.05,3.02,1.0,19.0,35.0,1015.9,19.1,51.47804659751534,-0.034319298149584496,5.190214898902923
232,2024-05-27 13:46:27,1.0,2.31,3.24,1.0,19.0,35.0,1015.8,19.0,51.4780706397644,-0.034351406838623,5.329244629479945
233,2024-05-27 13:46:30,1.0,2.03,2.92,1.0,19.0,35.0,1015.9,19.0,51.47809468201346,-0.0343835155276615,5.4682743600569665
234,2024-05-27 13:46:32,1.0,2.11,3.02,1.0,,,,,51.47811872426252,-0.0344156242167,5.607304090633988
235,2024-05-27 13:46:34,1.0,2.2,3.11,1.0,19.0,35.0,1015.8,19.0,51.47813913581883,-0.034454995284961,5.372460815124214
236,2024-05-27 13:46:37,1.0,2.1,3.0,1.0,19.0,35.0,1015.9,19.1,51.478159067461505,-0.034509948304079496,5.610452638473362
237,2024-05-27 13:46:39,1.0,1.98,2.87,1.0,19.0,35.0,1015.8,19.0,51.47817899910418,-0.034564901323198,5.84844446182251
238,2024-05-27 13:46:42,1.0,2.22,3.07,1.0,,,,,51.47819371234261,-0.03462030478121225,5.764425065601245
239,2024-05-27 13:46:44,1.0,2.25,3.1,1.0,19.0,36.0,1015.8,19.0,51.47820842558104,-0.0346757082392265,5.680405669379979
240,2024-05-27 13:46:46,1.0,1.93,3.31,1.0,19.0,36.0,1015.8,19.1,51.478223138819466,-0.034731111697240746,5.596386273158714
241,2024-05-27 13:46:49,1.0,2.16,3.07,1.0,19.0,36.0,1015.8,19.2,51.478237852057894,-0.034786515155255,5.512366876937449
242,2024-05-27 13:46:51,1.0,1.96,2.91,1.0,19.0,36.0,1015.9,19.2,51.47825059344073,-0.034821236929559,5.219462058506906
243,2024-05-27 13:46:54,1.0,2.26,3.26,1.0,,,,,51.478271118074744,-0.03485775663857975,5.014507424784824
244,2024-05-27 13:46:56,1.0,1.99,3.02,1.0,19.0,36.0,1015.9,19.1,51.47829164270877,-0.0348942763476005,4.8095527910627425
245,2024-05-27 13:46:58,1.0,2.34,3.43,1.02,19.0,35.0,1015.9,19.0,51.47831216734279,-0.03493079605662125,4.604598157340661
246,2024-05-27 13:47:01,1.0,2.48,3.09,1.04,19.0,36.0,1015.9,19.0,51.47833269197681,-0.034967315765642,4.399643523618579
247,2024-05-27 13:47:03,1.0,2.2,3.34,1.07,19.0,36.0,1015.9,19.1,51.47835378330642,-0.034998427818432,4.174830261617899
248,2024-05-27 13:47:06,1.01,2.47,3.15,1.11,19.0,36.0,1015.9,19.0,51.47835375770284,-0.03503092502450225,3.9911234935279936
249,2024-05-27 13:47:08,1.01,2.48,3.16,1.11,19.0,36.0,1015.9,18.8,51.478353732099265,-0.0350634222305725,3.807416725438088
250,2024-05-27 13:47:10,1.02,2.56,3.25,1.12,19.0,36.0,1015.9,18.9,51.478353706495696,-0.03509591943664275,3.6237099573481824
251,2024-05-27 13:47:13,1.01,2.51,3.2,1.11,19.0,35.0,1015.8,18.7,51.47835368089212,-0.035128416642713,3.440003189258277
252,2024-05-27 13:47:15,1.0,2.27,3.42,1.08,19.0,35.0,1015.8,18.6,51.47837711998309,-0.03514529797829325,3.9479572523850943
253,2024-05-27 13:47:18,1.0,2.4,3.49,1.02,19.0,35.0,1015.9,18.5,51.478400559074046,-0.0351621793138735,4.455911315511912
254,2024-05-27 13:47:20,1.0,2.1,3.14,1.0,18.0,37.0,1016.0,18.4,51.47842399816501,-0.03517906064945375,4.9638653786387295
255,2024-05-27 13:47:22,1.0,2.01,2.97,1.0,18.0,37.0,1015.9,18.3,51.47844743725598,-0.035195941985034,5.471819441765547
256,2024-05-27 13:47:25,1.0,2.29,3.22,1.0,,,,,51.47847855572205,-0.03521655222501825,5.660863256314769
257,2024-05-27 13:47:27,1.0,1.99,2.87,1.0,18.0,37.0,1015.9,18.2,51.47850967418812,-0.0352371624650025,5.849907070863992
258,2024-05-27 13:47:30,1.0,2.26,3.1,1.0,18.0,37.0,1015.9,18.3,51.478540792654194,-0.03525777270498675,6.038950885413215
259,2024-05-27 13:47:32,1.0,1.84,3.2,1.0,,,,,51.47857191112026,-0.035278382944971,6.227994699962437
260,2024-05-27 13:47:34,1.0,1.91,3.28,1.0,,,,,51.47860178185307,-0.03531191268845,6.641935066320002
261,2024-05-27 13:47:37,1.0,2.01,2.9,1.0,18.0,37.0,1015.8,18.4,51.47863165258589,-0.035345442431929,7.055875432677567
262,2024-05-27 13:47:39,1.0,2.1,3.0,1.0,18.0,37.0,1015.9,18.0,51.478655170424005,-0.035372663089964,6.291888188570738
263,2024-05-27 13:47:44,1.0,2.23,3.22,1.0,17.0,39.0,1015.8,17.3,51.478699099751054,-0.0354013137673245,5.845106090418994
264,2024-05-27 13:47:46,1.0,2.44,3.53,1.03,17.0,39.0,1015.9,17.2,51.478743029078096,-0.035429964444685,5.398323992267251
265,2024-05-27 13:47:49,1.0,2.16,3.29,1.06,17.0,39.0,1015.8,17.0,51.478781626142585,-0.035449299720748,5.492309652268887
266,2024-05-27 13:47:51,1.03,2.13,3.32,1.13,17.0,39.0,1015.9,16.9,51.47880463477392,-0.0354737490897205,5.312291235662997
267,2024-05-27 13:47:54,1.05,2.29,3.52,1.15,17.0,39.0,1015.9,17.0,51.47882764340526,-0.035498198458693,5.132272819057107
268,2024-05-27 13:47:56,1.05,2.32,3.54,1.15,17.0,39.0,1015.9,16.8,51.47885470616859,-0.035521275547307,5.138807356357574
269,2024-05-27 13:47:58,1.02,2.57,3.26,1.12,17.0,39.0,1015.8,16.7,51.478871936447185,-0.035548695055338,5.467649267986417
270,2024-05-27 13:48:01,1.0,2.35,3.51,1.09,17.0,39.0,1015.9,16.6,51.47885951346922,-0.035794374381654,4.74508117325604
271,2024-05-27 13:48:03,1.0,2.17,3.3,1.06,16.0,41.0,1016.0,16.3,51.47873848412487,-0.036146106904025,5.426627384498715
272,2024-05-27 13:48:06,1.0,2.42,3.51,1.03,16.0,41.0,1016.0,16.1,51.47887835297343,-0.035715856442807,4.851991787552834
273,2024-05-27 13:48:08,1.0,2.16,3.22,1.0,,,,,51.47886415310747,-0.035748008152143,5.208775952458382
274,2024-05-27 13:48:10,1.0,2.33,3.34,1.0,16.0,41.0,1015.9,16.0,51.47886065226237,-0.035801780766078,5.259865799918771
275,2024-05-27 13:48:13,1.0,2.14,3.12,1.0,16.0,41.0,1016.0,15.8,51.47885715141727,-0.035855553380013,5.31095564737916
276,2024-05-27 13:48:15,1.0,2.34,3.27,1.0,16.0,41.0,1015.9,15.9,51.47885365057218,-0.035909325993948,5.362045494839549
277,2024-05-27 13:48:18,1.0,2.33,3.26,1.0,,,,,51.47885014972707,-0.035963098607883,5.413135342299938
278,2024-05-27 13:48:20,1.0,2.13,3.11,1.0,16.0,42.0,1015.9,15.9,51.47883668267448,-0.036001004342916004,5.617523544002324
279,2024-05-27 13:48:22,1.0,1.95,2.98,1.0,16.0,42.0,1016.0,15.9,51.4788232156219,-0.036038910077949,5.82191174570471
280,2024-05-27 13:48:25,1.0,2.15,3.21,1.0,16.0,42.0,1015.9,15.9,51.478795925489074,-0.036077600706816,5.792475499212742
281,2024-05-27 13:48:27,1.0,2.41,3.51,1.03,16.0,42.0,1016.0,15.8,51.47877281947904,-0.036113167020059,5.619265263900161
282,2024-05-27 13:48:30,1.0,2.33,3.48,1.09,16.0,42.0,1016.1,15.9,51.478748476092946,-0.0361461462854305,5.3404518235474825
283,2024-05-27 13:48:32,1.07,2.45,3.2,1.17,16.0,42.0,1016.0,16.0,51.47872413270686,-0.036179125550802,5.061638383194804
284,2024-05-27 13:48:34,1.22,2.63,3.55,1.34,16.0,42.0,1016.0,16.1,51.47870605834586,-0.036220644996986,4.640364449471235
285,2024-05-27 13:48:37,1.23,2.71,3.65,1.35,16.0,42.0,1016.0,16.2,51.478663324008956,-0.03625723308103633,4.630497882763545
286,2024-05-27 13:48:39,1.23,2.7,3.64,1.35,16.0,43.0,1016.1,16.3,51.47862058967206,-0.036293821165086664,4.620631316055854
287,2024-05-27 13:48:42,1.2,2.49,3.39,1.32,16.0,43.0,1016.0,16.4,51.47857785533516,-0.036330409249137,4.610764749348164
288,2024-05-27 13:48:44,1.18,2.3,3.68,1.3,16.0,42.0,1016.1,16.4,51.47855323480177,-0.03636954309829,4.861533794862528
289,2024-05-27 13:48:46,1.16,2.71,3.58,1.28,16.0,42.0,1016.0,16.4,51.47852861426839,-0.036408676947443,5.112302840376894
290,2024-05-27 13:48:49,1.14,2.54,3.38,1.26,16.0,42.0,1016.0,16.3,51.478503993735,-0.036447810796596,5.363071885891259
291,2024-05-27 13:48:51,1.08,2.54,3.32,1.19,,,,,51.478475833458695,-0.036489471693597,5.264700419269502
292,2024-05-27 13:48:54,1.03,2.16,3.37,1.14,17.0,40.0,1016.0,16.5,51.47842251448964,-0.036488996639412,5.863665348850191
293,2024-05-27 13:48:56,1.0,2.35,3.52,1.1,,,,,51.478421336512035,-0.036561409390231,5.277925994247198
294,2024-05-27 13:48:58,1.0,2.27,3.43,1.09,17.0,39.0,1016.1,16.5,51.478443930215306,-0.036617742992329005,5.096280265133828
295,2024-05-27 13:49:01,1.0,2.33,3.5,1.09,17.0,39.0,1016.0,16.5,51.47846652391857,-0.036674076594427,4.914634536020458
296,2024-05-27 13:49:03,1.0,2.2,3.36,1.08,16.0,42.0,1016.0,16.4,51.47846885126717,-0.036719277815046,4.38802629057318
297,2024-05-27 13:49:03,1.0,2.2,3.36,1.08,16.0,42.0,1016.0,16.4,51.47839653257467,-0.037241500841375,5.296870709396899
298,2024-05-27 13:49:06,1.0,2.47,3.09,1.05,16.0,42.0,1016.1,16.4,51.47846149660202,-0.036777465334249,4.745126661844552
299,2024-05-27 13:49:08,1.0,2.36,3.46,1.03,16.0,41.0,1016.0,16.2,51.4784563628461,-0.036823928900401995,4.56794818630442
300,2024-05-27 13:49:10,1.0,2.02,3.07,1.0,16.0,42.0,1016.0,16.4,51.47845122909019,-0.036870392466555,4.390769710764289
301,2024-05-27 13:49:13,1.0,2.3,3.32,1.0,16.0,42.0,1016.1,16.4,51.47844609533428,-0.036916856032708,4.213591235224158
302,2024-05-27 13:49:15,1.0,2.38,3.41,1.0,16.0,42.0,1016.0,16.4,51.47844096157836,-0.036963319598861,4.036412759684026
303,2024-05-27 13:49:18,1.0,2.32,3.35,1.0,16.0,42.0,1016.0,16.3,51.478444564301995,-0.03701826551543,4.138494979590178
304,2024-05-27 13:49:20,1.0,2.21,3.22,1.0,16.0,42.0,1015.9,16.4,51.47843346960499,-0.037053818475047004,4.169144426938146
305,2024-05-27 13:49:22,1.0,2.17,3.17,1.0,16.0,42.0,1016.0,16.3,51.47842237490798,-0.037089371434664,4.199793874286115
306,2024-05-27 13:49:25,1.0,1.97,2.94,1.0,,,,,51.47841246755099,-0.03714325612465,4.579061319120228
307,2024-05-27 13:49:27,1.0,2.28,3.23,1.0,16.0,42.0,1016.0,16.1,51.4784054328397,-0.037182013701495,4.864427888765931
308,2024-05-27 13:49:30,1.0,2.13,3.05,1.0,16.0,42.0,1016.0,16.0,51.478398070248446,-0.037233377719884,4.85045151039958
309,2024-05-27 13:49:32,1.0,2.15,3.0,1.0,16.0,42.0,1016.1,15.9,51.4783907076572,-0.037284741738273,4.836475132033229
310,2024-05-27 13:49:34,1.0,1.89,3.2,1.0,16.0,42.0,1016.0,15.9,51.478382429584144,-0.037325251577678,4.860627358779311
311,2024-05-27 13:49:37,1.0,2.06,2.82,1.0,16.0,42.0,1016.1,15.8,51.478357903856796,-0.037384516510209,4.803649777546525
312,2024-05-27 13:49:39,1.0,2.36,3.32,1.0,16.0,42.0,1016.0,16.0,51.47835362616577,-0.0374304172805522,4.9232203820720315
313,2024-05-27 13:49:42,1.0,1.9,3.36,1.0,16.0,42.0,1016.1,16.1,51.478349348474744,-0.0374763180508954,5.042790986597538
314,2024-05-27 13:49:44,1.0,2.2,3.2,1.0,16.0,42.0,1016.2,16.1,51.47834507078371,-0.0375222188212386,5.162361591123045
315,2024-05-27 13:49:46,1.0,2.37,3.4,1.0,16.0,42.0,1016.1,16.1,51.478340793092684,-0.0375681195915818,5.281932195648552
316,2024-05-27 13:49:49,1.0,2.39,3.43,1.0,,,,,51.47833651540166,-0.037614020361925,5.401502800174058
317,2024-05-27 13:49:51,1.0,2.33,3.43,1.03,,,,,51.478336797521635,-0.037664542189182,5.496995417401195
318,2024-05-27 13:49:54,1.0,2.43,3.54,1.04,16.0,42.0,1016.0,16.1,51.478332177193124,-0.037714497036062,5.509008871391416
319,2024-05-27 13:49:56,1.0,2.39,3.58,1.11,16.0,42.0,1016.1,16.2,51.47832755686461,-0.037764451882942,5.521022325381637
320,2024-05-27 13:49:58,1.01,2.48,3.18,1.12,16.0,42.0,1016.1,16.3,51.4783229365361,-0.037814406729822,5.533035779371858
321,2024-05-27 13:50:01,1.01,2.5,3.2,1.13,16.0,42.0,1016.1,16.4,51.478270199890815,-0.038057835281697,5.449905495159328
322,2024-05-27 13:50:03,1.03,2.6,3.32,1.14,,,,,51.478274731412256,-0.03804579430896533,5.397446523730953
323,2024-05-27 13:50:06,1.01,2.52,3.23,1.13,16.0,42.0,1016.2,16.4,51.478279262933704,-0.03803375333623366,5.344987552302579
324,2024-05-27 13:50:08,1.0,2.14,3.29,1.07,17.0,39.0,1016.1,16.5,51.478283794455145,-0.038021712363502,5.292528580874205
325,2024-05-27 13:50:10,1.0,2.49,3.12,1.05,,,,,51.47826781773357,-0.038071874514188,5.280921248719096
326,2024-05-27 13:50:13,1.0,2.2,3.36,1.08,17.0,40.0,1016.2,16.5,51.47825184101199,-0.038122036664874,5.269313916563988
327,2024-05-27 13:50:15,1.0,2.37,3.55,1.11,,,,,51.47824957305979,-0.038158718131113,4.640806728973985
328,2024-05-27 13:50:18,1.03,2.61,3.33,1.14,17.0,41.0,1016.1,16.5,51.47823302606167,-0.038221836837503,4.794327488169074
329,2024-05-27 13:50:20,1.05,2.26,3.5,1.16,16.0,45.0,1016.2,16.4,51.47822591396326,-0.03825889582158,4.895712136756629
330,2024-05-27 13:50:22,1.05,2.29,3.54,1.16,17.0,43.0,1016.1,16.5,51.478218801864834,-0.038295954805657,4.997096785344183
331,2024-05-27 13:50:25,1.04,2.19,3.41,1.15,17.0,42.0,1016.2,16.6,51.478205345987995,-0.03836664064789,4.9171171952039
332,2024-05-27 13:50:27,1.01,2.49,3.19,1.12,17.0,41.0,1016.2,16.6,51.478196112701305,-0.038406875628491,4.022679438814521
333,2024-05-27 13:50:30,1.0,2.22,3.37,1.08,17.0,42.0,1016.2,16.7,51.47818591908327,-0.03845604493838,3.1601758492179215
334,2024-05-27 13:50:32,1.0,2.39,3.49,1.03,17.0,42.0,1016.2,16.6,51.47817572546524,-0.038505214248269,2.297672259621322
335,2024-05-27 13:50:34,1.0,2.13,3.2,1.0,17.0,41.0,1016.3,16.5,51.47816124429941,-0.03854898897283,2.389424814842641
336,2024-05-27 13:50:37,1.0,2.1,3.16,1.0,17.0,41.0,1016.2,16.6,51.47811099755958,-0.038556912338149,2.989405665546656
337,2024-05-27 13:50:39,1.0,2.31,3.48,1.09,17.0,41.0,1016.2,16.8,51.478079702633934,-0.03857288169101,3.586355543229729
338,2024-05-27 13:50:42,1.04,2.2,3.42,1.14,17.0,41.0,1016.2,16.9,51.478048407708286,-0.038588851043871,4.183305420912802
339,2024-05-27 13:50:44,1.06,2.37,3.61,1.17,17.0,42.0,1016.2,16.8,51.478009718378026,-0.038580859262937,5.06813732907176
340,2024-05-27 13:50:46,1.06,2.37,3.62,1.17,17.0,41.0,1016.2,16.8,51.477995020733005,-0.038533931523534,4.893590492196381
341,2024-05-27 13:50:49,1.03,2.16,3.37,1.14,,,,,51.47795938090167,-0.038494396544345,5.362681448459625
342,2024-05-27 13:50:51,1.01,2.51,3.2,1.11,17.0,40.0,1016.1,16.8,51.4779256034505,-0.038498526154078,5.582849334925413
343,2024-05-27 13:50:54,1.0,2.24,3.38,1.08,,,,,51.47788556440461,-0.038480907578756,5.675560563802719
344,2024-05-27 13:50:56,1.0,2.39,3.48,1.03,17.0,40.0,1016.1,16.9,51.47786396546034,-0.038460613511663,5.464945112355053
345,2024-05-27 13:50:58,1.0,2.21,3.28,1.0,17.0,40.0,1016.1,16.8,51.47784176604423,-0.038434138847376,5.446441101841629
346,2024-05-27 13:51:01,1.0,2.39,3.41,1.0,17.0,40.0,1016.1,16.7,51.47780635293911,-0.038407744747431,5.437944300472736
347,2024-05-27 13:51:01,1.0,2.39,3.41,1.0,17.0,40.0,1016.1,16.7,51.47772078492641,-0.038252638543911,6.635284250602126
348,2024-05-27 13:51:03,1.0,2.31,3.32,1.0,17.0,40.0,1016.2,16.6,51.47778755814257,-0.038376739757047,5.157494660466909
349,2024-05-27 13:51:06,1.0,2.14,3.12,1.0,17.0,39.0,1016.1,16.5,51.477761576714784,-0.038338586264046,5.735886689275503
350,2024-05-27 13:51:08,1.0,1.98,2.94,1.0,17.0,40.0,1016.1,16.6,51.477735595287,-0.038300432771045,6.314278718084097
351,2024-05-27 13:51:10,1.0,2.32,3.26,1.0,17.0,39.0,1016.1,16.6,51.47770945880097,-0.038255697270602504,6.25077547878027
352,2024-05-27 13:51:13,1.0,2.09,3.07,1.0,17.0,39.0,1016.0,16.7,51.477683322314945,-0.03821096177016,6.187272239476442
353,2024-05-27 13:51:15,1.0,2.12,3.1,1.0,,,,,51.477661664795335,-0.038172256889929,6.161933046765626
354,2024-05-27 13:51:18,1.0,2.19,3.18,1.0,17.0,39.0,1016.0,16.8,51.477635685103934,-0.038157610703641,5.204760935157538
355,2024-05-27 13:51:20,1.0,2.25,3.25,1.0,,,,,51.47761536224418,-0.038142461653738496,5.153551394119859
356,2024-05-27 13:51:22,1.0,2.08,3.05,1.0,17.0,39.0,1016.0,16.9,51.477595039384425,-0.038127312603836,5.10234185308218
357,2024-05-27 13:51:25,1.0,2.17,3.08,1.0,17.0,39.0,1016.1,16.9,51.477565169703624,-0.038090656914978,5.550398340448737
358,2024-05-27 13:51:27,1.0,2.05,2.94,1.0,17.0,39.0,1016.0,17.0,51.47753834784847,-0.03807158858621,5.814279767684638
359,2024-05-27 13:51:30,1.0,2.05,2.95,1.0,17.0,39.0,1016.0,16.8,51.47750025944063,-0.03805527598602225,5.899444628041237
360,2024-05-27 13:51:32,1.0,2.13,3.04,1.0,17.0,39.0,1016.0,16.9,51.4774621710328,-0.0380389633858345,5.984609488397837
361,2024-05-27 13:51:34,1.0,2.02,2.91,1.0,,,,,51.47742408262496,-0.038022650785646754,6.069774348754436
362,2024-05-27 13:51:39,1.0,2.11,3.01,1.0,,,,,51.477385994217116,-0.038006338185459,6.154939209111035
363,2024-05-27 13:51:42,1.0,2.0,2.89,1.0,17.0,39.0,1015.9,17.0,51.477354561867486,-0.0379914622633705,6.283837134484202
364,2024-05-27 13:51:44,1.0,2.11,3.02,1.0,17.0,39.0,1016.0,16.9,51.47732312951786,-0.037976586341282,6.412735059857368
365,2024-05-27 13:51:46,1.0,2.21,3.13,1.0,17.0,39.0,1015.9,16.6,51.477298102924514,-0.037970649829382,6.363835834898055
366,2024-05-27 13:51:49,1.0,2.03,3.0,1.0,16.0,41.0,1016.0,16.4,51.477268130857844,-0.037931350811187,6.324512624181807
367,2024-05-27 13:51:51,1.0,2.14,3.13,1.0,17.0,38.0,1015.9,16.5,51.4772432838698,-0.037910537467291,5.805998228490353
368,2024-05-27 13:51:54,1.0,1.98,3.02,1.0,,,,,51.47720545691149,-0.037888130733003,5.623626637272537
369,2024-05-27 13:51:56,1.0,2.24,3.32,1.01,17.0,39.0,1015.9,16.5,51.47719259178365,-0.037844694012943,6.179105838760734
370,2024-05-27 13:51:58,1.0,2.13,3.27,1.07,17.0,39.0,1016.0,16.6,51.477172113656316,-0.037819675679016,6.189765348099172
371,2024-05-27 13:52:01,1.0,2.12,3.26,1.07,17.0,39.0,1015.9,16.7,51.47702904890231,-0.037749831527256,7.452090014703572
372,2024-05-27 13:52:03,1.0,2.45,3.06,1.04,17.0,39.0,1015.9,16.8,51.47676755131438,-0.037572837964394,6.465744218789041
373,2024-05-27 13:52:06,1.0,2.11,3.17,1.0,,,,,51.47691106567632,-0.037674085121915,6.994544502347708
374,2024-05-27 13:52:08,1.0,2.4,3.44,1.0,,,,,51.477054580038256,-0.037775332279436,7.523344785906374
375,2024-05-27 13:52:10,1.0,2.29,3.23,1.0,,,,,51.47702355617271,-0.0377524901357605,7.537242475897074
376,2024-05-27 13:52:13,1.0,1.84,3.22,1.0,17.0,39.0,1015.9,16.9,51.476992532307165,-0.037729647992085,7.551140165887773
377,2024-05-27 13:52:15,1.0,1.98,2.8,1.0,17.0,39.0,1015.9,17.0,51.47695361845668,-0.0377128321915855,7.609194812364876
378,2024-05-27 13:52:18,1.0,1.89,3.12,1.0,17.0,39.0,1015.8,16.9,51.4769147046062,-0.037696016391086,7.66724945884198
379,2024-05-27 13:52:20,1.0,1.7,2.91,1.0,17.0,39.0,1015.8,17.0,51.47688721222047,-0.0376889311319595,7.553551262244582
380,2024-05-27 13:52:22,1.0,1.95,3.11,1.0,17.0,39.0,1015.9,17.1,51.476859719834735,-0.037681845872833,7.439853065647185
381,2024-05-27 13:52:25,1.0,1.67,2.8,1.0,17.0,40.0,1015.8,17.2,51.47682613688984,-0.037660384116375,7.092097801156342
382,2024-05-27 13:52:27,1.0,1.92,3.01,1.0,17.0,40.0,1015.8,17.3,51.47679255394495,-0.037638922359917,6.744342536665499
383,2024-05-27 13:52:30,1.0,2.04,2.64,1.0,17.0,39.0,1015.8,17.2,51.476794549293444,-0.0375805984397925,6.867671443149447
384,2024-05-27 13:52:32,1.0,1.78,2.92,1.0,17.0,39.0,1015.8,16.9,51.47679654464194,-0.037522274519668,6.991000349633396
385,2024-05-27 13:52:34,1.0,2.12,2.81,1.0,17.0,39.0,1015.8,17.2,51.47679853999043,-0.037463950599543494,7.114329256117344
386,2024-05-27 13:52:37,1.0,1.75,2.96,1.0,17.0,39.0,1015.8,17.1,51.47680053533893,-0.037405626679419,7.237658162601292
387,2024-05-27 13:52:39,1.0,1.8,3.01,1.0,17.0,40.0,1015.8,17.2,51.476835912521096,-0.037381096876396,7.181853955611587
388,2024-05-27 13:52:41,1.0,1.88,3.11,1.0,17.0,41.0,1015.8,17.2,51.47686367042274,-0.037346408753307,7.166943821124732
389,2024-05-27 13:52:44,1.0,1.87,3.1,1.0,17.0,40.0,1015.9,17.2,51.476904820350256,-0.037305924537902,7.02600563224405
390,2024-05-27 13:52:46,1.0,1.8,3.02,1.0,17.0,40.0,1015.8,17.3,51.47693050026317,-0.037294965042924,7.145172599703074
391,2024-05-27 13:52:49,1.0,1.84,3.06,1.0,,,,,51.47697213269129,-0.03726777407216,6.612357841804624
392,2024-05-27 13:52:51,1.0,1.82,3.05,1.0,17.0,40.0,1015.9,17.3,51.47700141459737,-0.037242096838752,6.961397117003798
393,2024-05-27 13:52:53,1.0,1.92,3.15,1.0,17.0,41.0,1015.9,17.2,51.47702580156935,-0.037227411862846,7.00775015540421
394,2024-05-27 13:52:56,1.0,1.99,2.74,1.0,17.0,41.0,1015.9,17.1,51.47706351968584,-0.03721621691305,6.615775340236723
395,2024-05-27 13:52:58,1.0,2.06,2.82,1.0,17.0,39.0,1015.9,17.1,51.47708274755269,-0.037214518148833,6.737009956501424
396,2024-05-27 13:53:01,1.0,1.99,2.73,1.0,,,,,51.47722333683008,-0.037197028024216,6.491726470179856
397,2024-05-27 13:53:03,1.0,1.94,3.18,1.0,17.0,39.0,1015.9,17.2,51.47713869481461,-0.037184937399426,6.526872005313635
398,2024-05-27 13:53:03,1.0,1.94,3.18,1.0,17.0,39.0,1015.9,17.2,51.47750681659353,-0.037280089739294,5.489536278881133
399,2024-05-27 13:53:05,1.0,1.7,2.9,1.0,,,,,51.47716448900098,-0.03717862290866,6.235323335975409
400,2024-05-27 13:53:05,1.0,1.7,2.9,1.0,,,,,51.47775783667384,-0.037394918525063,5.645913691259921
401,2024-05-27 13:53:08,1.0,2.06,2.75,1.0,,,,,51.47720341985097,-0.037185604431356,6.315178160555661
402,2024-05-27 13:53:10,1.0,1.91,3.07,1.0,17.0,39.0,1015.8,17.2,51.477236518497136,-0.0372016129330045,6.1983684012666345
403,2024-05-27 13:53:13,1.0,1.81,2.96,1.0,17.0,39.0,1015.9,17.0,51.47726961714329,-0.037217621434653,6.081558641977608
404,2024-05-27 13:53:15,1.0,1.56,2.67,1.0,,,,,51.47730285745156,-0.037223986439701,6.0527790184132755
405,2024-05-27 13:53:17,1.0,1.64,2.76,1.0,17.0,39.0,1015.9,17.1,51.477336097759824,-0.037230351444749,6.023999394848943
406,2024-05-27 13:53:20,1.0,1.74,2.87,1.0,17.0,39.0,1015.8,17.3,51.47736997784578,-0.03723635618249,5.632741356734186
407,2024-05-27 13:53:22,1.0,1.92,3.09,1.0,17.0,39.0,1015.9,17.4,51.47740385793173,-0.037242360920231,5.24148331861943
408,2024-05-27 13:53:25,1.0,2.0,2.67,1.0,18.0,38.0,1015.9,17.5,51.47744451449958,-0.03725809848543783,5.336435020901263
409,2024-05-27 13:53:27,1.0,1.9,3.13,1.0,18.0,39.0,1015.8,17.6,51.47748517106742,-0.03727383605064467,5.4313867231830955
410,2024-05-27 13:53:32,1.0,1.72,2.93,1.0,17.0,43.0,1015.9,17.4,51.47752582763526,-0.0372895736158515,5.526338425464928
411,2024-05-27 13:53:34,1.0,1.84,3.07,1.0,17.0,44.0,1015.8,17.3,51.47756648420311,-0.03730531118105833,5.621290127746761
412,2024-05-27 13:53:37,1.0,1.92,3.16,1.0,,,,,51.47760714077096,-0.03732104874626516,5.7162418300285935
413,2024-05-27 13:53:41,1.0,2.03,2.78,1.0,17.0,45.0,1015.9,17.2,51.4776477973388,-0.037336786311472,5.811193532310426
414,2024-05-27 13:53:44,1.0,2.09,2.85,1.0,17.0,46.0,1016.0,17.1,51.47769453748625,-0.037355828461632,5.82845423463732
415,2024-05-27 13:53:46,1.0,1.85,3.16,1.0,17.0,47.0,1015.9,17.1,51.47771744558573,-0.037360927750444,6.059290317818522
416,2024-05-27 13:53:49,1.0,1.78,3.08,1.0,,,,,51.47774366345355,-0.037390586882463,5.650503994897008
417,2024-05-27 13:53:51,1.0,2.07,2.84,1.0,17.0,44.0,1015.9,17.0,51.47777336465872,-0.037396329262739,5.935116313397884
418,2024-05-27 13:53:53,1.0,2.05,2.81,1.0,17.0,45.0,1015.9,17.0,51.4778006669497,-0.037405707640468,5.339743600226939
419,2024-05-27 13:53:56,1.0,1.99,2.75,1.0,17.0,46.0,1016.0,16.9,51.47783954020286,-0.037419528241392,5.662861222401261
420,2024-05-27 13:53:58,1.0,2.01,2.77,1.0,17.0,44.0,1015.9,16.8,51.47786326268808,-0.037428648067348,5.511648459360004
421,2024-05-27 13:54:01,1.0,2.04,2.8,1.0,17.0,43.0,1015.9,16.9,51.477876294669535,-0.037361602999508,5.719461943022907
422,2024-05-27 13:54:01,1.0,2.04,2.8,1.0,17.0,43.0,1015.9,16.9,51.477790164587155,-0.037177393208797,5.556377408094704
423,2024-05-27 13:54:03,1.0,1.98,2.73,1.0,17.0,42.0,1015.9,17.0,51.47785863867278,-0.037324810450821,5.463640581816435
424,2024-05-27 13:54:03,1.0,1.98,2.73,1.0,17.0,42.0,1015.9,17.0,51.47760808475621,-0.036925121327939,5.181978621520102
425,2024-05-27 13:54:05,1.0,1.95,3.2,1.0,,,,,51.47742092044025,-0.03658778999321,5.262869918718934
426,2024-05-27 13:54:08,1.0,1.86,3.1,1.0,17.0,42.0,1016.0,17.1,51.477808194549006,-0.037210047282653,4.557896186597645
427,2024-05-27 13:54:10,1.0,1.96,3.2,1.0,17.0,43.0,1015.9,17.2,51.47778947211108,-0.037171171468101505,5.166932173073292
428,2024-05-27 13:54:13,1.0,2.02,2.78,1.0,,,,,51.47777074967315,-0.03713229565355,5.775968159548938
429,2024-05-27 13:54:15,1.0,2.15,2.93,1.0,17.0,44.0,1016.0,17.0,51.477750147293136,-0.0371102047800185,5.748736548703164
430,2024-05-27 13:54:17,1.0,1.81,3.12,1.0,17.0,41.0,1015.9,17.2,51.47772954491312,-0.037088113906487,5.7215049378573895
431,2024-05-27 13:54:20,1.0,1.91,3.22,1.0,17.0,41.0,1015.8,17.3,51.477708942533106,-0.0370660230329555,5.694273327011615
432,2024-05-27 13:54:22,1.0,2.21,3.08,1.0,17.0,41.0,1015.8,17.4,51.477688340153094,-0.037043932159424,5.667041716165841
433,2024-05-27 13:54:25,1.0,2.16,3.09,1.0,18.0,39.0,1015.8,17.5,51.47766614220963,-0.037007856596801,5.306708671618253
434,2024-05-27 13:54:27,1.0,2.42,3.47,1.0,18.0,39.0,1015.9,17.5,51.477643944266156,-0.036971781034178,4.946375627070665
435,2024-05-27 13:54:29,1.0,2.41,3.54,1.05,18.0,40.0,1015.8,17.6,51.4776211737221,-0.036938199834821,5.12950573861599
436,2024-05-27 13:54:32,1.0,2.39,3.58,1.12,18.0,41.0,1015.8,17.7,51.47759293652859,-0.036890136558503,5.38541373051703
437,2024-05-27 13:54:34,1.01,2.44,3.15,1.12,18.0,45.0,1015.9,17.7,51.47756948414822,-0.036850587089290496,5.155697920825332
438,2024-05-27 13:54:37,1.0,2.26,3.44,1.1,18.0,48.0,1015.9,17.8,51.47754603176785,-0.036811037620078,4.925982111133635
439,2024-05-27 13:54:39,1.0,2.37,3.49,1.05,18.0,46.0,1015.8,17.8,51.477528119975204,-0.036779922860152,4.825373443774879
440,2024-05-27 13:54:41,1.0,2.16,3.25,1.02,18.0,44.0,1015.9,17.8,51.47750833255523,-0.036747576482377,5.040105389431119
441,2024-05-27 13:54:44,1.0,2.34,3.38,1.0,18.0,43.0,1015.8,17.9,51.477482825409915,-0.0367021475349875,5.019595771096647
442,2024-05-27 13:54:46,1.0,1.95,2.94,1.0,18.0,42.0,1015.8,17.9,51.4774573182646,-0.036656718587598,4.999086152762175
443,2024-05-27 13:54:49,1.0,2.19,3.14,1.0,18.0,43.0,1015.8,17.9,51.47742758662468,-0.03659743914032,5.329241720028222
444,2024-05-27 13:54:51,1.0,1.92,3.32,1.0,18.0,42.0,1015.8,18.0,51.477409612347486,-0.03656352473840433,5.466649969108403
445,2024-05-27 13:54:53,1.0,2.03,2.95,1.0,18.0,44.0,1015.7,18.0,51.4773916380703,-0.03652961033648867,5.604058218188584
446,2024-05-27 13:54:56,1.0,2.14,3.08,1.0,18.0,46.0,1015.8,18.0,51.47737366379311,-0.036495695934573,5.741466467268765
447,2024-05-27 13:54:58,1.0,2.11,3.04,1.0,18.0,44.0,1015.8,18.0,51.4773495375118,-0.036472649122787,5.627408760599792
448,2024-05-27 13:55:01,1.0,1.9,3.3,1.0,18.0,42.0,1015.8,17.9,51.47731970100937,-0.036422536465756,5.782398609444499
449,2024-05-27 13:55:01,1.0,1.9,3.3,1.0,18.0,42.0,1015.8,17.9,51.477235887750204,-0.036301609521165,5.417687946930528
450,2024-05-27 13:55:03,1.0,2.22,3.1,1.0,18.0,41.0,1015.8,17.9,51.477297523780614,-0.036394766159986,5.99210193566978
451,2024-05-27 13:55:03,1.0,2.22,3.1,1.0,18.0,41.0,1015.8,17.9,51.47703809391151,-0.035986498246143,6.13861586805433
452,2024-05-27 13:55:05,1.0,2.04,2.89,1.0,18.0,40.0,1015.9,17.9,51.47727813745064,-0.03636760999964,5.951168416067958
453,2024-05-27 13:55:05,1.0,2.04,2.89,1.0,18.0,40.0,1015.9,17.9,51.47690428868912,-0.035576509548936,8.40969678107649
454,2024-05-27 13:55:08,1.0,1.9,3.23,1.0,18.0,40.0,1015.8,17.8,51.477254763223016,-0.036334487165895,5.485154516063631
455,2024-05-27 13:55:10,1.0,1.85,3.18,1.0,18.0,40.0,1015.7,17.8,51.477232240190524,-0.0362914767428225,5.542837370187044
456,2024-05-27 13:55:13,1.0,1.93,3.27,1.0,18.0,42.0,1015.8,17.6,51.47720971715803,-0.03624846631975,5.600520224310458
457,2024-05-27 13:55:15,1.0,2.18,3.05,1.0,17.0,42.0,1015.8,17.2,51.47719257388494,-0.036228601759062,5.835997374728322
458,2024-05-27 13:55:17,1.0,1.9,3.31,1.0,17.0,41.0,1015.8,17.3,51.47717040762187,-0.036196869708551,5.728684801608324
459,2024-05-27 13:55:20,1.0,2.24,3.2,1.0,17.0,42.0,1015.8,17.4,51.47714659392473,-0.0361587252475715,5.797027911990881
460,2024-05-27 13:55:22,1.0,1.95,2.95,1.0,17.0,43.0,1015.8,17.3,51.47712278022759,-0.036120580786592,5.865371022373438
461,2024-05-27 13:55:25,1.0,2.45,3.03,1.0,17.0,43.0,1015.9,16.9,51.47709097524055,-0.036078471040241,5.50978125538677
462,2024-05-27 13:55:27,1.0,2.05,3.14,1.02,16.0,43.0,1015.8,16.4,51.477070727469695,-0.036036340140379,5.784860454499722
463,2024-05-27 13:55:29,1.0,2.46,3.04,1.0,,,,,51.47704749838374,-0.036002068576612,5.924033610150218
464,2024-05-27 13:55:32,1.0,2.15,3.27,1.03,16.0,43.0,1015.9,16.4,51.47702261522217,-0.03595968993641,6.231359554454684
465,2024-05-27 13:55:34,1.0,2.27,3.4,1.05,17.0,41.0,1015.9,16.7,51.477006505219535,-0.03593745047407,6.680676098912954
466,2024-05-27 13:55:37,1.0,2.09,3.2,1.03,17.0,41.0,1015.8,16.9,51.476978944902164,-0.035899285182452,6.951835376210511
467,2024-05-27 13:55:39,1.0,2.1,3.21,1.03,17.0,41.0,1015.8,17.0,51.47695929227524,-0.035851225013634996,7.423436336219311
468,2024-05-27 13:55:41,1.0,2.31,3.46,1.06,,,,,51.47693963964831,-0.035803164844818,7.895037296228111
469,2024-05-27 13:55:44,1.0,2.18,3.38,1.11,17.0,42.0,1015.8,17.0,51.476910017259804,-0.035737471996347,7.928370841778815
470,2024-05-27 13:55:46,1.0,2.35,3.58,1.14,17.0,41.0,1015.8,16.9,51.47689723091555,-0.035700228695137,7.608349774032831
471,2024-05-27 13:55:49,1.05,2.24,3.53,1.2,17.0,41.0,1015.8,17.0,51.47690354727084,-0.0356247619653145,7.917179528158158
472,2024-05-27 13:55:51,1.06,2.37,3.69,1.22,17.0,41.0,1015.8,17.1,51.47690986362613,-0.035549295235492,8.226009282283485
473,2024-05-27 13:55:53,1.05,2.29,3.59,1.21,17.0,41.0,1015.9,17.2,51.47692968880482,-0.035499046193278,8.062456263229251
474,2024-05-27 13:55:56,1.05,2.25,3.55,1.2,17.0,41.0,1015.8,17.2,51.47696137643412,-0.035457756087489,7.493916391395032
475,2024-05-27 13:55:58,1.06,2.38,3.7,1.22,17.0,41.0,1015.8,17.3,51.47698326230688,-0.03541806485115,7.66865474358201
476,2024-05-27 13:56:01,1.06,2.34,3.66,1.22,17.0,42.0,1015.7,17.3,51.477010855459994,-0.035395744902796,7.746657257899642
477,2024-05-27 13:56:03,1.05,2.28,3.59,1.21,17.0,42.0,1015.8,17.4,51.4770384486131,-0.035373424954442,7.824659772217274
478,2024-05-27 13:56:03,1.05,2.28,3.59,1.21,17.0,42.0,1015.8,17.4,51.477232172811,-0.034905414489779,6.627224480733275
479,2024-05-27 13:56:05,1.04,2.2,3.5,1.2,18.0,41.0,1015.8,17.5,51.477063942512416,-0.035339493408817,7.465668322518468
480,2024-05-27 13:56:08,1.03,2.57,3.34,1.18,17.0,47.0,1015.7,17.4,51.47709357691283,-0.035299062366361336,7.355731246061623
481,2024-05-27 13:56:10,1.0,2.37,3.61,1.15,17.0,51.0,1015.7,17.3,51.477123211313234,-0.035258631323905665,7.245794169604779
482,2024-05-27 13:56:13,1.0,2.53,3.22,1.1,17.0,48.0,1015.7,17.4,51.47715284571365,-0.03521820028145,7.135857093147934
483,2024-05-27 13:56:15,1.0,2.41,3.58,1.08,17.0,44.0,1015.8,17.4,51.477166725931546,-0.035180220333751,6.807261354289949
484,2024-05-27 13:56:17,1.0,2.26,3.48,1.13,17.0,43.0,1015.7,17.4,51.477190809399865,-0.03513865388728433,6.86935352627188
485,2024-05-27 13:56:20,1.03,2.58,3.35,1.18,,,,,51.477214892868176,-0.035097087440817666,6.93144569825381
486,2024-05-27 13:56:22,1.07,2.45,3.28,1.23,17.0,42.0,1015.7,17.4,51.477238976336494,-0.035055520994351,6.993537870235741
487,2024-05-27 13:56:25,1.13,2.36,3.75,1.29,17.0,42.0,1015.8,17.4,51.477257306592904,-0.03501769482364,6.767369959503412
488,2024-05-27 13:56:27,1.12,2.3,3.69,1.28,18.0,41.0,1015.8,17.5,51.47723522626494,-0.034951821349295,6.795832651667297
489,2024-05-27 13:56:29,1.1,2.63,3.49,1.26,18.0,41.0,1015.7,17.6,51.47721314593698,-0.03488594787495,6.8242953438311815
490,2024-05-27 13:56:34,1.07,2.38,3.7,1.22,18.0,41.0,1015.7,17.8,51.47719106560901,-0.034820074400605,6.852758035995066
491,2024-05-27 13:56:37,1.04,2.21,3.5,1.19,18.0,41.0,1015.6,18.0,51.4771657842486,-0.034765875030617996,6.929249245207757
492,2024-05-27 13:56:39,1.06,2.31,3.62,1.21,18.0,42.0,1015.7,18.0,51.47714050288819,-0.034711675660631,7.005740454420447
493,2024-05-27 13:56:41,1.06,2.37,3.69,1.22,18.0,43.0,1015.8,18.1,51.47711484351885,-0.034685856981209,6.983682383783162
494,2024-05-27 13:56:44,1.04,2.19,3.48,1.19,18.0,42.0,1015.8,18.1,51.47708467900453,-0.034629384274344,6.937621345743537
495,2024-05-27 13:56:46,1.01,2.46,3.2,1.15,18.0,41.0,1015.7,18.1,51.4770610159592,-0.03458846675596,6.69703525211662
496,2024-05-27 13:56:49,1.0,2.33,3.56,1.13,,,,,51.47703586940279,-0.034531731495752,6.903356266207993
497,2024-05-27 13:56:51,1.0,2.24,3.45,1.12,18.0,41.0,1015.7,18.0,51.47701279952515,-0.034505130182181,7.109521880745888
498,2024-05-27 13:56:54,1.0,2.11,3.3,1.1,18.0,40.0,1015.7,18.1,51.47697298753943,-0.0344910565239025,7.64571594260633
499,2024-05-27 13:56:56,1.0,2.33,3.55,1.13,,,,,51.47693317555372,-0.034476982865624,8.181910004466772
500,2024-05-27 13:56:58,1.01,2.45,3.19,1.15,18.0,40.0,1015.7,18.0,51.47689899909044,-0.034461003376359,8.050341097638011
501,2024-05-27 13:57:01,1.0,2.31,3.53,1.13,18.0,40.0,1015.7,17.9,51.47685315106328,-0.034435306996402,8.17502889316529
502,2024-05-27 13:57:01,1.0,2.31,3.53,1.13,18.0,40.0,1015.7,17.9,51.476692153514,-0.034375614417384,8.551871026866138
503,2024-05-27 13:57:03,1.0,2.54,3.22,1.09,,,,,51.47682272151653,-0.034427554300988,8.599638011306524
504,2024-05-27 13:57:03,1.0,2.54,3.22,1.09,,,,,51.47632536258968,-0.034311994145622,9.610310371033847
505,2024-05-27 13:57:05,1.0,2.47,3.13,1.08,18.0,41.0,1015.7,17.9,51.47677769264573,-0.034422290355793,8.17862556874752
506,2024-05-27 13:57:05,1.0,2.47,3.13,1.08,18.0,41.0,1015.7,17.9,51.47594071386922,-0.034211325638976,13.806210310198367
507,2024-05-27 13:57:08,1.0,2.24,3.45,1.12,18.0,40.0,1015.6,18.0,51.4767293781062,-0.034391842601813,8.407912546768785
508,2024-05-27 13:57:10,1.01,2.46,3.2,1.15,18.0,41.0,1015.7,17.9,51.476683387371395,-0.034388674386424,8.240487448871136
509,2024-05-27 13:57:13,1.0,2.36,3.59,1.14,18.0,40.0,1015.6,17.6,51.4766373966366,-0.034385506171035,8.073062350973487
510,2024-05-27 13:57:15,1.0,2.12,3.31,1.1,18.0,39.0,1015.7,17.5,51.476602053596764,-0.034390642099905,8.339583212509751
511,2024-05-27 13:57:17,1.0,2.08,3.26,1.09,18.0,39.0,1015.6,17.6,51.47656671055694,-0.034395778028775,8.606104074046016
512,2024-05-27 13:57:20,1.0,2.34,3.56,1.13,18.0,39.0,1015.6,17.5,51.47651980745891,-0.0343765907493205,8.764534742571414
513,2024-05-27 13:57:22,1.08,2.49,3.31,1.22,17.0,41.0,1015.5,17.3,51.476472904360875,-0.034357403469866,8.922965411096811
514,2024-05-27 13:57:25,1.13,2.42,3.31,1.28,17.0,41.0,1015.5,17.4,51.476408447268774,-0.034341958450738,9.445606243796647
515,2024-05-27 13:57:27,1.15,2.59,3.5,1.31,17.0,41.0,1015.4,17.3,51.47636990450784,-0.034323571314586,9.554893889464438
516,2024-05-27 13:57:29,1.15,2.55,3.45,1.3,17.0,42.0,1015.4,17.4,51.47633714422914,-0.034317156365371,9.593796338886023
517,2024-05-27 13:57:32,1.14,2.45,3.33,1.29,18.0,40.0,1015.4,17.5,51.47629330709393,-0.034307097669713,9.702130503952503
518,2024-05-27 13:57:34,1.1,2.66,3.5,1.24,18.0,40.0,1015.4,17.6,51.476259725873525,-0.034294601353541,10.159104661084712
519,2024-05-27 13:57:37,1.06,2.39,3.69,1.2,18.0,40.0,1015.3,17.6,51.47621322022105,-0.0342794687071705,10.447541928850114
520,2024-05-27 13:57:39,1.07,2.46,3.27,1.21,,,,,51.47616671456857,-0.0342643360608,10.735979196615517
521,2024-05-27 13:57:41,1.11,2.27,3.63,1.26,18.0,40.0,1015.3,17.5,51.47612260659273,-0.03424803248782,11.502189807593822
522,2024-05-27 13:57:44,1.11,2.71,3.56,1.25,17.0,42.0,1015.3,17.4,51.47607310985478,-0.0342367748605855,12.06942728254944
523,2024-05-27 13:57:46,1.08,2.53,3.35,1.22,18.0,39.0,1015.3,17.5,51.47602361311684,-0.034225517233351,12.63666475750506
524,2024-05-27 13:57:49,1.09,2.55,3.37,1.23,17.0,41.0,1015.1,17.3,51.47597562306959,-0.034226980369421,13.292659736704081
525,2024-05-27 13:57:51,1.07,2.47,3.28,1.22,17.0,41.0,1015.0,17.3,51.47592763302233,-0.034228443505491,13.948654715903103
526,2024-05-27 13:57:53,1.1,2.65,3.49,1.24,,,,,51.47589381784858,-0.034283128054954,13.642523617483675
527,2024-05-27 13:57:56,1.12,2.34,3.71,1.27,17.0,41.0,1015.0,17.2,51.47586669674701,-0.034351852530368,14.23068013228476
528,2024-05-27 13:57:58,1.14,2.45,3.34,1.29,17.0,41.0,1015.0,17.1,51.47585980126841,-0.034415769853069336,13.970460606118044
529,2024-05-27 13:58:01,1.13,2.36,3.74,1.27,17.0,41.0,1014.9,17.2,51.475852905789814,-0.034479687175770664,13.710241079951325
530,2024-05-27 13:58:03,1.09,2.62,3.46,1.24,17.0,41.0,1014.9,17.3,51.475846010311216,-0.034543604498472,13.450021553784609
531,2024-05-27 13:58:03,1.09,2.62,3.46,1.24,17.0,41.0,1014.9,17.3,51.47565785317824,-0.035241014854752,13.289804543368518
532,2024-05-27 13:58:05,1.06,2.36,3.66,1.2,17.0,41.0,1014.9,17.2,51.475647851706476,-0.036039538346899,15.277985567227006
533,2024-05-27 13:58:08,1.04,2.23,3.5,1.18,17.0,41.0,1014.8,17.0,51.47583828679879,-0.03465443592388,13.347339031286538
534,2024-05-27 13:58:10,1.05,2.27,3.55,1.19,17.0,41.0,1015.0,17.0,51.47583549484173,-0.034718629142954996,13.89408609829843
535,2024-05-27 13:58:13,1.09,2.59,3.41,1.23,17.0,40.0,1015.0,16.6,51.475832702884674,-0.03478282236203,14.440833165310323
536,2024-05-27 13:58:15,1.17,2.7,3.62,1.32,16.0,42.0,1015.0,16.4,51.47581426068073,-0.034827691216321996,14.073858558665961
537,2024-05-27 13:58:17,1.19,2.41,3.87,1.35,16.0,42.0,1015.1,15.9,51.47579581847678,-0.034872560070614,13.706883952021599
538,2024-05-27 13:58:20,1.19,2.37,3.82,1.35,16.0,42.0,1015.0,15.9,51.47574367147037,-0.034939673358712994,13.215917245019227
539,2024-05-27 13:58:22,1.15,2.52,3.42,1.3,16.0,42.0,1015.1,15.6,51.47569152446396,-0.035006786646812,12.724950538016856
540,2024-05-27 13:58:25,1.08,2.49,3.31,1.22,16.0,42.0,1015.0,15.6,51.47566932856243,-0.03510755269523,13.115584814921021
541,2024-05-27 13:58:27,1.0,2.12,3.3,1.09,16.0,42.0,1014.9,15.6,51.47566131562968,-0.035161228616515,13.225934598594904
542,2024-05-27 13:58:29,1.0,2.23,3.35,1.04,16.0,42.0,1014.9,15.7,51.47565606427357,-0.03522984201924433,13.493109661154449
543,2024-05-27 13:58:32,1.0,2.32,3.37,1.0,15.0,44.0,1015.0,15.4,51.47565081291746,-0.03529845542197367,13.760284723713994
544,2024-05-27 13:58:34,1.0,1.97,2.97,1.0,15.0,45.0,1014.9,15.4,51.47564556156135,-0.035367068824703,14.027459786273539
545,2024-05-27 13:58:37,1.0,1.9,3.39,1.0,15.0,44.0,1015.0,15.3,51.47564776131039,-0.035466453841352,12.923007691279054
546,2024-05-27 13:58:39,1.0,2.15,3.09,1.0,15.0,44.0,1014.8,15.2,51.475649487086564,-0.035561254852983,13.507667377125472
547,2024-05-27 13:58:41,1.0,2.18,3.13,1.0,,,,,51.475651212862736,-0.035656055864614,14.09232706297189
548,2024-05-27 13:58:44,1.0,2.17,3.12,1.0,15.0,45.0,1014.8,15.3,51.47564922635384,-0.035761912349233,14.038540289271623
549,2024-05-27 13:58:46,1.0,2.36,3.34,1.0,15.0,45.0,1014.8,15.2,51.47564723984493,-0.035867768833852,13.984753515571356
550,2024-05-27 13:58:49,1.0,2.18,3.21,1.0,15.0,45.0,1014.7,15.2,51.475658228128715,-0.03600959577993,14.73507952876389
551,2024-05-27 13:58:51,1.0,2.18,3.29,1.02,15.0,45.0,1014.7,15.3,51.47563276064759,-0.0360823210934475,15.117848218884319
552,2024-05-27 13:58:53,1.0,2.26,3.37,1.03,15.0,45.0,1014.8,15.2,51.47560729316646,-0.036155046406965,15.500616909004748
553,2024-05-27 13:58:56,1.0,2.18,3.28,1.02,15.0,45.0,1014.7,15.2,51.47558182568534,-0.0362277717204825,15.883385599125177
554,2024-05-27 13:58:58,1.0,2.2,3.3,1.02,15.0,45.0,1014.6,15.3,51.475556358204216,-0.036300497034,16.266154289245605
555,2024-05-27 13:59:01,1.0,2.16,3.26,1.02,15.0,45.0,1014.7,15.4,51.47550100246172,-0.036383593285573,16.393480082042515
556,2024-05-27 13:59:01,1.0,2.16,3.26,1.02,15.0,45.0,1014.7,15.4,51.47560613778862,-0.036779536108002,14.805014904588461
557,2024-05-27 13:59:03,1.0,2.18,3.28,1.02,15.0,45.0,1014.7,15.3,51.47552488034814,-0.036445052418524,16.02135205361992
558,2024-05-27 13:59:03,1.0,2.18,3.28,1.02,15.0,45.0,1014.7,15.3,51.475496031016455,-0.037696019011493,14.282637501135468
559,2024-05-27 13:59:05,1.0,2.33,3.45,1.04,,,,,51.475541440024884,-0.036548337000036,14.99605614040047
560,2024-05-27 13:59:08,1.0,2.18,3.35,1.09,15.0,45.0,1014.7,15.4,51.47557868294742,-0.036684500785858,15.758088803850114
561,2024-05-27 13:59:10,1.02,2.52,3.24,1.14,15.0,45.0,1014.8,15.4,51.47557734352701,-0.036799347356582995,14.918712452985346
562,2024-05-27 13:59:13,1.04,2.18,3.43,1.16,16.0,43.0,1014.8,15.5,51.4755760041066,-0.036914193927308,14.079336102120578
563,2024-05-27 13:59:15,1.1,2.68,3.51,1.24,16.0,43.0,1014.7,15.6,51.47557787479487,-0.036992900040804,13.313107652589679
564,2024-05-27 13:59:17,1.15,2.56,3.44,1.29,16.0,43.0,1014.9,15.7,51.47557557310768,-0.037117217182241,14.096719096414745
565,2024-05-27 13:59:20,1.21,2.56,3.52,1.36,16.0,43.0,1014.8,15.6,51.47556148526287,-0.037226218257799495,14.306787343230098
566,2024-05-27 13:59:22,1.24,2.76,3.75,1.39,16.0,43.0,1014.9,15.8,51.47554739741806,-0.037335219333358,14.516855590045452
567,2024-05-27 13:59:25,1.24,2.75,3.74,1.39,16.0,43.0,1014.8,15.9,51.475535957566,-0.037451664959289,14.580678908154368
568,2024-05-27 13:59:27,1.22,2.59,3.56,1.37,16.0,43.0,1014.8,16.0,51.47552131324159,-0.03754987050377,14.138305015861988
569,2024-05-27 13:59:29,1.22,2.58,3.55,1.37,16.0,43.0,1014.9,16.0,51.4755071302842,-0.037653026424914,14.354518082924187
570,2024-05-27 13:59:32,1.21,2.52,3.48,1.36,16.0,43.0,1014.9,16.1,51.475478883387794,-0.037788009352168,14.013874421827495
571,2024-05-27 13:59:34,1.17,2.72,3.63,1.32,16.0,43.0,1015.0,16.1,51.47545765758145,-0.037877420087021,13.707644104026258
572,2024-05-27 13:59:37,1.11,2.29,3.64,1.26,16.0,43.0,1015.0,16.2,51.475447314750674,-0.038025828467582,14.9422244457528
573,2024-05-27 13:59:39,1.06,2.34,3.63,1.2,16.0,43.0,1014.9,16.2,51.475417263345115,-0.038082002224066,15.108520159497857
574,2024-05-27 13:59:41,1.08,2.54,3.36,1.23,16.0,43.0,1014.9,16.3,51.47539971242629,-0.03813246198125,15.133776023983955
575,2024-05-27 13:59:44,1.13,2.37,3.74,1.28,16.0,43.0,1014.9,16.4,51.47535664086934,-0.038289135688609,14.406797709874809
576,2024-05-27 13:59:46,1.16,2.64,3.56,1.32,17.0,41.0,1015.0,16.5,51.475319207100384,-0.038395224360112,14.740447973832488
577,2024-05-27 13:59:49,1.16,2.63,3.56,1.32,,,,,51.47528165113483,-0.038538712774108,14.291705810464919
578,2024-05-27 13:59:51,1.14,2.5,3.4,1.3,,,,,51.47526024890239,-0.038615505182684,14.2172228442505
579,2024-05-27 13:59:53,1.1,2.64,3.48,1.25,,,,,51.4752396074976,-0.038709270978604,14.275261644273996
580,2024-05-27 13:59:56,1.0,2.4,3.64,1.14,17.0,41.0,1014.9,16.5,51.475186911417325,-0.038848074349458,13.83201910648495
581,2024-05-27 13:59:58,1.0,2.41,3.57,1.07,17.0,41.0,1015.0,16.6,51.47516097631577,-0.038944823651563,13.438678901642561
582,2024-05-27 14:00:01,1.0,2.06,3.17,1.02,,,,,51.47512242591466,-0.039065548001992,13.57357955398038
583,2024-05-27 14:00:03,1.0,2.34,3.41,1.0,17.0,41.0,1014.9,16.7,51.47508387551356,-0.039186272352421,13.7084802063182
584,2024-05-27 14:00:05,1.0,2.01,3.11,1.02,17.0,41.0,1015.0,16.8,51.475027746556364,-0.039631453772976,15.29250262863934
585,2024-05-27 14:00:08,2.77,4.21,5.61,3.16,17.0,41.0,1014.9,16.8,51.47501772053928,-0.0395953519795745,14.403439243324101
586,2024-05-27 14:00:10,3.66,5.26,6.26,4.18,17.0,41.0,1015.0,16.9,51.47500769452219,-0.039559250186173,13.514375858008862
587,2024-05-27 14:00:13,3.83,5.57,6.77,4.36,17.0,41.0,1014.9,16.9,51.474997668505104,-0.039523148392771504,12.625312472693622
588,2024-05-27 14:00:15,3.63,5.5,6.44,4.13,17.0,41.0,1014.9,17.0,51.47498764248802,-0.03948704659937,11.736249087378383
589,2024-05-27 14:00:17,3.6,5.25,6.65,4.09,,,,,51.47497390953573,-0.039539179790559,12.097628041170537
590,2024-05-27 14:00:20,3.52,5.15,6.45,4.0,,,,,51.47497388666824,-0.039574194963869665,12.29659929126501
591,2024-05-27 14:00:22,3.39,5.14,6.28,3.85,17.0,41.0,1014.8,16.9,51.47497386380075,-0.039609210137180335,12.495570541359484
592,2024-05-27 14:00:25,3.14,4.68,6.01,3.56,17.0,41.0,1014.8,16.7,51.47497384093326,-0.039644225310491,12.694541791453958
593,2024-05-27 14:00:27,2.96,4.3,5.41,3.36,17.0,41.0,1014.9,16.6,51.4749788703863,-0.039653034971837,13.204589582979679
594,2024-05-27 14:00:29,2.8,4.5,5.41,3.17,17.0,41.0,1014.9,16.8,51.47498596000559,-0.039625264383017,13.068310000002384
595,2024-05-27 14:00:32,2.53,3.87,4.94,2.86,,,,,51.47499039788011,-0.039622125360095,13.621187618002295
596,2024-05-27 14:00:34,2.41,3.95,4.88,2.72,17.0,41.0,1014.9,16.9,51.47498756727574,-0.039629089782166,13.87444412522018
597,2024-05-27 14:00:37,2.33,3.8,5.12,2.63,,,,,51.475002754266086,-0.039633685675285496,14.257738419109955
598,2024-05-27 14:00:39,2.26,3.81,5.05,2.55,17.0,42.0,1014.9,17.0,51.47501794125643,-0.039638281568405,14.641032712999731
599,2024-05-27 14:00:41,2.18,3.62,4.75,2.45,17.0,42.0,1014.8,17.0,51.47503312824678,-0.0396428774615245,15.024327006889507
600,2024-05-27 14:00:44,2.05,3.64,4.61,2.31,17.0,42.0,1014.9,17.0,51.475048315237125,-0.039647473354644,15.407621300779283
601,2024-05-27 14:00:46,1.97,3.53,4.41,2.22,,,,,51.47503918636591,-0.039638338103553994,15.372822696808726
602,2024-05-27 14:00:49,1.86,3.12,4.36,2.09,17.0,42.0,1014.8,17.1,51.4750300574947,-0.039629202852464,15.338024092838168
603,2024-05-27 14:00:51,1.81,3.25,4.43,2.03,,,,,51.47502028110285,-0.039631283848276,15.186045976355672
604,2024-05-27 14:00:53,1.77,2.96,4.1,1.99,17.0,42.0,1015.0,17.1,51.47500183804469,-0.039638508020123,14.99647549726069
605,2024-05-27 14:00:56,1.77,3.42,4.06,1.99,17.0,42.0,1014.9,17.1,51.47500799292371,-0.039625776621539,15.094812719151378
606,2024-05-27 14:00:58,1.78,3.03,4.18,2.01,,,,,51.47499821774456,-0.039619321122212,14.91562472563237
607,2024-05-27 14:01:01,1.79,3.1,4.26,2.01,17.0,42.0,1014.9,17.2,51.474991185063956,-0.039609855848259504,14.715944749303162
608,2024-05-27 14:01:03,1.77,3.42,4.06,1.99,17.0,42.0,1014.9,17.1,51.47498415238334,-0.039600390574307,14.516264772973955
609,2024-05-27 14:01:05,1.76,3.33,4.45,1.97,,,,,51.47501280221932,-0.039629659696866,14.010429358109832
610,2024-05-27 14:01:08,1.75,3.3,4.41,1.97,17.0,42.0,1014.9,17.2,,,
611,2024-05-27 14:01:10,1.74,3.24,4.34,1.96,17.0,42.0,1015.0,17.2,,,
612,2024-05-27 14:01:13,1.69,3.31,4.35,1.9,17.0,42.0,1014.9,17.2,,,
613,2024-05-27 14:01:15,1.63,2.83,4.29,1.83,,,,,,,
614,2024-05-27 14:01:17,1.55,2.7,4.06,1.73,,,,,,,
615,2024-05-27 14:01:20,1.5,2.84,4.15,1.68,,,,,,,
616,2024-05-27 14:01:22,1.45,2.94,3.68,1.62,17.0,42.0,1014.9,17.3,,,
617,2024-05-27 14:01:25,1.41,2.62,3.81,1.58,17.0,42.0,1014.8,17.3,,,
618,2024-05-27 14:01:27,1.45,2.91,3.64,1.62,17.0,42.0,1014.9,17.3,,,
619,2024-05-27 14:01:29,1.47,3.07,3.83,1.64,17.0,42.0,1014.8,17.3,,,
620,2024-05-27 14:01:32,1.48,2.65,3.92,1.65,,,,,,,
621,2024-05-27 14:01:34,1.47,3.08,3.82,1.63,,,,,,,
622,2024-05-27 14:01:37,1.51,2.94,3.74,1.68,17.0,42.0,1014.9,17.3,,,
623,2024-05-27 14:01:39,1.59,3.07,3.96,1.77,17.0,42.0,1014.8,17.3,,,
