time,pm_1,pm_25,pm_10,pm_4
2024-06-09 12:39:52,2.66,4.11,5.06,2.82
2024-06-09 12:39:55,2.63,3.88,4.8,2.79
2024-06-09 12:39:57,2.62,4.27,5.17,2.77
2024-06-09 12:39:59,2.55,3.74,5.07,2.7
2024-06-09 12:40:02,2.56,3.75,5.09,2.7
2024-06-09 12:40:04,2.55,4.19,5.01,2.69
2024-06-09 12:40:07,2.52,4.0,4.79,2.67
2024-06-09 12:40:09,2.48,3.65,4.9,2.62
2024-06-09 12:40:11,2.46,3.97,4.69,2.6
2024-06-09 12:40:14,2.41,3.61,4.78,2.55
2024-06-09 12:40:16,2.52,3.95,4.74,2.66
2024-06-09 12:40:19,2.74,4.18,5.21,2.89
2024-06-09 12:40:21,2.99,4.18,5.49,3.16
2024-06-09 12:40:23,3.11,4.64,5.59,3.29
2024-06-09 12:40:26,3.22,4.5,5.57,3.4
2024-06-09 12:40:28,3.33,4.89,5.58,3.52
2024-06-09 12:40:31,3.4,4.91,5.67,3.59
2024-06-09 12:40:33,3.44,4.73,6.04,3.64
2024-06-09 12:40:35,3.44,4.73,6.03,3.63
2024-06-09 12:40:38,3.43,4.64,5.93,3.62
2024-06-09 12:40:40,3.5,4.76,6.14,3.71
2024-06-09 12:40:43,3.55,5.09,6.02,3.75
2024-06-09 12:40:45,3.53,4.95,5.86,3.73
2024-06-09 12:40:47,3.51,4.84,5.73,3.72
2024-06-09 12:40:50,3.49,5.12,5.98,3.69
2024-06-09 12:40:52,3.51,4.77,6.15,3.71
2024-06-09 12:40:55,3.53,5.0,5.91,3.74
2024-06-09 12:40:57,3.5,4.74,6.12,3.7
2024-06-09 12:40:59,3.45,4.82,6.14,3.65
2024-06-09 12:41:02,3.39,4.84,5.59,3.58
2024-06-09 12:41:04,3.28,4.52,5.66,3.47
2024-06-09 12:41:07,3.19,4.81,5.85,3.38
2024-06-09 12:41:09,3.06,4.73,5.61,3.23
2024-06-09 12:41:11,3.05,4.67,5.55,3.23
2024-06-09 12:41:14,3.11,4.63,5.57,3.29
2024-06-09 12:41:16,3.13,4.31,5.78,3.31
2024-06-09 12:41:19,3.12,4.71,5.66,3.3
2024-06-09 12:41:21,3.08,4.41,5.32,3.26
2024-06-09 12:41:23,3.03,4.55,5.41,3.21
2024-06-09 12:41:26,2.96,4.46,5.24,3.13
2024-06-09 12:41:28,2.97,4.56,5.35,3.14
2024-06-09 12:41:31,3.04,4.6,5.46,3.22
2024-06-09 12:41:33,3.08,4.39,5.3,3.25
2024-06-09 12:41:35,3.13,4.77,5.73,3.31
2024-06-09 12:41:38,3.15,4.43,5.41,3.33
2024-06-09 12:41:40,3.2,4.88,5.43,3.39
2024-06-09 12:41:43,3.26,4.84,5.45,3.45
2024-06-09 12:41:45,3.35,4.55,5.77,3.54
2024-06-09 12:41:47,3.38,4.81,6.06,3.58
2024-06-09 12:41:50,3.38,4.78,6.02,3.57
2024-06-09 12:41:52,3.34,4.95,5.65,3.53
2024-06-09 12:41:55,3.3,4.64,5.8,3.49
2024-06-09 12:41:57,3.26,4.82,5.93,3.45
2024-06-09 12:41:59,3.22,4.48,5.54,3.4
2024-06-09 12:42:02,3.17,4.63,5.64,3.35
2024-06-09 12:42:04,3.14,4.35,5.33,3.32
2024-06-09 12:42:07,3.1,4.58,5.52,3.28
2024-06-09 12:42:09,3.03,4.49,5.34,3.2
2024-06-09 12:42:11,2.98,4.59,5.39,3.15
2024-06-09 12:42:14,2.94,4.26,5.52,3.1
2024-06-09 12:42:16,2.92,4.17,5.41,3.09
2024-06-09 12:42:19,2.89,4.43,5.13,3.06
2024-06-09 12:42:21,2.84,4.03,5.18,3.01
2024-06-09 12:42:23,2.85,4.07,5.23,3.01
2024-06-09 12:42:26,2.87,4.24,5.41,3.03
2024-06-09 12:42:28,2.89,4.39,5.09,3.06
2024-06-09 12:42:31,2.86,4.17,5.34,3.03
2024-06-09 12:42:33,2.8,4.18,5.28,2.96
2024-06-09 12:42:35,2.8,4.17,5.27,2.96
2024-06-09 12:42:38,2.82,4.37,4.99,2.98
2024-06-09 12:42:40,2.84,4.02,5.17,3.01
2024-06-09 12:42:43,2.8,4.21,5.32,2.96
2024-06-09 12:42:45,2.8,4.22,5.33,2.97
2024-06-09 12:42:47,2.84,4.49,5.14,3.0
2024-06-09 12:42:50,2.87,4.26,5.44,3.04
2024-06-09 12:42:52,2.88,4.31,5.5,3.04
2024-06-09 12:42:55,2.89,4.39,5.1,3.06
2024-06-09 12:42:57,2.9,4.46,5.17,3.06
2024-06-09 12:42:59,2.88,4.29,5.48,3.04
2024-06-09 12:43:02,2.86,4.15,5.32,3.02
2024-06-09 12:43:04,2.87,4.24,5.42,3.04
2024-06-09 12:43:07,2.88,4.35,5.54,3.05
2024-06-09 12:43:09,2.86,4.17,5.35,3.03
2024-06-09 12:43:11,2.83,4.45,5.08,3.0
2024-06-09 12:43:14,2.82,4.35,5.47,2.98
2024-06-09 12:43:16,2.83,4.41,5.04,2.99
2024-06-09 12:43:19,2.89,4.42,5.13,3.06
2024-06-09 12:43:21,2.88,4.33,5.52,3.05
2024-06-09 12:43:23,2.84,4.04,5.19,3.01
2024-06-09 12:43:26,2.79,4.07,5.16,2.95
2024-06-09 12:43:28,2.79,4.09,5.18,2.95
2024-06-09 12:43:31,2.84,4.03,5.18,3.01
2024-06-09 12:43:33,2.9,4.49,5.2,3.07
2024-06-09 12:43:35,2.94,4.34,5.6,3.11
2024-06-09 12:43:38,2.89,4.43,5.14,3.06
2024-06-09 12:43:40,2.84,4.02,5.17,3.01
2024-06-09 12:43:43,2.72,4.04,5.05,2.87
2024-06-09 12:43:45,2.66,4.08,5.03,2.81
2024-06-09 12:43:47,2.59,4.01,4.88,2.74
2024-06-09 12:43:50,2.57,3.89,4.74,2.72
2024-06-09 12:43:52,2.57,3.86,5.21,2.72
2024-06-09 12:43:55,2.62,4.24,5.14,2.77
2024-06-09 12:43:57,2.63,3.88,4.8,2.79
2024-06-09 12:43:59,2.6,4.14,5.02,2.75
2024-06-09 12:44:02,2.54,4.16,4.98,2.69
2024-06-09 12:44:04,2.51,3.88,4.66,2.65
2024-06-09 12:44:07,2.52,3.99,4.78,2.67
2024-06-09 12:44:09,2.59,4.07,4.94,2.74
2024-06-09 12:44:11,2.68,4.2,5.17,2.83
2024-06-09 12:44:14,2.77,3.98,5.05,2.93
2024-06-09 12:44:16,2.86,4.2,5.37,3.03
2024-06-09 12:44:19,3.04,4.57,5.43,3.21
2024-06-09 12:44:21,3.15,4.43,5.42,3.33
2024-06-09 12:44:23,3.27,4.94,5.57,3.46
2024-06-09 12:44:26,3.45,4.84,5.67,3.65
2024-06-09 12:44:28,3.58,4.82,5.78,3.78
2024-06-09 12:44:31,3.62,5.17,6.18,3.83
2024-06-09 12:44:33,3.66,5.02,6.08,3.87
2024-06-09 12:44:35,3.8,5.08,6.28,4.02
2024-06-09 12:44:38,3.79,5.01,6.2,4.01
2024-06-09 12:44:40,3.69,5.24,6.33,3.9
2024-06-09 12:44:43,3.67,5.1,6.17,3.89
2024-06-09 12:44:45,3.62,5.14,6.15,3.82
2024-06-09 12:44:47,3.47,5.0,5.84,3.67
2024-06-09 12:44:50,3.39,4.83,6.08,3.58
2024-06-09 12:44:52,3.25,4.75,5.86,3.44
2024-06-09 12:44:55,3.15,4.47,5.46,3.33
2024-06-09 12:44:57,3.08,4.39,5.3,3.26
2024-06-09 12:44:59,3.01,4.32,5.65,3.18
2024-06-09 12:45:02,2.99,4.2,5.51,3.16
2024-06-09 12:45:04,2.97,4.55,5.34,3.14
2024-06-09 12:45:07,2.99,4.19,5.5,3.16
2024-06-09 12:45:09,3.02,4.43,5.28,3.19
2024-06-09 12:45:11,3.04,4.6,5.46,3.22
2024-06-09 12:45:14,3.05,4.69,5.57,3.23
2024-06-09 12:45:16,3.08,4.37,5.28,3.25
2024-06-09 12:45:19,3.1,4.54,5.47,3.27
2024-06-09 12:45:21,3.04,4.55,5.41,3.21
2024-06-09 12:45:23,3.02,4.44,5.29,3.2
2024-06-09 12:45:26,3.06,4.73,5.62,3.23
2024-06-09 12:45:28,3.11,4.63,5.57,3.29
2024-06-09 12:45:31,3.1,4.54,5.47,3.28
2024-06-09 12:45:33,3.01,4.33,5.66,3.18
2024-06-09 12:45:35,2.91,4.09,5.32,3.08
2024-06-09 12:45:38,2.8,4.23,5.34,2.97
2024-06-09 12:45:40,2.69,4.32,5.3,2.85
2024-06-09 12:45:43,2.69,4.29,5.27,2.84
2024-06-09 12:45:45,2.62,3.78,5.18,2.77
2024-06-09 12:45:47,2.59,4.01,4.88,2.74
2024-06-09 12:45:50,2.57,3.9,4.75,2.72
2024-06-09 12:45:52,2.52,3.99,4.79,2.67
2024-06-09 12:45:55,2.51,3.89,4.67,2.65
2024-06-09 12:45:57,2.59,4.03,4.9,2.74
2024-06-09 12:45:59,2.65,3.97,4.9,2.8
2024-06-09 12:46:02,2.73,4.14,5.16,2.89
2024-06-09 12:46:04,2.88,4.34,5.54,3.05
2024-06-09 12:46:07,2.99,4.16,5.47,3.16
2024-06-09 12:46:09,3.06,4.28,5.67,3.24
2024-06-09 12:46:11,3.12,4.76,5.72,3.3
2024-06-09 12:46:14,3.15,4.47,5.46,3.33
2024-06-09 12:46:16,3.18,4.66,5.68,3.36
2024-06-09 12:46:19,3.16,4.56,5.56,3.34
2024-06-09 12:46:21,3.14,4.39,5.37,3.32
2024-06-09 12:46:23,3.13,4.78,5.74,3.31
2024-06-09 12:46:26,3.1,4.6,5.54,3.28
2024-06-09 12:46:28,3.08,4.38,5.29,3.25
2024-06-09 12:46:31,3.07,4.33,5.73,3.25
2024-06-09 12:46:33,3.09,4.44,5.36,3.26
2024-06-09 12:46:35,3.07,4.31,5.71,3.24
2024-06-09 12:46:38,3.11,4.67,5.62,3.29
2024-06-09 12:46:40,3.14,4.39,5.37,3.32
2024-06-09 12:46:43,3.17,4.65,5.66,3.36
2024-06-09 12:46:45,3.12,4.7,5.65,3.3
2024-06-09 12:46:47,3.07,4.34,5.75,3.25
2024-06-09 12:46:50,2.99,4.22,5.54,3.17
2024-06-09 12:46:52,3.02,4.44,5.29,3.2
2024-06-09 12:46:55,3.02,4.45,5.3,3.2
2024-06-09 12:46:57,3.01,4.34,5.67,3.18
2024-06-09 12:46:59,2.99,4.21,5.52,3.16
2024-06-09 12:47:02,3.06,4.72,5.6,3.23
2024-06-09 12:47:04,3.14,4.38,5.35,3.32
2024-06-09 12:47:07,3.25,4.75,5.85,3.44
2024-06-09 12:47:09,3.32,4.84,5.53,3.52
2024-06-09 12:47:11,3.29,4.56,5.71,3.48
2024-06-09 12:47:14,3.27,4.87,5.49,3.45
2024-06-09 12:47:16,3.28,4.48,5.61,3.47
2024-06-09 12:47:19,3.26,4.86,5.47,3.45
2024-06-09 12:47:21,3.25,4.72,5.81,3.43
2024-06-09 12:47:23,3.22,4.54,5.62,3.41
2024-06-09 12:47:26,3.26,4.87,5.48,3.45
2024-06-09 12:47:28,3.23,4.63,5.71,3.42
2024-06-09 12:47:31,3.16,4.51,5.51,3.34
2024-06-09 12:47:33,3.11,4.62,5.56,3.29
2024-06-09 12:47:35,3.08,4.37,5.28,3.25
2024-06-09 12:47:38,3.07,4.3,5.7,3.24
2024-06-09 12:47:40,3.07,4.35,5.26,3.25
2024-06-09 12:47:43,3.06,4.26,5.65,3.24
2024-06-09 12:47:45,3.03,4.52,5.38,3.21
2024-06-09 12:47:47,2.98,4.59,5.39,3.15
2024-06-09 12:47:50,2.92,4.14,5.37,3.09
2024-06-09 12:47:52,2.86,4.14,5.3,3.02
2024-06-09 12:47:54,2.84,4.48,5.12,3.0
2024-06-09 12:47:57,2.88,4.32,5.51,3.05
2024-06-09 12:47:59,2.92,4.11,5.35,3.08
2024-06-09 12:48:02,2.89,4.43,5.14,3.06
2024-06-09 12:48:04,2.86,4.14,5.3,3.02
2024-06-09 12:48:07,2.82,4.37,4.99,2.98
2024-06-09 12:48:09,2.81,4.3,5.41,2.98
2024-06-09 12:48:11,2.85,4.06,5.21,3.01
2024-06-09 12:48:14,2.89,4.38,5.08,3.05
2024-06-09 12:48:16,2.91,4.52,5.24,3.07
2024-06-09 12:48:18,2.95,4.38,5.14,3.12
2024-06-09 12:48:21,3.02,4.41,5.25,3.19
2024-06-09 12:48:23,3.1,4.53,5.47,3.27
2024-06-09 12:48:26,3.22,4.51,5.57,3.4
2024-06-09 12:48:28,3.3,4.64,5.8,3.49
2024-06-09 12:48:30,3.32,4.83,6.01,3.51
2024-06-09 12:48:33,3.35,5.01,5.72,3.54
2024-06-09 12:48:35,3.39,4.89,5.65,3.59
2024-06-09 12:48:38,3.36,4.65,5.88,3.56
2024-06-09 12:48:40,3.33,4.87,5.56,3.52
2024-06-09 12:48:42,3.29,4.57,5.72,3.48
2024-06-09 12:48:45,3.28,4.47,5.6,3.47
2024-06-09 12:48:47,3.25,4.79,5.89,3.44
2024-06-09 12:48:50,3.2,4.82,5.86,3.38
2024-06-09 12:48:52,3.16,4.56,5.57,3.35
2024-06-09 12:48:54,3.19,4.79,5.83,3.38
2024-06-09 12:48:57,3.22,4.49,5.56,3.4
2024-06-09 12:48:59,3.14,4.34,5.32,3.32
2024-06-09 12:49:02,3.09,4.51,5.44,3.27
2024-06-09 12:49:04,3.07,4.36,5.27,3.25
2024-06-09 12:49:06,2.98,4.65,5.45,3.16
2024-06-09 12:49:09,2.89,4.39,5.09,3.06
2024-06-09 12:49:11,2.8,4.17,5.27,2.96
2024-06-09 12:49:14,2.78,4.04,5.12,2.94
2024-06-09 12:49:16,2.81,4.3,5.42,2.98
2024-06-09 12:49:18,2.85,4.1,5.26,3.02
2024-06-09 12:49:21,2.9,4.45,5.16,3.06
2024-06-09 12:49:23,2.88,4.31,5.5,3.04
2024-06-09 12:49:26,2.85,4.05,5.2,3.01
2024-06-09 12:49:28,2.83,4.39,5.02,2.99
2024-06-09 12:49:30,2.82,4.38,5.01,2.99
2024-06-09 12:49:33,2.79,4.15,5.24,2.96
2024-06-09 12:49:35,2.79,4.13,5.22,2.95
2024-06-09 12:49:38,2.85,4.05,5.2,3.01
2024-06-09 12:49:40,3.07,4.32,5.72,3.25
2024-06-09 12:49:42,3.17,4.63,5.65,3.35
2024-06-09 12:49:45,3.25,4.76,5.86,3.44
2024-06-09 12:49:47,3.34,4.98,5.68,3.53
2024-06-09 12:49:50,3.39,4.9,5.66,3.59
2024-06-09 12:49:52,3.46,4.88,5.7,3.65
2024-06-09 12:49:54,3.43,4.71,6.02,3.63
2024-06-09 12:49:57,3.48,5.05,5.9,3.68
2024-06-09 12:49:59,3.53,5.0,5.92,3.74
2024-06-09 12:50:02,3.53,4.98,5.89,3.74
2024-06-09 12:50:04,3.47,4.98,5.82,3.67
2024-06-09 12:50:06,3.46,4.91,5.74,3.66
2024-06-09 12:50:09,3.47,4.95,5.79,3.66
2024-06-09 12:50:11,3.38,4.76,6.01,3.57
2024-06-09 12:50:14,3.33,4.92,5.61,3.53
2024-06-09 12:50:16,3.25,4.78,5.88,3.44
2024-06-09 12:50:18,3.25,4.72,5.81,3.43
2024-06-09 12:50:21,3.24,4.7,5.8,3.43
2024-06-09 12:50:23,3.15,4.49,5.49,3.34
2024-06-09 12:50:26,3.06,4.72,5.6,3.23
2024-06-09 12:50:28,2.93,4.22,5.46,3.1
2024-06-09 12:50:30,2.84,4.5,5.14,3.0
2024-06-09 12:50:33,2.74,4.24,5.28,2.9
2024-06-09 12:50:35,2.79,4.1,5.19,2.95
2024-06-09 12:50:38,2.84,4.04,5.2,3.01
2024-06-09 12:50:40,2.98,4.61,5.41,3.15
2024-06-09 12:50:42,3.04,4.61,5.48,3.22
2024-06-09 12:50:45,3.03,4.5,5.35,3.2
2024-06-09 12:50:47,2.96,4.49,5.27,3.13
2024-06-09 12:50:50,2.89,4.37,5.07,3.05
2024-06-09 12:50:52,2.75,4.29,5.34,2.91
2024-06-09 12:50:54,2.69,4.31,5.29,2.84
2024-06-09 12:50:57,2.7,3.89,4.88,2.85
2024-06-09 12:50:59,2.7,3.93,4.93,2.86
2024-06-09 12:51:02,2.72,4.03,5.04,2.87
2024-06-09 12:51:04,2.78,4.04,5.12,2.94
2024-06-09 12:51:06,2.84,4.02,5.17,3.01
2024-06-09 12:51:09,2.95,4.38,5.15,3.12
2024-06-09 12:51:11,3.01,4.35,5.19,3.18
2024-06-09 12:51:14,3.03,4.54,5.41,3.21
2024-06-09 12:51:16,3.07,4.31,5.71,3.24
2024-06-09 12:51:18,3.05,4.69,5.57,3.23
2024-06-09 12:51:21,2.99,4.2,5.51,3.16
2024-06-09 12:51:23,2.98,4.62,5.42,3.15
2024-06-09 12:51:26,2.97,4.5,5.29,3.14
2024-06-09 12:51:28,2.92,4.17,5.4,3.09
2024-06-09 12:51:30,2.85,4.05,5.21,3.01
2024-06-09 12:51:33,2.76,4.35,5.4,2.92
2024-06-09 12:51:35,2.76,4.4,4.96,2.92
2024-06-09 12:51:38,2.85,4.06,5.21,3.01
2024-06-09 12:51:40,2.83,4.45,5.09,3.0
2024-06-09 12:51:42,2.81,4.28,5.39,2.97
2024-06-09 12:51:45,2.79,4.08,5.16,2.95
2024-06-09 12:51:47,2.77,3.98,5.06,2.93
2024-06-09 12:51:50,2.75,4.29,5.33,2.91
2024-06-09 12:51:52,2.75,4.33,5.38,2.91
2024-06-09 12:51:54,2.75,4.28,5.33,2.91
2024-06-09 12:51:57,2.68,4.24,5.21,2.83
2024-06-09 12:51:59,2.63,3.83,5.25,2.78
2024-06-09 12:52:02,2.57,3.88,4.73,2.72
2024-06-09 12:52:04,2.52,3.99,4.79,2.67
2024-06-09 12:52:06,2.5,3.85,5.12,2.65
2024-06-09 12:52:09,2.42,3.66,4.83,2.56
2024-06-09 12:52:11,2.37,3.78,4.9,2.51
2024-06-09 12:52:14,2.38,3.85,4.99,2.52
2024-06-09 12:52:16,2.44,3.83,5.04,2.58
2024-06-09 12:52:18,2.65,3.97,4.9,2.8
2024-06-09 12:52:21,2.79,4.12,5.22,2.95
2024-06-09 12:52:23,2.87,4.21,5.38,3.03
2024-06-09 12:52:26,2.91,4.56,5.28,3.08
2024-06-09 12:52:28,2.92,4.12,5.36,3.09
2024-06-09 12:52:30,2.93,4.2,5.44,3.1
2024-06-09 12:52:33,2.89,4.41,5.11,3.06
2024-06-09 12:52:35,2.82,4.36,4.99,2.98
2024-06-09 12:52:38,2.76,4.37,4.92,2.92
2024-06-09 12:52:40,2.69,4.34,5.32,2.85
2024-06-09 12:52:42,2.63,3.87,5.28,2.78
2024-06-09 12:52:45,2.6,4.11,4.99,2.75
2024-06-09 12:52:47,2.6,4.08,4.96,2.75
2024-06-09 12:52:50,2.63,3.87,4.79,2.79
2024-06-09 12:52:52,2.66,4.06,5.01,2.81
2024-06-09 12:52:54,2.75,4.27,5.31,2.9
2024-06-09 12:52:57,2.8,4.2,5.31,2.96
2024-06-09 12:52:59,2.88,4.32,5.51,3.05
2024-06-09 12:53:02,2.96,4.43,5.21,3.13
2024-06-09 12:53:04,2.96,4.49,5.27,3.13
2024-06-09 12:53:06,2.97,4.5,5.28,3.14
2024-06-09 12:53:09,3.04,4.58,5.45,3.21
2024-06-09 12:53:11,3.1,4.57,5.5,3.28
2024-06-09 12:53:14,3.18,4.69,5.71,3.36
2024-06-09 12:53:16,3.26,4.81,5.92,3.45
2024-06-09 12:53:18,3.32,4.8,5.98,3.51
2024-06-09 12:53:21,3.33,4.88,5.57,3.52
2024-06-09 12:53:23,3.35,5.04,5.75,3.54
2024-06-09 12:53:26,3.46,4.89,5.72,3.66
2024-06-09 12:53:28,3.5,4.73,6.11,3.7
2024-06-09 12:53:30,3.52,4.91,5.81,3.73
2024-06-09 12:53:33,3.5,4.75,6.13,3.7
2024-06-09 12:53:35,3.5,4.72,6.1,3.7
2024-06-09 12:53:38,3.48,5.04,5.89,3.68
2024-06-09 12:53:40,3.5,4.76,6.14,3.71
2024-06-09 12:53:42,3.55,5.1,6.02,3.75
2024-06-09 12:53:45,3.63,5.26,6.28,3.84
2024-06-09 12:53:47,3.61,5.13,6.13,3.82
2024-06-09 12:53:50,3.59,4.96,5.93,3.8
2024-06-09 12:53:52,3.55,5.12,6.05,3.75
2024-06-09 12:53:54,3.52,4.89,5.79,3.72
2024-06-09 12:53:57,3.52,4.87,5.77,3.72
2024-06-09 12:53:59,3.57,5.25,6.2,3.77
2024-06-09 12:54:02,3.57,4.78,6.23,3.77
2024-06-09 12:54:04,3.58,4.85,5.81,3.78
2024-06-09 12:54:06,3.5,4.72,6.1,3.7
2024-06-09 12:54:09,3.48,5.06,5.91,3.68
2024-06-09 12:54:11,3.47,4.96,5.8,3.67
2024-06-09 12:54:14,3.45,4.8,6.12,3.64
2024-06-09 12:54:16,3.42,5.09,5.88,3.62
2024-06-09 12:54:18,3.35,5.02,5.73,3.54
2024-06-09 12:54:21,3.29,4.56,5.71,3.48
2024-06-09 12:54:23,3.26,4.83,5.94,3.45
2024-06-09 12:54:26,3.28,4.48,5.61,3.47
2024-06-09 12:54:28,3.36,4.61,5.83,3.55
2024-06-09 12:54:30,3.38,4.76,6.0,3.57
2024-06-09 12:54:33,3.32,4.83,6.01,3.51
2024-06-09 12:54:35,3.27,4.87,5.49,3.45
2024-06-09 12:54:38,3.24,4.67,5.76,3.43
2024-06-09 12:54:40,3.23,4.56,5.64,3.41
2024-06-09 12:54:42,3.31,4.71,5.87,3.5
2024-06-09 12:54:45,3.37,4.68,5.91,3.56
2024-06-09 12:54:47,3.45,4.81,6.13,3.65
2024-06-09 12:54:50,3.47,5.02,5.87,3.67
2024-06-09 12:54:52,3.46,4.87,5.7,3.65
2024-06-09 12:54:54,3.42,5.1,5.88,3.62
2024-06-09 12:54:57,3.39,4.83,5.58,3.58
2024-06-09 12:54:59,3.32,4.79,5.96,3.51
2024-06-09 12:55:02,3.31,4.7,5.86,3.5
2024-06-09 12:55:04,3.38,4.76,6.0,3.57
2024-06-09 12:55:06,3.44,4.72,6.03,3.63
2024-06-09 12:55:09,3.46,4.88,5.71,3.66
2024-06-09 12:55:11,3.52,4.91,5.81,3.73
2024-06-09 12:55:14,3.52,4.92,5.83,3.73
2024-06-09 12:55:16,3.52,4.91,5.81,3.73
2024-06-09 12:55:18,3.47,5.02,5.87,3.67
2024-06-09 12:55:21,3.46,4.95,5.79,3.66
2024-06-09 12:55:23,3.52,4.86,5.76,3.72
2024-06-09 12:55:26,3.51,4.83,5.72,3.71
2024-06-09 12:55:28,3.44,4.71,6.02,3.63
2024-06-09 12:55:30,3.46,4.9,5.74,3.66
2024-06-09 12:55:33,3.53,4.95,5.85,3.73
2024-06-09 12:55:35,3.58,4.83,5.79,3.78
2024-06-09 12:55:38,3.63,5.26,6.28,3.84
2024-06-09 12:55:40,3.74,5.1,6.24,3.95
2024-06-09 12:55:42,3.82,5.28,6.51,4.04
2024-06-09 12:55:45,4.06,5.7,6.7,4.3
2024-06-09 12:55:47,4.15,5.4,6.5,4.39
2024-06-09 12:55:50,4.23,5.51,6.7,4.47
2024-06-09 12:55:52,4.27,5.8,6.53,4.51
2024-06-09 12:55:54,4.28,5.93,6.68,4.53
2024-06-09 12:55:57,4.2,5.77,6.92,4.44
2024-06-09 12:55:59,4.15,5.86,6.45,4.39
2024-06-09 12:56:02,4.07,5.75,6.76,4.31
2024-06-09 12:56:04,4.01,5.3,6.25,4.25
2024-06-09 12:56:06,4.0,5.72,6.65,4.23
2024-06-09 12:56:09,4.01,5.28,6.72,4.24
2024-06-09 12:56:11,3.99,5.6,6.52,4.22
2024-06-09 12:56:14,3.94,5.19,6.55,4.16
2024-06-09 12:56:16,3.86,5.54,6.31,4.08
2024-06-09 12:56:18,3.82,5.26,6.49,4.04
2024-06-09 12:56:21,3.79,5.01,6.2,4.01
2024-06-09 12:56:23,3.73,5.09,6.22,3.95
2024-06-09 12:56:26,3.72,4.99,6.11,3.94
2024-06-09 12:56:28,3.65,4.9,5.94,3.86
2024-06-09 12:56:30,3.58,4.85,5.81,3.78
2024-06-09 12:56:33,3.39,4.83,6.08,3.58
2024-06-09 12:56:35,3.28,4.52,5.66,3.47
2024-06-09 12:56:38,3.19,4.8,5.84,3.38
2024-06-09 12:56:40,3.18,4.73,5.75,3.37
2024-06-09 12:56:42,3.18,4.69,5.71,3.36
2024-06-09 12:56:45,3.18,4.66,5.68,3.36
2024-06-09 12:56:47,3.46,4.92,5.75,3.66
2024-06-09 12:56:50,3.65,4.92,5.97,3.86
2024-06-09 12:56:52,3.71,5.39,6.0,3.92
2024-06-09 12:56:54,3.76,5.29,6.46,3.98
2024-06-09 12:56:57,4.02,5.35,6.3,4.25
2024-06-09 12:56:59,4.24,5.57,6.77,4.48
2024-06-09 12:57:02,4.54,5.97,7.0,4.8
2024-06-09 12:57:04,4.55,6.05,7.1,4.81
2024-06-09 12:57:06,4.56,6.13,7.18,4.82
2024-06-09 12:57:09,4.63,6.13,7.25,4.89
2024-06-09 12:57:11,4.61,6.01,7.12,4.88
2024-06-09 12:57:13,4.56,6.11,7.16,4.82
2024-06-09 12:57:16,4.51,6.24,7.24,4.77
2024-06-09 12:57:18,4.58,6.29,6.86,4.85
2024-06-09 12:57:21,4.89,6.22,7.63,5.17
2024-06-09 12:57:23,4.91,6.35,7.28,5.19
2024-06-09 12:57:25,4.84,6.33,7.18,5.12
2024-06-09 12:57:28,4.72,6.4,7.13,4.99
2024-06-09 12:57:30,4.62,6.07,7.18,4.88
2024-06-09 12:57:33,4.41,5.91,6.79,4.66
2024-06-09 12:57:35,4.25,5.67,6.88,4.5
2024-06-09 12:57:37,4.04,5.51,6.48,4.27
2024-06-09 12:57:40,3.91,5.46,6.29,4.13
2024-06-09 12:57:42,3.74,5.16,6.31,3.96
2024-06-09 12:57:45,3.54,5.06,5.98,3.75
2024-06-09 12:57:47,3.48,5.07,5.93,3.68
2024-06-09 12:57:49,3.41,5.05,5.83,3.61
2024-06-09 12:57:52,3.4,4.94,5.7,3.6
2024-06-09 12:57:54,3.33,4.91,5.6,3.53
2024-06-09 12:57:57,3.23,4.6,5.67,3.42
2024-06-09 12:57:59,3.09,4.46,5.38,3.26
2024-06-09 12:58:01,2.95,4.36,5.13,3.12
2024-06-09 12:58:04,2.89,4.43,5.13,3.06
2024-06-09 12:58:06,2.8,4.19,5.29,2.96
2024-06-09 12:58:09,2.77,3.98,5.05,2.93
2024-06-09 12:58:11,2.8,4.16,5.26,2.96
2024-06-09 12:58:13,3.03,4.52,5.38,3.21
2024-06-09 12:58:16,3.1,4.56,5.5,3.28
2024-06-09 12:58:18,3.14,4.35,5.33,3.32
2024-06-09 12:58:21,3.13,4.8,5.77,3.31
2024-06-09 12:58:23,3.06,4.24,5.63,3.24
2024-06-09 12:58:25,3.03,4.51,5.37,3.2
2024-06-09 12:58:28,3.06,4.28,5.67,3.24
2024-06-09 12:58:30,3.05,4.68,5.56,3.23
2024-06-09 12:58:33,3.0,4.3,5.62,3.18
2024-06-09 12:58:35,2.9,4.46,5.17,3.06
2024-06-09 12:58:37,2.78,4.02,5.1,2.94
2024-06-09 12:58:40,2.74,4.18,5.21,2.89
2024-06-09 12:58:42,2.71,4.0,5.01,2.87
2024-06-09 12:58:45,2.7,3.89,4.88,2.85
2024-06-09 12:58:47,2.68,4.21,5.18,2.83
2024-06-09 12:58:49,2.75,4.26,5.3,2.9
2024-06-09 12:58:52,2.85,4.11,5.27,3.02
2024-06-09 12:58:54,2.95,4.39,5.16,3.12
2024-06-09 12:58:57,2.99,4.21,5.52,3.16
2024-06-09 12:58:59,3.06,4.27,5.66,3.24
2024-06-09 12:59:01,3.16,4.57,5.57,3.35
2024-06-09 12:59:04,3.21,4.43,5.49,3.39
2024-06-09 12:59:06,3.17,4.65,5.66,3.36
2024-06-09 12:59:09,3.23,4.56,5.63,3.41
2024-06-09 12:59:11,3.2,4.85,5.39,3.38
2024-06-09 12:59:13,3.13,4.79,5.76,3.31
2024-06-09 12:59:16,3.04,4.58,5.45,3.21
2024-06-09 12:59:18,2.85,4.12,5.29,3.02
2024-06-09 12:59:21,2.75,4.26,5.31,2.9
2024-06-09 12:59:23,2.74,4.19,5.22,2.89
2024-06-09 12:59:25,2.74,4.21,5.24,2.9
2024-06-09 12:59:28,2.7,3.93,4.92,2.86
2024-06-09 12:59:30,2.66,4.12,5.07,2.82
2024-06-09 12:59:33,2.66,4.05,4.99,2.81
2024-06-09 12:59:35,2.64,3.89,4.81,2.79
2024-06-09 12:59:37,2.6,4.12,5.0,2.75
2024-06-09 12:59:40,2.56,3.77,5.11,2.71
2024-06-09 12:59:42,2.45,3.91,4.62,2.59
2024-06-09 12:59:45,2.41,3.61,4.78,2.55
2024-06-09 12:59:47,2.47,4.07,4.8,2.61
2024-06-09 12:59:49,2.56,3.77,5.1,2.7
2024-06-09 12:59:52,2.66,4.05,4.99,2.81
2024-06-09 12:59:54,2.7,3.89,4.88,2.85
2024-06-09 12:59:57,2.76,4.36,5.41,2.92
2024-06-09 12:59:59,2.85,4.11,5.28,3.02
2024-06-09 13:00:01,2.9,4.46,5.17,3.06
2024-06-09 13:00:04,2.94,4.28,5.54,3.11
2024-06-09 13:00:06,2.95,4.37,5.13,3.12
2024-06-09 13:00:09,2.94,4.34,5.6,3.11
2024-06-09 13:00:11,2.94,4.28,5.53,3.11
2024-06-09 13:00:13,2.92,4.17,5.4,3.09
2024-06-09 13:00:16,2.85,4.08,5.23,3.01
2024-06-09 13:00:18,2.83,4.41,5.04,2.99
2024-06-09 13:00:21,2.85,4.09,5.25,3.01
2024-06-09 13:00:23,2.93,4.23,5.48,3.1
2024-06-09 13:00:26,2.94,4.26,5.51,3.1
2024-06-09 13:00:28,2.98,4.63,5.43,3.15
2024-06-09 13:00:30,3.01,4.33,5.67,3.18
2024-06-09 13:00:33,3.03,4.5,5.35,3.2
2024-06-09 13:00:35,3.15,4.43,5.42,3.33
2024-06-09 13:00:37,3.24,4.67,5.75,3.43
2024-06-09 13:00:40,3.23,4.59,5.66,3.42
2024-06-09 13:00:42,3.25,4.75,5.85,3.44
2024-06-09 13:00:45,3.26,4.81,5.91,3.44
2024-06-09 13:00:47,3.23,4.61,5.7,3.42
2024-06-09 13:00:49,3.19,4.79,5.82,3.38
2024-06-09 13:00:52,3.17,4.61,5.62,3.35
2024-06-09 13:00:54,3.12,4.74,5.7,3.3
2024-06-09 13:00:57,3.06,4.24,5.63,3.24
2024-06-09 13:00:59,3.02,4.43,5.28,3.19
2024-06-09 13:01:01,2.95,4.39,5.16,3.12
2024-06-09 13:01:04,2.94,4.33,5.6,3.11
2024-06-09 13:01:06,2.92,4.12,5.35,3.09
2024-06-09 13:01:09,3.03,4.52,5.37,3.21
2024-06-09 13:01:11,3.12,4.75,5.71,3.3
2024-06-09 13:01:13,3.2,4.88,5.43,3.39
2024-06-09 13:01:16,3.27,4.93,5.55,3.46
2024-06-09 13:01:18,3.3,4.62,5.77,3.49
2024-06-09 13:01:21,3.26,4.87,5.48,3.45
2024-06-09 13:01:23,3.21,4.41,5.46,3.39
2024-06-09 13:01:25,3.12,4.72,5.67,3.3
2024-06-09 13:01:28,3.02,4.45,5.3,3.2
2024-06-09 13:01:30,2.95,4.39,5.17,3.12
2024-06-09 13:01:33,2.84,4.5,5.14,3.0
2024-06-09 13:01:35,2.73,4.17,5.19,2.89
2024-06-09 13:01:37,2.67,4.14,5.1,2.82
2024-06-09 13:01:40,2.61,4.21,5.11,2.76
2024-06-09 13:01:42,2.57,3.9,4.75,2.72
2024-06-09 13:01:45,2.58,3.93,4.78,2.73
2024-06-09 13:01:47,2.59,4.01,4.88,2.74
2024-06-09 13:01:49,2.59,4.02,4.89,2.74
2024-06-09 13:01:52,2.53,4.09,4.9,2.68
2024-06-09 13:01:54,2.54,4.11,4.92,2.68
2024-06-09 13:01:57,2.55,3.72,5.05,2.7
2024-06-09 13:01:59,2.56,3.82,5.16,2.71
2024-06-09 13:02:01,2.59,4.01,4.88,2.74
2024-06-09 13:02:04,2.65,3.97,4.9,2.8
2024-06-09 13:02:06,17.5,19.99,20.85,18.5
2024-06-09 13:02:09,18.9,21.05,22.45,19.98
2024-06-09 13:02:11,11.4,13.25,14.36,12.06
2024-06-09 13:02:13,5.39,7.16,8.13,5.7
2024-06-09 13:02:16,4.5,6.13,7.11,4.76
2024-06-09 13:02:18,4.23,5.51,6.69,4.47
2024-06-09 13:02:21,4.02,5.31,6.25,4.25
2024-06-09 13:02:23,3.75,5.23,6.38,3.97
2024-06-09 13:02:25,3.55,5.11,6.04,3.75
2024-06-09 13:02:28,3.46,4.87,5.7,3.65
2024-06-09 13:02:30,3.4,4.97,5.74,3.6
2024-06-09 13:02:33,3.28,4.52,5.66,3.47
2024-06-09 13:02:35,3.24,4.69,5.78,3.43
2024-06-09 13:02:37,3.22,4.48,5.54,3.4
2024-06-09 13:02:40,3.21,4.45,5.51,3.4
2024-06-09 13:02:42,3.21,4.4,5.45,3.39
2024-06-09 13:02:45,3.1,4.59,5.53,3.28
2024-06-09 13:02:47,3.01,4.32,5.65,3.18
2024-06-09 13:02:49,2.93,4.21,5.46,3.1
2024-06-09 13:02:52,2.91,4.53,5.25,3.07
2024-06-09 13:02:54,2.91,4.09,5.32,3.08
2024-06-09 13:02:57,2.94,4.32,5.58,3.11
2024-06-09 13:02:59,2.92,4.11,5.34,3.08
2024-06-09 13:03:01,2.87,4.27,5.45,3.04
2024-06-09 13:03:04,2.83,4.44,5.08,2.99
2024-06-09 13:03:06,2.84,4.49,5.13,3.0
2024-06-09 13:03:09,2.87,4.25,5.43,3.04
2024-06-09 13:03:11,2.94,4.28,5.54,3.11
2024-06-09 13:03:13,3.01,4.37,5.21,3.19
2024-06-09 13:03:16,3.06,4.27,5.66,3.24
2024-06-09 13:03:18,3.08,4.4,5.31,3.26
2024-06-09 13:03:21,3.11,4.66,5.61,3.29
2024-06-09 13:03:23,3.08,4.4,5.31,3.26
2024-06-09 13:03:25,3.02,4.39,5.23,3.19
2024-06-09 13:03:28,2.99,4.23,5.54,3.17
2024-06-09 13:03:30,2.91,4.08,5.31,3.08
2024-06-09 13:03:33,2.84,4.04,5.19,3.01
2024-06-09 13:03:35,2.77,3.94,5.01,2.93
2024-06-09 13:03:37,2.71,3.96,4.97,2.86
2024-06-09 13:03:40,2.65,4.04,4.98,2.81
2024-06-09 13:03:42,2.64,3.91,4.83,2.79
2024-06-09 13:03:45,2.64,3.96,4.89,2.8
2024-06-09 13:03:47,2.67,4.18,5.14,2.83
2024-06-09 13:03:49,2.64,3.92,4.85,2.79
2024-06-09 13:03:52,2.58,3.98,4.84,2.73
2024-06-09 13:03:54,2.57,3.87,5.22,2.72
2024-06-09 13:03:57,2.56,3.81,5.15,2.71
2024-06-09 13:03:59,2.56,3.76,5.1,2.7
2024-06-09 13:04:01,2.58,3.95,4.81,2.73
2024-06-09 13:04:04,2.64,3.94,4.87,2.79
2024-06-09 13:04:06,2.75,4.3,5.35,2.91
2024-06-09 13:04:09,2.8,4.21,5.31,2.96
2024-06-09 13:04:11,2.85,4.09,5.24,3.01
2024-06-09 13:04:13,2.89,4.42,5.12,3.06
2024-06-09 13:04:16,2.98,4.65,5.46,3.16
2024-06-09 13:04:18,3.17,4.64,5.65,3.36
2024-06-09 13:04:21,3.27,4.91,5.53,3.46
2024-06-09 13:04:23,3.31,4.73,5.9,3.5
2024-06-09 13:04:25,3.3,4.64,5.79,3.49
2024-06-09 13:04:28,3.28,4.97,5.6,3.47
2024-06-09 13:04:30,3.23,4.63,5.71,3.42
2024-06-09 13:04:33,3.23,4.57,5.65,3.41
2024-06-09 13:04:35,3.17,4.59,5.6,3.35
2024-06-09 13:04:37,3.11,4.67,5.62,3.29
2024-06-09 13:04:40,3.09,4.48,5.41,3.27
2024-06-09 13:04:42,3.06,4.25,5.64,3.24
2024-06-09 13:04:45,3.04,4.58,5.45,3.21
2024-06-09 13:04:47,3.02,4.45,5.3,3.2
2024-06-09 13:04:49,3.1,4.53,5.46,3.27
2024-06-09 13:04:52,3.14,4.38,5.36,3.32
2024-06-09 13:04:54,3.26,4.81,5.92,3.45
2024-06-09 13:04:57,3.31,4.7,5.86,3.5
2024-06-09 13:04:59,3.29,4.55,5.69,3.48
2024-06-09 13:05:01,3.25,4.72,5.81,3.43
2024-06-09 13:05:04,3.19,4.75,5.78,3.37
2024-06-09 13:05:06,3.06,4.25,5.64,3.24
2024-06-09 13:05:09,2.99,4.21,5.52,3.16
2024-06-09 13:05:11,2.88,4.32,5.51,3.05
2024-06-09 13:05:13,2.86,4.15,5.32,3.02
2024-06-09 13:05:16,2.87,4.22,5.4,3.03
2024-06-09 13:05:18,2.95,4.39,5.16,3.12
2024-06-09 13:05:21,3.06,4.73,5.62,3.23
2024-06-09 13:05:23,3.13,4.77,5.73,3.31
2024-06-09 13:05:25,3.1,4.56,5.49,3.28
2024-06-09 13:05:28,3.07,4.29,5.69,3.24
2024-06-09 13:05:30,3.05,4.7,5.59,3.23
2024-06-09 13:05:33,3.05,4.7,5.58,3.23
2024-06-09 13:05:35,3.09,4.45,5.37,3.26
2024-06-09 13:05:37,3.04,4.62,5.49,3.22
2024-06-09 13:05:40,2.94,4.31,5.56,3.11
2024-06-09 13:05:42,2.85,4.07,5.23,3.01
2024-06-09 13:05:45,2.79,4.09,5.18,2.95
2024-06-09 13:05:47,2.82,4.31,5.43,2.98
2024-06-09 13:05:52,2.93,4.26,5.51,3.1
2024-06-09 13:05:54,2.94,4.28,5.54,3.11
2024-06-09 13:05:57,2.95,4.38,5.14,3.12
2024-06-09 13:05:59,2.9,4.46,5.17,3.06
2024-06-09 13:06:01,2.83,4.41,5.04,2.99
2024-06-09 13:06:04,2.77,4.42,4.98,2.92
2024-06-09 13:06:06,2.74,4.23,5.27,2.9
2024-06-09 13:06:09,2.69,4.32,5.3,2.84
2024-06-09 13:06:11,2.65,4.01,4.95,2.8
2024-06-09 13:06:13,2.67,4.15,5.11,2.82
2024-06-09 13:06:16,2.75,4.29,5.34,2.91
2024-06-09 13:06:18,2.77,3.99,5.06,2.93
2024-06-09 13:06:20,2.76,4.36,4.92,2.92
2024-06-09 13:06:23,2.75,4.33,5.38,2.91
2024-06-09 13:06:25,2.73,4.17,5.2,2.89
2024-06-09 13:06:28,2.7,3.89,4.88,2.85
2024-06-09 13:06:30,2.67,4.14,5.09,2.82
2024-06-09 13:06:32,2.7,3.88,4.87,2.85
2024-06-09 13:06:35,2.75,4.27,5.31,2.9
2024-06-09 13:06:37,2.74,4.21,5.25,2.9
2024-06-09 13:06:40,2.71,3.94,4.94,2.86
2024-06-09 13:06:42,2.67,4.17,5.13,2.82
2024-06-09 13:06:44,2.68,4.24,5.21,2.83
2024-06-09 13:06:47,2.73,4.14,5.17,2.89
2024-06-09 13:06:49,2.8,4.22,5.32,2.96
2024-06-09 13:06:52,2.89,4.39,5.08,3.05
2024-06-09 13:06:54,2.94,4.29,5.55,3.11
2024-06-09 13:06:56,3.02,4.44,5.28,3.19
2024-06-09 13:06:59,3.07,4.3,5.7,3.24
2024-06-09 13:07:01,3.09,4.46,5.38,3.27
2024-06-09 13:07:04,3.05,4.67,5.55,3.23
2024-06-09 13:07:06,3.04,4.58,5.45,3.21
2024-06-09 13:07:08,2.96,4.44,5.22,3.13
2024-06-09 13:07:11,2.9,4.47,5.18,3.07
2024-06-09 13:07:13,2.85,4.07,5.22,3.01
2024-06-09 13:07:16,2.76,4.37,4.93,2.92
2024-06-09 13:07:18,2.74,4.18,5.22,2.89
2024-06-09 13:07:20,2.68,4.23,5.2,2.83
2024-06-09 13:07:23,2.65,4.04,4.98,2.81
2024-06-09 13:07:25,2.63,3.85,5.26,2.78
2024-06-09 13:07:28,2.59,4.03,4.9,2.74
2024-06-09 13:07:30,2.58,3.98,4.85,2.73
2024-06-09 13:07:32,2.59,4.05,4.92,2.74
2024-06-09 13:07:35,2.56,3.82,5.16,2.71
2024-06-09 13:07:37,2.57,3.89,4.74,2.72
2024-06-09 13:07:40,2.57,3.83,5.18,2.71
2024-06-09 13:07:42,2.54,4.13,4.94,2.69
2024-06-09 13:07:45,2.47,4.11,4.85,2.62
2024-06-09 13:07:47,2.48,3.68,4.93,2.63
2024-06-09 13:07:49,2.73,4.1,5.12,2.88
2024-06-09 13:07:52,2.84,4.03,5.18,3.01
2024-06-09 13:07:54,2.91,4.52,5.24,3.07
2024-06-09 13:07:56,2.93,4.19,5.43,3.09
2024-06-09 13:07:59,2.9,4.46,5.17,3.06
2024-06-09 13:08:01,2.86,4.15,5.31,3.02
2024-06-09 13:08:04,2.82,4.32,5.44,2.98
2024-06-09 13:08:06,2.77,4.42,4.99,2.93
2024-06-09 13:08:08,2.66,4.05,5.0,2.81
2024-06-09 13:08:11,2.58,3.96,4.82,2.73
2024-06-09 13:08:13,2.46,4.02,4.74,2.6
2024-06-09 13:08:16,2.41,3.63,4.81,2.55
2024-06-09 13:08:18,2.38,3.87,5.0,2.52
2024-06-09 13:08:21,2.37,3.8,4.93,2.51
2024-06-09 13:08:23,2.38,3.89,4.53,2.52
2024-06-09 13:08:25,2.37,3.79,4.92,2.51
2024-06-09 13:08:28,2.4,4.0,4.66,2.54
2024-06-09 13:08:30,2.56,3.76,5.09,2.7
2024-06-09 13:08:32,2.65,4.03,4.97,2.81
2024-06-09 13:08:35,2.73,4.15,5.18,2.89
2024-06-09 13:08:37,2.81,4.25,5.36,2.97
2024-06-09 13:08:40,2.85,4.08,5.23,3.01
2024-06-09 13:08:42,2.83,4.43,5.07,2.99
2024-06-09 13:08:44,2.78,4.07,5.16,2.95
2024-06-09 13:08:47,2.75,4.32,5.37,2.91
2024-06-09 13:08:49,2.77,3.93,4.99,2.93
2024-06-09 13:08:52,2.8,4.2,5.3,2.96
2024-06-09 13:08:54,2.85,4.06,5.22,3.01
2024-06-09 13:08:56,2.92,4.18,5.42,3.09
2024-06-09 13:08:59,3.04,4.57,5.44,3.21
2024-06-09 13:09:01,3.1,4.53,5.46,3.27
2024-06-09 13:09:04,3.08,4.43,5.35,3.26
2024-06-09 13:09:06,3.01,4.38,5.22,3.19
2024-06-09 13:09:08,2.94,4.29,5.55,3.11
2024-06-09 13:09:11,2.89,4.39,5.09,3.05
2024-06-09 13:09:13,2.83,4.46,5.09,3.0
2024-06-09 13:09:16,2.8,4.23,5.33,2.97
2024-06-09 13:09:18,2.71,4.02,5.02,2.87
2024-06-09 13:09:20,2.64,3.93,4.86,2.79
2024-06-09 13:09:23,2.58,3.92,4.78,2.73
2024-06-09 13:09:25,2.46,4.03,4.76,2.61
2024-06-09 13:09:28,2.42,3.71,4.89,2.56
2024-06-09 13:09:30,2.33,3.48,4.57,2.47
2024-06-09 13:09:32,2.28,3.55,4.57,2.41
2024-06-09 13:09:35,2.3,3.72,4.77,2.43
2024-06-09 13:09:37,2.32,3.88,4.95,2.45
2024-06-09 13:09:40,2.31,3.81,4.87,2.44
2024-06-09 13:09:42,2.25,3.81,4.8,2.38
2024-06-09 13:09:44,2.23,3.7,4.68,2.36
2024-06-09 13:09:47,2.22,3.6,4.57,2.35
2024-06-09 13:09:49,2.23,3.68,4.65,2.36
2024-06-09 13:09:52,2.27,3.48,4.49,2.4
2024-06-09 13:09:54,2.3,3.71,4.76,2.43
2024-06-09 13:09:56,2.3,3.74,4.79,2.43
2024-06-09 13:09:59,2.4,4.04,4.7,2.54
2024-06-09 13:10:01,2.47,4.09,4.83,2.61
2024-06-09 13:10:04,2.51,3.87,5.15,2.65
2024-06-09 13:10:06,2.57,3.87,5.22,2.72
2024-06-09 13:10:08,2.62,3.78,5.18,2.77
2024-06-09 13:10:11,2.63,3.87,4.79,2.79
2024-06-09 13:10:13,2.6,4.1,4.98,2.75
2024-06-09 13:10:16,2.54,4.16,4.98,2.69
2024-06-09 13:10:18,2.5,3.81,5.08,2.64
2024-06-09 13:10:20,2.5,3.82,5.09,2.64
2024-06-09 13:10:23,2.48,3.68,4.93,2.63
2024-06-09 13:10:25,2.44,3.81,5.01,2.58
2024-06-09 13:10:28,2.34,3.58,4.68,2.48
2024-06-09 13:10:30,2.35,3.61,4.72,2.48
2024-06-09 13:10:32,2.44,3.84,5.05,2.58
2024-06-09 13:10:35,2.56,3.81,5.15,2.71
2024-06-09 13:10:37,2.6,4.11,5.0,2.75
2024-06-09 13:10:40,2.63,3.86,5.28,2.78
2024-06-09 13:10:42,2.61,4.2,5.09,2.76
2024-06-09 13:10:44,2.59,4.06,4.93,2.74
2024-06-09 13:10:47,2.57,3.86,5.21,2.72
2024-06-09 13:10:49,2.53,4.04,4.84,2.67
2024-06-09 13:10:52,2.4,4.01,4.67,2.54
2024-06-09 13:10:54,2.37,3.78,4.91,2.51
2024-06-09 13:10:56,2.38,3.87,5.01,2.52
2024-06-09 13:10:59,2.39,3.96,4.61,2.53
2024-06-09 13:11:01,2.35,3.6,4.7,2.48
2024-06-09 13:11:04,2.39,3.93,4.57,2.53
2024-06-09 13:11:06,2.43,3.78,4.97,2.57
2024-06-09 13:11:08,2.48,3.66,4.91,2.62
2024-06-09 13:11:11,2.54,4.13,4.94,2.69
2024-06-09 13:11:13,2.55,3.73,5.06,2.7
2024-06-09 13:11:16,2.55,3.71,5.04,2.7
2024-06-09 13:11:18,2.51,3.87,5.15,2.65
2024-06-09 13:11:20,2.5,3.83,5.1,2.65
2024-06-09 13:11:23,2.51,3.9,4.68,2.65
2024-06-09 13:11:25,2.53,4.03,4.83,2.67
2024-06-09 13:11:28,2.51,3.87,4.65,2.65
2024-06-09 13:11:30,2.49,3.77,5.03,2.64
2024-06-09 13:11:32,2.48,3.66,4.9,2.62
2024-06-09 13:11:35,2.48,3.63,4.87,2.62
2024-06-09 13:11:37,2.47,4.08,4.82,2.61
2024-06-09 13:11:40,2.45,3.95,4.67,2.6
2024-06-09 13:11:42,2.46,4.0,4.73,2.6
2024-06-09 13:11:44,2.45,3.95,4.67,2.6
2024-06-09 13:11:47,2.43,3.75,4.94,2.57
2024-06-09 13:11:49,2.43,3.72,4.91,2.56
2024-06-09 13:11:52,2.46,4.01,4.74,2.6
2024-06-09 13:11:54,2.55,4.19,5.01,2.69
2024-06-09 13:11:56,2.64,3.91,4.84,2.79
2024-06-09 13:11:59,2.64,3.89,4.81,2.79
2024-06-09 13:12:01,2.64,3.89,4.82,2.79
2024-06-09 13:12:04,2.65,4.03,4.97,2.81
2024-06-09 13:12:06,2.65,4.0,4.94,2.8
2024-06-09 13:12:08,2.7,3.87,4.86,2.85
2024-06-09 13:12:11,2.71,4.01,5.02,2.87
2024-06-09 13:12:13,2.71,4.0,5.01,2.87
2024-06-09 13:12:16,2.65,4.0,4.93,2.8
2024-06-09 13:12:18,2.57,3.83,5.17,2.71
2024-06-09 13:12:20,2.43,3.75,4.94,2.57
2024-06-09 13:12:23,2.39,3.94,4.59,2.53
2024-06-09 13:12:25,2.41,3.57,4.73,2.54
2024-06-09 13:12:28,2.48,3.68,4.94,2.63
2024-06-09 13:12:30,2.53,4.08,4.89,2.68
2024-06-09 13:12:32,2.54,4.11,4.92,2.68
2024-06-09 13:12:35,2.53,4.06,4.86,2.68
2024-06-09 13:12:37,2.55,4.18,5.0,2.69
2024-06-09 13:12:40,2.59,4.01,4.88,2.74
2024-06-09 13:12:42,2.59,4.07,4.94,2.74
2024-06-09 13:12:44,2.64,3.89,4.81,2.79
2024-06-09 13:12:47,2.69,4.28,5.26,2.84
2024-06-09 13:12:49,2.79,4.11,5.2,2.95
2024-06-09 13:12:52,2.87,4.22,5.39,3.03
2024-06-09 13:12:54,2.97,4.53,5.33,3.14
2024-06-09 13:12:56,3.1,4.58,5.52,3.28
2024-06-09 13:12:59,3.21,4.41,5.46,3.39
2024-06-09 13:13:01,3.27,4.93,5.55,3.46
2024-06-09 13:13:04,3.27,4.9,5.52,3.46
2024-06-09 13:13:06,3.28,4.96,5.59,3.46
2024-06-09 13:13:08,3.29,4.56,5.7,3.48
2024-06-09 13:13:11,3.35,5.03,5.73,3.54
2024-06-09 13:13:13,3.4,4.92,5.68,3.59
2024-06-09 13:13:16,3.45,4.81,6.13,3.65
2024-06-09 13:13:20,3.41,4.98,5.75,3.6
2024-06-09 13:13:23,3.36,4.62,5.84,3.55
2024-06-09 13:13:25,3.27,4.9,5.52,3.46
2024-06-09 13:13:28,3.22,4.54,5.61,3.41
2024-06-09 13:13:30,3.18,4.66,5.68,3.36
2024-06-09 13:13:32,3.08,4.4,5.31,3.26
2024-06-09 13:13:35,3.05,4.68,5.56,3.23
2024-06-09 13:13:37,3.07,4.3,5.7,3.24
2024-06-09 13:13:40,3.07,4.35,5.25,3.25
2024-06-09 13:13:42,3.05,4.63,5.51,3.22
2024-06-09 13:13:44,2.98,4.58,5.38,3.15
2024-06-09 13:13:47,2.94,4.31,5.56,3.11
2024-06-09 13:13:49,2.89,4.42,5.13,3.06
2024-06-09 13:13:52,2.87,4.25,5.43,3.04
2024-06-09 13:13:54,2.85,4.09,5.25,3.01
2024-06-09 13:13:56,2.85,4.06,5.21,3.01
2024-06-09 13:13:59,2.81,4.24,5.34,2.97
2024-06-09 13:14:01,2.7,3.92,4.91,2.86
2024-06-09 13:14:04,2.66,4.07,5.02,2.81
2024-06-09 13:14:06,2.62,4.26,5.16,2.77
2024-06-09 13:14:08,2.64,3.94,4.86,2.79
2024-06-09 13:14:11,2.61,4.21,5.11,2.76
2024-06-09 13:14:13,2.6,4.08,4.96,2.75
2024-06-09 13:14:16,2.59,4.04,4.91,2.74
2024-06-09 13:14:18,2.6,4.13,5.02,2.75
2024-06-09 13:14:20,2.58,3.96,4.81,2.73
2024-06-09 13:14:23,2.59,4.0,4.86,2.74
2024-06-09 13:14:25,2.66,4.11,5.06,2.82
2024-06-09 13:14:28,2.69,4.34,5.33,2.85
2024-06-09 13:14:30,2.63,3.83,5.24,2.78
2024-06-09 13:14:32,2.6,4.14,5.03,2.75
2024-06-09 13:14:35,2.61,4.19,5.08,2.76
2024-06-09 13:14:37,2.71,3.98,4.98,2.87
2024-06-09 13:14:40,2.76,4.39,4.95,2.92
2024-06-09 13:14:42,2.74,4.23,5.27,2.9
2024-06-09 13:14:44,2.68,4.27,5.25,2.84
2024-06-09 13:14:47,2.73,4.17,5.2,2.89
2024-06-09 13:14:49,2.82,4.37,4.99,2.98
2024-06-09 13:14:52,2.89,4.37,5.06,3.05
2024-06-09 13:14:54,2.96,4.45,5.22,3.13
2024-06-09 13:14:56,2.98,4.61,5.41,3.15
2024-06-09 13:14:59,2.96,4.44,5.22,3.13
2024-06-09 13:15:01,2.99,4.19,5.51,3.16
2024-06-09 13:15:04,3.02,4.43,5.28,3.19
2024-06-09 13:15:06,3.06,4.28,5.67,3.24
2024-06-09 13:15:08,3.04,4.56,5.42,3.21
2024-06-09 13:15:11,3.01,4.34,5.67,3.18
2024-06-09 13:15:13,2.99,4.21,5.52,3.16
2024-06-09 13:15:16,3.01,4.35,5.19,3.18
2024-06-09 13:15:18,3.05,4.71,5.59,3.23
2024-06-09 13:15:20,3.05,4.66,5.54,3.23
2024-06-09 13:15:23,2.99,4.17,5.48,3.16
2024-06-09 13:15:25,2.96,4.49,5.27,3.14
2024-06-09 13:15:28,2.93,4.23,5.48,3.1
2024-06-09 13:15:30,2.95,4.34,5.6,3.12
2024-06-09 13:15:32,2.93,4.21,5.45,3.1
2024-06-09 13:15:35,2.85,4.08,5.24,3.01
2024-06-09 13:15:37,2.87,4.26,5.44,3.04
2024-06-09 13:15:40,2.9,4.46,5.17,3.06
2024-06-09 13:15:42,2.96,4.46,5.24,3.13
2024-06-09 13:15:44,2.97,4.5,5.29,3.14
2024-06-09 13:15:47,2.89,4.39,5.09,3.05
2024-06-09 13:15:49,2.82,4.33,5.45,2.98
2024-06-09 13:15:52,2.68,4.28,5.25,2.84
2024-06-09 13:15:54,2.61,4.17,5.06,2.76
2024-06-09 13:15:56,2.54,4.17,4.99,2.69
2024-06-09 13:15:59,2.48,3.63,4.88,2.62
2024-06-09 13:16:01,2.46,4.02,4.74,2.6
2024-06-09 13:16:04,2.38,3.84,4.98,2.51
2024-06-09 13:16:06,2.35,3.64,4.74,2.49
2024-06-09 13:16:08,2.31,3.84,4.91,2.45
2024-06-09 13:16:11,2.29,3.67,4.71,2.42
2024-06-09 13:16:13,2.24,3.76,4.75,2.37
2024-06-09 13:16:16,2.21,3.54,4.49,2.34
2024-06-09 13:16:18,2.24,3.72,4.7,2.36
2024-06-09 13:16:20,2.25,3.85,4.84,2.38
2024-06-09 13:16:23,2.35,3.65,4.76,2.49
2024-06-09 13:16:25,2.45,3.92,4.64,2.59
2024-06-09 13:16:28,2.59,4.04,4.91,2.74
2024-06-09 13:16:30,2.62,4.24,5.14,2.77
2024-06-09 13:16:32,2.66,4.05,4.99,2.81
2024-06-09 13:16:35,2.66,4.06,5.01,2.81
2024-06-09 13:16:37,2.61,4.19,5.08,2.76
2024-06-09 13:16:40,2.56,3.79,5.15,2.72
2024-06-09 13:16:42,2.56,3.8,5.18,2.73
2024-06-09 13:16:44,2.64,3.92,4.9,2.83
2024-06-09 13:16:47,2.78,4.03,5.16,2.97
2024-06-09 13:16:49,2.82,4.33,5.49,3.01
2024-06-09 13:16:52,2.86,4.15,5.34,3.04
2024-06-09 13:16:54,2.88,4.3,5.5,3.05
2024-06-09 13:16:56,2.87,4.22,5.41,3.04
2024-06-09 13:16:59,2.85,4.06,5.22,3.01
2024-06-09 13:17:01,2.8,4.22,5.33,2.97
2024-06-09 13:17:04,2.81,4.3,5.42,2.98
2024-06-09 13:17:06,2.81,4.24,5.35,2.97
2024-06-09 13:17:11,2.82,4.35,5.48,2.98
2024-06-09 13:17:13,2.84,4.47,5.12,3.0
2024-06-09 13:17:16,2.87,4.24,5.41,3.03
2024-06-09 13:17:18,2.83,4.42,5.06,2.99
2024-06-09 13:17:20,2.71,3.94,4.94,2.86
2024-06-09 13:17:23,2.59,4.04,4.91,2.74
2024-06-09 13:17:25,2.49,3.77,5.03,2.64
2024-06-09 13:17:28,2.32,3.92,4.49,2.46
2024-06-09 13:17:30,2.2,3.43,4.37,2.33
2024-06-09 13:17:32,2.12,3.29,4.64,2.24
2024-06-09 13:17:35,2.06,3.33,4.62,2.18
2024-06-09 13:17:37,2.01,3.43,4.16,2.12
2024-06-09 13:17:40,1.91,3.19,4.31,2.03
2024-06-09 13:17:42,1.85,3.16,4.21,1.96
2024-06-09 13:17:44,1.74,3.34,4.28,1.85
2024-06-09 13:17:47,1.71,3.05,3.94,1.81
2024-06-09 13:17:49,1.66,3.17,4.01,1.76
2024-06-09 13:17:52,1.68,2.85,4.22,1.78
2024-06-09 13:17:54,1.71,3.03,3.92,1.8
2024-06-09 13:17:56,1.69,2.9,4.27,1.79
2024-06-09 13:17:59,1.66,3.2,4.04,1.76
2024-06-09 13:18:01,1.67,3.24,4.09,1.77
2024-06-09 13:18:04,1.71,3.09,3.99,1.81
2024-06-09 13:18:06,1.73,3.25,4.17,1.83
2024-06-09 13:18:08,1.74,3.34,4.27,1.84
2024-06-09 13:18:11,1.74,3.32,4.25,1.84
2024-06-09 13:18:13,1.71,3.1,4.0,1.81
2024-06-09 13:18:16,1.66,3.17,4.01,1.76
2024-06-09 13:18:18,1.61,2.75,4.04,1.7
2024-06-09 13:18:20,1.51,3.0,3.67,1.6
2024-06-09 13:18:23,1.48,2.72,3.86,1.56
2024-06-09 13:18:25,1.48,2.74,3.88,1.56
2024-06-09 13:18:28,1.48,2.75,3.89,1.57
2024-06-09 13:18:30,1.49,2.83,3.99,1.58
2024-06-09 13:18:32,1.56,2.91,4.14,1.65
2024-06-09 13:18:35,1.64,3.04,3.86,1.74
2024-06-09 13:18:37,1.8,3.29,4.29,1.91
2024-06-09 13:18:40,1.86,3.25,4.32,1.97
2024-06-09 13:18:42,1.91,3.12,4.24,2.02
2024-06-09 13:18:44,1.98,3.24,4.44,2.1
2024-06-09 13:18:47,1.98,3.16,4.35,2.09
2024-06-09 13:18:49,1.92,3.25,4.39,2.03
2024-06-09 13:18:52,1.84,3.12,4.17,1.95
2024-06-09 13:18:54,1.75,2.9,4.34,1.85
2024-06-09 13:18:56,1.67,2.77,4.13,1.77
2024-06-09 13:18:59,1.65,3.13,3.96,1.75
2024-06-09 13:19:01,1.59,3.14,3.91,1.69
2024-06-09 13:19:04,1.52,3.1,3.79,1.61
2024-06-09 13:19:06,1.39,2.51,3.55,1.47
2024-06-09 13:19:08,1.3,2.8,3.74,1.37
2024-06-09 13:19:11,1.22,2.67,3.53,1.29
2024-06-09 13:19:13,1.14,2.59,3.36,1.21
2024-06-09 13:19:16,1.12,2.41,3.66,1.19
2024-06-09 13:19:18,1.12,2.37,3.61,1.18
2024-06-09 13:19:20,1.13,2.44,3.19,1.19
2024-06-09 13:19:23,1.11,2.28,3.51,1.17
2024-06-09 13:19:25,1.08,2.58,3.28,1.14
2024-06-09 13:19:28,1.07,2.53,3.22,1.14
2024-06-09 13:19:30,1.02,2.12,3.25,1.08
2024-06-09 13:19:32,1.0,2.29,3.38,1.04
2024-06-09 13:19:35,1.0,2.4,3.51,1.05
2024-06-09 13:19:37,1.06,2.41,3.59,1.12
2024-06-09 13:19:40,1.11,2.33,3.57,1.18
2024-06-09 13:19:42,1.21,2.61,3.46,1.28
2024-06-09 13:19:44,1.24,2.33,3.7,1.31
2024-06-09 13:19:47,1.25,2.41,3.8,1.32
2024-06-09 13:19:49,1.26,2.51,3.41,1.33
2024-06-09 13:19:52,1.27,2.61,3.52,1.35
2024-06-09 13:19:54,1.35,2.68,3.67,1.42
2024-06-09 13:19:56,1.37,2.91,3.94,1.45
2024-06-09 13:19:59,1.44,2.92,4.02,1.52
2024-06-09 13:20:01,1.55,2.77,3.98,1.64
2024-06-09 13:20:04,1.58,3.03,3.78,1.67
2024-06-09 13:20:06,1.57,2.95,3.69,1.66
2024-06-09 13:20:08,1.56,2.91,4.14,1.65
2024-06-09 13:20:11,1.52,3.05,3.73,1.61
2024-06-09 13:20:13,1.47,2.7,3.84,1.56
2024-06-09 13:20:16,1.48,2.76,3.9,1.57
2024-06-09 13:20:18,1.49,2.84,3.99,1.58
2024-06-09 13:20:20,1.5,2.9,4.06,1.59
2024-06-09 13:20:23,1.54,2.72,3.93,1.63
2024-06-09 13:20:25,1.61,2.76,4.05,1.7
2024-06-09 13:20:28,1.65,3.09,3.92,1.75
2024-06-09 13:20:30,1.71,3.08,3.97,1.81
2024-06-09 13:20:32,1.7,3.0,3.89,1.8
2024-06-09 13:20:35,1.62,2.88,4.18,1.72
2024-06-09 13:20:37,1.57,3.0,3.74,1.67
2024-06-09 13:20:39,1.54,2.75,3.97,1.63
2024-06-09 13:20:42,1.54,2.68,3.89,1.62
2024-06-09 13:20:44,1.53,2.67,3.88,1.62
2024-06-09 13:20:47,1.46,2.59,3.71,1.54
2024-06-09 13:20:49,1.39,2.56,3.61,1.47
2024-06-09 13:20:51,1.33,2.52,3.49,1.4
2024-06-09 13:20:54,1.2,2.54,3.37,1.27
2024-06-09 13:20:56,1.14,2.52,3.28,1.2
2024-06-09 13:20:59,1.08,2.55,3.25,1.14
2024-06-09 13:21:01,1.04,2.27,3.43,1.1
2024-06-09 13:21:03,1.0,2.46,3.07,1.06
2024-06-09 13:21:06,1.0,2.44,3.48,1.0
2024-06-09 13:21:08,1.0,2.35,3.38,1.0
2024-06-09 13:21:11,1.0,2.04,3.03,1.0
2024-06-09 13:21:13,1.0,2.3,3.25,1.0
2024-06-09 13:21:15,1.0,2.29,3.31,1.0
2024-06-09 13:21:18,1.0,2.35,3.44,1.04
2024-06-09 13:21:20,1.05,2.31,3.47,1.11
2024-06-09 13:21:23,1.06,2.41,3.59,1.12
2024-06-09 13:21:25,1.04,2.28,3.43,1.1
2024-06-09 13:21:27,1.03,2.2,3.35,1.09
2024-06-09 13:21:30,1.04,2.28,3.43,1.1
2024-06-09 13:21:32,1.05,2.34,3.51,1.11
2024-06-09 13:21:35,1.04,2.25,3.41,1.1
2024-06-09 13:21:37,1.03,2.17,3.32,1.09
2024-06-09 13:21:39,1.0,2.43,3.54,1.06
2024-06-09 13:21:42,1.0,2.32,3.41,1.04
2024-06-09 13:21:44,1.0,2.33,3.43,1.04
2024-06-09 13:21:47,1.03,2.16,3.3,1.09
2024-06-09 13:21:49,1.04,2.28,3.44,1.1
2024-06-09 13:21:51,1.08,2.6,3.3,1.14
2024-06-09 13:21:54,1.09,2.65,3.36,1.15
2024-06-09 13:21:56,1.09,2.64,3.35,1.15
2024-06-09 13:21:59,1.07,2.49,3.18,1.13
2024-06-09 13:22:01,1.04,2.22,3.37,1.09
2024-06-09 13:22:03,1.02,2.09,3.23,1.08
2024-06-09 13:22:06,1.01,2.5,3.12,1.07
2024-06-09 13:22:08,1.0,2.33,3.43,1.04
2024-06-09 13:22:11,1.0,2.13,3.19,1.01
2024-06-09 13:22:13,1.0,2.37,3.4,1.0
2024-06-09 13:22:15,1.0,2.01,2.99,1.0
2024-06-09 13:22:18,1.0,2.24,3.18,1.0
2024-06-09 13:22:20,1.0,2.03,2.95,1.0
2024-06-09 13:22:23,1.0,1.99,2.9,1.0
2024-06-09 13:22:25,1.0,2.27,3.15,1.0
2024-06-09 13:22:27,1.0,2.2,3.07,1.0
2024-06-09 13:22:30,1.0,2.11,2.97,1.0
2024-06-09 13:22:32,1.0,2.21,3.08,1.0
2024-06-09 13:22:35,1.0,2.28,3.16,1.0
2024-06-09 13:22:37,1.0,1.87,3.26,1.0
2024-06-09 13:22:39,1.0,2.24,3.18,1.0
2024-06-09 13:22:42,1.23,2.75,3.61,1.3
2024-06-09 13:22:44,6.36,7.82,8.86,6.72
2024-06-09 13:22:47,7.81,9.33,10.47,8.26
2024-06-09 13:22:49,12.79,14.71,15.86,13.52
2024-06-09 13:22:51,13.81,15.83,16.61,14.61
2024-06-09 13:22:54,14.28,16.49,17.29,15.1
2024-06-09 13:22:56,14.85,17.04,17.97,15.7
2024-06-09 13:22:59,15.38,17.76,18.28,16.27
2024-06-09 13:23:01,15.96,18.28,18.93,16.87
2024-06-09 13:23:03,17.93,20.37,21.2,18.96
2024-06-09 13:23:06,19.46,22.03,23.06,20.58
2024-06-09 13:23:08,22.65,25.23,26.29,23.95
2024-06-09 13:23:11,28.17,30.97,32.13,29.79
2024-06-09 13:23:13,31.89,34.89,36.17,33.73
2024-06-09 13:23:15,34.16,37.3,38.58,36.12
2024-06-09 13:23:18,35.35,38.72,39.82,37.38
2024-06-09 13:23:20,36.23,39.7,40.77,38.31
2024-06-09 13:23:23,36.55,39.74,40.67,38.65
2024-06-09 13:23:25,37.15,40.46,41.55,39.28
2024-06-09 13:23:27,37.63,41.26,41.88,39.79
2024-06-09 13:23:30,37.89,41.35,42.26,40.07
2024-06-09 13:23:32,38.2,41.8,42.56,40.4
2024-06-09 13:23:35,38.58,41.81,42.99,40.8
2024-06-09 13:23:37,39.26,42.67,43.59,41.51
2024-06-09 13:23:39,39.77,43.24,44.24,42.06
2024-06-09 13:23:42,39.96,43.73,44.43,42.26
2024-06-09 13:23:44,39.49,43.01,44.2,41.76
2024-06-09 13:23:47,38.97,42.36,43.47,41.21
2024-06-09 13:23:49,38.43,42.12,43.13,40.64
2024-06-09 13:23:51,38.05,41.63,42.72,40.24
2024-06-09 13:23:54,37.68,41.17,41.85,39.85
2024-06-09 13:23:56,36.88,40.37,41.16,39.0
2024-06-09 13:23:59,36.29,39.65,40.79,38.37
2024-06-09 13:24:01,35.0,38.49,39.21,37.01
2024-06-09 13:24:03,34.27,37.67,38.58,36.24
2024-06-09 13:24:06,33.54,36.9,37.5,35.46
2024-06-09 13:24:08,32.81,36.16,36.96,34.7
2024-06-09 13:24:11,32.55,35.57,36.58,34.42
2024-06-09 13:24:13,32.37,35.64,36.44,34.23
2024-06-09 13:24:15,32.28,35.44,36.14,34.13
2024-06-09 13:24:18,32.3,35.59,36.31,34.15
2024-06-09 13:24:20,32.27,35.41,36.61,34.13
2024-06-09 13:24:23,32.27,35.38,36.57,34.13
2024-06-09 13:24:25,32.31,35.2,36.44,34.17
2024-06-09 13:24:27,32.1,35.06,36.08,33.95
2024-06-09 13:24:30,31.66,34.53,35.55,33.48
2024-06-09 13:24:32,31.33,34.44,35.59,33.13
2024-06-09 13:24:35,30.81,33.8,34.88,32.58
2024-06-09 13:24:37,29.77,32.61,33.55,31.48
2024-06-09 13:24:39,29.01,32.07,33.16,30.68
2024-06-09 13:24:42,26.98,29.99,30.83,28.53
2024-06-09 13:24:44,25.34,28.06,29.09,26.8
2024-06-09 13:24:47,23.21,25.69,26.87,24.54
2024-06-09 13:24:49,20.03,22.55,23.22,21.19
2024-06-09 13:24:51,17.68,19.93,20.99,18.7
2024-06-09 13:24:54,14.95,16.86,17.9,15.81
2024-06-09 13:24:56,13.76,15.9,16.62,14.55
2024-06-09 13:24:59,12.84,14.62,15.83,13.58
2024-06-09 13:25:01,11.43,13.48,14.12,12.09
2024-06-09 13:25:03,10.59,12.34,13.56,11.2
2024-06-09 13:25:06,9.84,11.42,12.82,10.41
2024-06-09 13:25:08,9.38,11.22,12.09,9.91
2024-06-09 13:25:11,8.99,10.65,11.6,9.5
2024-06-09 13:25:13,8.42,10.12,10.93,8.9
2024-06-09 13:25:15,8.0,9.84,10.7,8.46
2024-06-09 13:25:18,7.27,9.03,10.07,7.68
2024-06-09 13:25:20,6.79,8.22,9.23,7.18
2024-06-09 13:25:23,6.1,7.77,8.52,6.45
2024-06-09 13:25:25,5.59,7.28,7.98,5.91
2024-06-09 13:25:27,5.25,6.56,7.87,5.55
2024-06-09 13:25:30,4.8,6.49,7.3,5.07
2024-06-09 13:25:32,4.53,5.85,6.86,4.79
2024-06-09 13:25:35,4.17,5.55,6.67,4.41
2024-06-09 13:25:37,4.01,5.29,6.73,4.24
