timestamp,temperature,humidity,pressure,temperature2
2024-05-24 19:14:13,36,26,100860,2550
2024-05-24 19:14:16,36,26,100870,2550
2024-05-24 19:14:18,36,26,100880,2550
2024-05-24 19:14:20,36,26,100870,2550
2024-05-24 19:14:47,36,26,100880,2550
2024-05-24 19:14:54,36,26,100870,2550
2024-05-24 19:14:56,36,26,100880,2550
2024-05-24 19:14:59,36,26,100870,2550
2024-05-24 19:15:25,36,26,100880,2550
2024-05-24 19:15:28,36,26,100870,2550
2024-05-24 19:15:30,36,26,100880,2550
2024-05-24 19:15:37,36,26,100870,2550
2024-05-24 19:15:42,36,26,100880,2550
2024-05-24 19:15:44,36,26,100870,2550
2024-05-24 19:15:52,36,26,100880,2550
2024-05-24 19:15:54,36,26,100870,2550
2024-05-24 19:15:59,36,26,100880,2550
2024-05-24 19:16:01,36,26,100870,2550
2024-05-24 19:16:16,37,25,100870,2540
2024-05-24 19:16:18,37,25,100860,2540
2024-05-24 19:16:20,37,25,100870,2540
2024-05-24 19:16:23,37,25,100860,2540
2024-05-24 19:16:25,37,25,100870,2540
2024-05-24 19:16:32,37,25,100860,2540
2024-05-24 19:16:37,37,25,100870,2540
2024-05-24 19:16:49,37,25,100860,2540
2024-05-24 19:16:52,37,25,100870,2540
2024-05-24 19:16:59,37,25,100870,2530
2024-05-24 19:17:01,38,25,100870,2530
2024-05-24 19:17:04,37,25,100870,2530
2024-05-24 19:17:16,38,25,100870,2530
2024-05-24 19:17:23,37,25,100870,2530
2024-05-24 19:17:32,37,25,100870,2520
2024-05-24 19:17:37,37,25,100860,2520
2024-05-24 19:17:40,37,25,100870,2520
2024-05-24 19:17:49,37,25,100860,2520
2024-05-24 19:17:52,37,25,100870,2520
2024-05-24 19:17:54,37,25,100860,2520
2024-05-24 19:17:56,38,25,100870,2520
2024-05-24 19:17:59,38,25,100860,2520
2024-05-24 19:18:01,38,25,100870,2510
2024-05-24 19:18:06,38,25,100860,2510
2024-05-24 19:18:08,38,25,100870,2510
2024-05-24 19:18:16,38,25,100860,2510
2024-05-24 19:18:18,38,25,100880,2510
2024-05-24 19:18:20,38,25,100870,2510
2024-05-24 19:18:32,38,25,100860,2510
2024-05-24 19:18:35,37,25,100860,2500
2024-05-24 19:18:40,38,25,100870,2500
2024-05-24 19:18:42,38,25,100860,2500
2024-05-24 19:18:44,37,25,100870,2500
2024-05-24 19:18:52,37,25,100860,2500
2024-05-24 19:18:54,37,25,100870,2500
2024-05-24 19:19:01,37,25,100870,2490
2024-05-24 19:19:20,37,25,100880,2490
2024-05-24 19:19:25,37,25,100870,2490
2024-05-24 19:19:32,37,25,100870,2480
2024-05-24 19:19:44,38,25,100870,2480
2024-05-24 19:19:49,37,25,100870,2480
2024-05-24 19:20:06,37,25,100870,2470
2024-05-24 19:20:08,37,25,100880,2470
2024-05-24 19:20:11,37,25,100870,2470
2024-05-24 19:20:18,37,25,100860,2470
2024-05-24 19:20:20,37,25,100870,2470
2024-05-24 19:20:30,38,25,100870,2470
2024-05-24 19:20:32,37,25,100870,2470
2024-05-24 19:20:35,38,25,100870,2470
2024-05-24 19:20:37,38,25,100870,2460
2024-05-24 19:20:51,38,25,100860,2460
2024-05-24 19:20:54,38,25,100870,2460
2024-05-24 19:20:56,38,25,100860,2460
2024-05-24 19:20:59,38,25,100870,2460
2024-05-24 19:21:11,38,25,100870,2450
2024-05-24 19:21:23,38,25,100860,2450
2024-05-24 19:21:25,38,25,100870,2450
2024-05-24 19:21:27,38,25,100880,2450
2024-05-24 19:21:30,38,25,100870,2450
2024-05-24 19:21:35,38,25,100860,2450
2024-05-24 19:21:37,38,25,100870,2450
2024-05-24 19:21:47,40,24,100870,2440
2024-05-24 19:22:08,39,24,100870,2440
2024-05-24 19:22:11,39,24,100860,2440
2024-05-24 19:22:13,39,24,100870,2440
2024-05-24 19:22:18,39,24,100860,2440
2024-05-24 19:22:20,40,24,100870,2440
2024-05-24 19:22:25,40,24,100870,2430
2024-05-24 19:22:30,40,24,100860,2430
2024-05-24 19:22:32,40,24,100870,2430
2024-05-24 19:22:42,40,24,100860,2430
2024-05-24 19:22:44,40,24,100870,2430
2024-05-24 19:23:01,40,24,100870,2420
2024-05-24 19:23:03,40,24,100870,2430
2024-05-24 19:23:06,39,24,100870,2420
2024-05-24 19:23:20,39,24,100880,2420
2024-05-24 19:23:23,39,24,100870,2420
2024-05-24 19:23:30,39,24,100880,2420
2024-05-24 19:23:32,39,24,100870,2420
2024-05-24 19:23:42,39,24,100870,2410
2024-05-24 19:23:44,39,24,100880,2420
2024-05-24 19:23:47,39,24,100870,2410
2024-05-24 19:24:03,40,24,100870,2410
2024-05-24 19:24:13,39,24,100870,2410
2024-05-24 19:24:15,40,24,100870,2410
2024-05-24 19:24:18,39,24,100870,2410
2024-05-24 19:24:20,40,24,100880,2410
2024-05-24 19:24:23,40,24,100870,2410
2024-05-24 19:24:25,39,24,100880,2410
2024-05-24 19:24:27,39,24,100880,2400
2024-05-24 19:24:30,39,24,100870,2400
2024-05-24 19:24:32,39,24,100880,2400
2024-05-24 19:24:35,39,24,100870,2400
2024-05-24 19:24:49,39,24,100880,2400
2024-05-24 19:24:51,40,24,100880,2400
2024-05-24 19:24:54,39,24,100860,2400
2024-05-24 19:24:56,39,24,100870,2400
2024-05-24 19:25:03,39,24,100880,2400
2024-05-24 19:25:06,40,24,100880,2400
2024-05-24 19:25:08,39,24,100870,2390
2024-05-24 19:25:11,39,24,100870,2400
2024-05-24 19:25:13,39,24,100870,2390
2024-05-24 19:25:27,39,24,100880,2390
2024-05-24 19:25:30,39,24,100870,2390
2024-05-24 19:25:32,39,24,100860,2390
2024-05-24 19:25:35,40,24,100880,2390
2024-05-24 19:25:37,40,24,100870,2390
2024-05-24 19:25:39,39,24,100870,2390
2024-05-24 19:25:54,39,24,100870,2380
2024-05-24 19:26:37,39,24,100880,2380
2024-05-24 19:26:42,39,24,100870,2370
2024-05-24 19:26:51,39,24,100880,2370
2024-05-24 19:26:54,39,24,100870,2370
2024-05-24 19:27:27,39,24,100870,2360
2024-05-24 19:27:44,39,24,100880,2360
2024-05-24 19:27:47,39,24,100870,2360
2024-05-24 19:27:54,39,24,100860,2360
2024-05-24 19:27:56,39,24,100870,2360
2024-05-24 19:28:13,39,24,100860,2360
2024-05-24 19:28:15,39,24,100870,2350
2024-05-24 19:28:23,39,24,100860,2350
2024-05-24 19:28:25,39,24,100870,2350
2024-05-24 19:28:49,39,24,100880,2350
2024-05-24 19:28:51,39,24,100870,2350
2024-05-24 19:29:03,39,24,100880,2350
2024-05-24 19:29:06,39,24,100870,2350
2024-05-24 19:29:08,40,24,100870,2350
2024-05-24 19:29:11,42,23,100870,2340
2024-05-24 19:29:15,40,24,100880,2350
2024-05-24 19:29:18,42,23,100870,2340
2024-05-24 19:29:39,42,23,100880,2340
2024-05-24 19:29:51,42,23,100870,2340
2024-05-24 19:30:08,41,23,100870,2340
2024-05-24 19:30:11,42,23,100870,2340
2024-05-24 19:30:13,41,23,100860,2330
2024-05-24 19:30:15,41,23,100880,2330
2024-05-24 19:30:18,41,23,100870,2330
2024-05-24 19:30:59,41,23,100860,2330
2024-05-24 19:31:01,41,23,100870,2330
2024-05-24 19:31:06,41,23,100880,2330
2024-05-24 19:31:08,41,23,100870,2330
2024-05-24 19:31:11,41,23,100870,2320
2024-05-24 19:31:13,41,23,100870,2330
2024-05-24 19:31:15,41,23,100870,2320
2024-05-24 19:31:18,41,23,100880,2320
2024-05-24 19:31:23,41,23,100870,2320
2024-05-24 19:31:25,42,23,100870,2320
2024-05-24 19:31:27,42,23,100880,2320
2024-05-24 19:31:30,41,23,100880,2320
2024-05-24 19:31:32,41,23,100870,2320
2024-05-24 19:31:37,42,23,100870,2320
2024-05-24 19:31:39,41,23,100870,2320
2024-05-24 19:32:03,42,23,100870,2320
2024-05-24 19:32:06,41,23,100870,2320
2024-05-24 19:32:08,42,23,100870,2320
2024-05-24 19:32:15,42,23,100860,2320
2024-05-24 19:32:18,42,23,100870,2320
2024-05-24 19:32:20,42,23,100870,2310
2024-05-24 19:32:47,42,23,100880,2310
2024-05-24 19:32:49,42,23,100870,2310
2024-05-24 19:33:11,42,23,100880,2310
2024-05-24 19:33:13,42,23,100860,2310
2024-05-24 19:33:15,42,23,100870,2310
2024-05-24 19:33:20,42,23,100880,2310
2024-05-24 19:33:25,42,23,100870,2310
2024-05-24 19:33:27,42,23,100880,2300
2024-05-24 19:33:30,42,23,100870,2310
2024-05-24 19:33:35,42,23,100880,2310
2024-05-24 19:33:37,42,23,100880,2300
2024-05-24 19:33:44,42,23,100870,2300
2024-05-24 19:34:30,42,23,100860,2300
2024-05-24 19:34:32,42,23,100870,2300
2024-05-24 19:34:39,42,23,100880,2300
2024-05-24 19:34:42,42,23,100870,2300
2024-05-24 19:34:49,42,23,100870,2290
2024-05-24 19:35:01,42,23,100880,2290
2024-05-24 19:35:03,42,23,100870,2290
2024-05-24 19:35:37,42,23,100860,2290
2024-05-24 19:35:42,42,23,100870,2290
2024-05-24 19:35:47,41,23,100860,2290
2024-05-24 19:35:49,41,23,100870,2290
2024-05-24 19:36:01,42,23,100870,2290
2024-05-24 19:36:08,42,23,100860,2290
2024-05-24 19:36:11,42,23,100870,2290
2024-05-24 19:36:13,42,23,100870,2280
2024-05-24 19:36:15,42,23,100860,2280
2024-05-24 19:36:23,42,23,100870,2280
2024-05-24 19:36:27,42,23,100860,2280
2024-05-24 19:36:30,42,23,100870,2280
2024-05-24 19:36:44,42,23,100860,2280
2024-05-24 19:36:49,41,23,100870,2280
2024-05-24 19:36:51,42,23,100870,2280
2024-05-24 19:37:11,42,23,100880,2280
2024-05-24 19:37:13,42,23,100870,2280
2024-05-24 19:37:30,42,23,100880,2280
2024-05-24 19:37:42,42,23,100860,2280
2024-05-24 19:37:44,42,23,100870,2280
2024-05-24 19:37:51,42,23,100870,2270
2024-05-24 19:37:56,41,23,100860,2270
2024-05-24 19:37:58,41,23,100870,2270
2024-05-24 19:38:01,42,23,100870,2280
2024-05-24 19:38:03,42,23,100870,2270
2024-05-24 19:38:10,42,23,100880,2270
2024-05-24 19:38:13,42,23,100870,2270
2024-05-24 19:38:15,42,23,100860,2270
2024-05-24 19:38:18,42,23,100870,2270
2024-05-24 19:38:25,42,23,100860,2270
2024-05-24 19:38:27,42,23,100870,2270
2024-05-24 19:38:32,42,23,100880,2270
2024-05-24 19:38:34,42,23,100870,2270
2024-05-24 19:38:54,42,23,100860,2270
2024-05-24 19:38:56,42,23,100880,2270
2024-05-24 19:38:58,42,23,100870,2270
2024-05-24 19:39:13,42,23,100860,2270
2024-05-24 19:39:18,42,23,100870,2270
2024-05-24 19:39:32,42,23,100860,2270
2024-05-24 19:39:34,42,23,100870,2260
2024-05-24 19:40:13,42,23,100880,2260
2024-05-24 19:40:15,42,23,100870,2260
2024-05-24 19:40:32,42,23,100880,2260
2024-05-24 19:40:34,42,23,100870,2260
2024-05-24 19:40:39,42,23,100860,2260
2024-05-24 19:40:42,42,23,100870,2260
2024-05-24 19:40:54,42,23,100860,2260
2024-05-24 19:40:56,42,23,100870,2260
2024-05-24 19:40:58,42,23,100860,2260
2024-05-24 19:41:01,42,23,100870,2260
2024-05-24 19:41:13,42,23,100860,2260
2024-05-24 19:41:15,42,23,100870,2260
2024-05-24 19:41:20,42,23,100860,2260
2024-05-24 19:41:22,42,23,100870,2260
2024-05-24 19:41:30,42,23,100860,2260
2024-05-24 19:41:32,42,23,100870,2260
2024-05-24 19:41:34,42,23,100870,2250
2024-05-24 19:41:37,42,23,100870,2260
2024-05-24 19:41:44,42,23,100880,2260
2024-05-24 19:41:46,42,23,100870,2260
2024-05-24 19:41:49,42,23,100870,2250
2024-05-24 19:42:22,42,23,100860,2250
2024-05-24 19:42:25,42,23,100870,2250
2024-05-24 19:42:27,42,23,100860,2250
2024-05-24 19:42:30,42,23,100870,2250
2024-05-24 19:42:37,42,23,100860,2250
2024-05-24 19:42:42,42,23,100870,2250
2024-05-24 19:42:46,42,23,100860,2250
2024-05-24 19:42:49,42,23,100870,2250
2024-05-24 19:43:08,42,23,100880,2250
2024-05-24 19:43:10,42,23,100870,2250
2024-05-24 19:43:30,42,23,100880,2250
2024-05-24 19:43:32,42,23,100870,2250
2024-05-24 19:44:18,42,23,100880,2250
2024-05-24 19:44:25,42,23,100870,2250
2024-05-24 19:44:34,44,22,100870,2240
2024-05-24 19:44:37,42,23,100880,2250
2024-05-24 19:44:39,42,23,100870,2250
2024-05-24 19:44:44,44,22,100870,2240
2024-05-24 19:44:46,44,22,100880,2240
2024-05-24 19:44:49,44,22,100870,2240
2024-05-24 19:44:54,42,23,100870,2250
2024-05-24 19:44:58,44,22,100870,2240
2024-05-24 19:45:03,44,22,100880,2240
2024-05-24 19:45:06,44,22,100870,2240
2024-05-24 19:45:10,44,22,100860,2240
2024-05-24 19:45:13,44,22,100870,2240
2024-05-24 19:45:30,44,22,100880,2240
2024-05-24 19:45:32,44,22,100870,2240
2024-05-24 19:45:42,44,22,100880,2240
2024-05-24 19:45:44,44,22,100870,2240
2024-05-24 19:46:39,44,22,100880,2240
2024-05-24 19:46:44,44,22,100870,2240
2024-05-24 19:46:51,44,22,100880,2240
2024-05-24 19:46:58,44,22,100870,2240
2024-05-24 19:47:18,44,22,100880,2240
2024-05-24 19:47:22,44,22,100870,2240
2024-05-24 19:47:27,44,22,100880,2240
2024-05-24 19:47:32,44,22,100870,2240
2024-05-24 19:47:39,44,22,100880,2240
2024-05-24 19:47:46,44,22,100870,2240
2024-05-24 19:47:49,44,22,100880,2240
2024-05-24 19:47:54,44,22,100870,2240
2024-05-24 19:47:56,44,22,100880,2240
2024-05-24 19:47:58,44,22,100870,2240
2024-05-24 19:48:05,44,22,100880,2240
2024-05-24 19:48:08,44,22,100870,2240
2024-05-24 19:48:10,44,22,100860,2240
2024-05-24 19:48:13,44,22,100870,2240
2024-05-24 19:48:17,44,22,100880,2240
2024-05-24 19:48:20,44,22,100870,2240
2024-05-24 19:48:22,44,22,100880,2240
2024-05-24 19:48:30,44,22,100870,2240
2024-05-24 19:48:37,44,22,100880,2240
2024-05-24 19:48:39,44,22,100870,2240
2024-05-24 19:48:51,44,22,100880,2240
2024-05-24 19:48:58,44,22,100870,2240
2024-05-24 19:49:01,44,22,100880,2240
2024-05-24 19:49:03,44,22,100870,2240
2024-05-24 19:49:10,44,22,100880,2230
2024-05-24 19:49:13,44,22,100870,2240
2024-05-24 19:49:15,44,22,100880,2230
2024-05-24 19:49:20,44,22,100870,2230
2024-05-24 19:49:25,44,22,100880,2230
2024-05-24 19:49:27,44,22,100870,2230
2024-05-24 19:49:32,44,22,100880,2230
2024-05-24 19:49:37,44,22,100870,2230
2024-05-24 19:49:39,44,22,100880,2230
2024-05-24 19:49:41,44,22,100870,2230
2024-05-24 19:49:51,44,22,100880,2230
2024-05-24 19:49:56,44,22,100870,2230
2024-05-24 19:50:10,44,22,100880,2230
2024-05-24 19:50:13,44,22,100860,2230
2024-05-24 19:50:15,44,22,100870,2230
2024-05-24 19:50:17,44,22,100880,2230
2024-05-24 19:50:20,44,22,100870,2230
2024-05-24 19:50:34,44,22,100880,2230
2024-05-24 19:50:41,44,22,100870,2230
2024-05-24 19:50:44,44,22,100880,2230
2024-05-24 19:50:46,44,22,100870,2230
2024-05-24 19:50:49,45,22,100870,2230
2024-05-24 19:50:51,45,22,100880,2230
2024-05-24 19:50:53,45,22,100870,2230
2024-05-24 19:50:56,44,22,100870,2230
2024-05-24 19:50:58,45,22,100880,2230
2024-05-24 19:51:01,45,22,100870,2230
2024-05-24 19:51:03,44,22,100870,2230
2024-05-24 19:51:05,45,22,100870,2230
2024-05-24 19:51:10,44,22,100870,2230
2024-05-24 19:51:13,44,22,100880,2230
2024-05-24 19:51:15,45,22,100880,2230
2024-05-24 19:51:17,45,22,100870,2230
2024-05-24 19:51:20,44,22,100870,2230
2024-05-24 19:51:22,45,22,100880,2230
2024-05-24 19:51:25,45,22,100870,2230
2024-05-24 19:51:27,45,22,100880,2230
2024-05-24 19:51:32,45,22,100870,2230
2024-05-24 19:51:37,45,22,100880,2230
2024-05-24 19:51:39,45,22,100870,2230
2024-05-24 19:51:44,45,22,100880,2230
2024-05-24 19:51:46,45,22,100870,2230
2024-05-24 19:51:51,44,22,100880,2230
2024-05-24 19:51:56,44,22,100870,2230
2024-05-24 19:51:58,45,22,100880,2230
2024-05-24 19:52:01,45,22,100870,2230
2024-05-24 19:52:08,45,22,100880,2230
2024-05-24 19:52:15,45,22,100870,2230
2024-05-24 19:52:27,45,22,100880,2230
2024-05-24 19:52:34,45,22,100870,2230
2024-05-24 19:52:37,45,22,100880,2230
2024-05-24 19:52:49,45,22,100870,2230
2024-05-24 19:52:51,45,22,100880,2230
2024-05-24 19:52:53,45,22,100870,2230
2024-05-24 19:52:56,45,22,100880,2230
2024-05-24 19:52:58,45,22,100870,2230
2024-05-24 19:53:15,45,22,100880,2230
2024-05-24 19:53:17,45,22,100870,2230
2024-05-24 19:53:27,45,22,100880,2230
2024-05-24 19:53:34,45,22,100870,2230
2024-05-24 19:53:37,45,22,100880,2230
2024-05-24 19:53:39,45,22,100870,2230
2024-05-24 19:53:41,45,22,100880,2230
2024-05-24 19:53:46,45,22,100870,2230
2024-05-24 19:53:58,45,22,100880,2230
2024-05-24 19:54:01,45,22,100870,2230
2024-05-24 19:54:15,45,22,100880,2230
2024-05-24 19:54:17,45,22,100870,2230
2024-05-24 19:54:37,45,22,100880,2230
2024-05-24 19:54:46,45,22,100870,2230
2024-05-24 19:55:13,45,22,100870,2220
2024-05-24 19:55:15,45,22,100880,2220
2024-05-24 19:55:17,45,22,100870,2230
2024-05-24 19:55:22,45,22,100870,2220
2024-05-24 19:55:25,45,22,100870,2230
2024-05-24 19:55:27,45,22,100880,2230
2024-05-24 19:55:29,45,22,100870,2230
2024-05-24 19:55:34,45,22,100880,2230
2024-05-24 19:55:37,45,22,100870,2220
2024-05-24 19:55:39,45,22,100880,2230
2024-05-24 19:55:41,45,22,100880,2220
2024-05-24 19:55:44,45,22,100880,2230
2024-05-24 19:55:49,45,22,100870,2220
2024-05-24 19:55:53,45,22,100880,2230
2024-05-24 19:55:56,45,22,100870,2230
2024-05-24 19:55:58,45,22,100870,2220
2024-05-24 19:56:01,45,22,100880,2230
2024-05-24 19:56:03,45,22,100880,2220
2024-05-24 19:56:05,45,22,100870,2230
2024-05-24 19:56:08,45,22,100870,2220
2024-05-24 19:56:10,45,22,100870,2230
2024-05-24 19:56:15,45,22,100870,2220
2024-05-24 19:56:22,45,22,100880,2230
2024-05-24 19:56:25,45,22,100870,2220
2024-05-24 19:56:29,45,22,100870,2230
2024-05-24 19:56:32,45,22,100870,2220
2024-05-24 19:56:49,45,22,100870,2230
2024-05-24 19:56:51,45,22,100870,2220
2024-05-24 19:56:56,45,22,100870,2230
2024-05-24 19:57:01,45,22,100860,2230
2024-05-24 19:57:03,45,22,100870,2230
2024-05-24 19:57:05,45,22,100870,2220
2024-05-24 19:57:08,45,22,100870,2230
2024-05-24 19:57:10,45,22,100870,2220
2024-05-24 19:57:15,45,22,100870,2230
2024-05-24 19:57:17,45,22,100870,2220
2024-05-24 19:57:20,45,22,100870,2230
2024-05-24 19:57:22,45,22,100880,2220
2024-05-24 19:57:25,45,22,100870,2220
2024-05-24 19:57:32,45,22,100880,2220
2024-05-24 19:57:37,45,22,100870,2220
2024-05-24 19:57:41,45,22,100870,2230
2024-05-24 19:57:46,45,22,100870,2220
2024-05-24 19:57:51,45,22,100880,2230
2024-05-24 19:57:53,45,22,100870,2220
2024-05-24 19:57:56,45,22,100870,2230
2024-05-24 19:57:58,45,22,100870,2220
2024-05-24 19:58:01,45,22,100880,2230
2024-05-24 19:58:03,45,22,100870,2220
2024-05-24 19:58:08,45,22,100870,2230
2024-05-24 19:58:10,45,22,100870,2220
2024-05-24 19:58:22,45,22,100880,2220
2024-05-24 19:58:27,45,22,100870,2220
2024-05-24 19:58:37,45,22,100880,2220
2024-05-24 19:58:39,45,22,100870,2220
2024-05-24 19:58:41,45,22,100880,2220
2024-05-24 19:58:44,45,22,100870,2220
2024-05-24 19:58:46,45,22,100880,2220
2024-05-24 19:58:49,45,22,100870,2220
2024-05-24 19:58:51,45,22,100880,2220
2024-05-24 19:59:05,45,22,100870,2220
2024-05-24 19:59:08,45,22,100880,2220
2024-05-24 19:59:15,45,22,100870,2220
2024-05-24 19:59:48,45,22,100880,2220
2024-05-24 19:59:58,45,22,100870,2220
2024-05-24 20:00:01,45,22,100880,2220
2024-05-24 20:00:05,45,22,100870,2220
2024-05-24 20:00:08,45,22,100880,2220
2024-05-24 20:00:10,45,22,100870,2220
2024-05-24 20:00:15,46,22,100880,2220
2024-05-24 20:00:17,46,22,100870,2220
2024-05-24 20:00:27,45,22,100880,2220
2024-05-24 20:00:32,45,22,100870,2220
2024-05-24 20:00:41,45,22,100880,2220
2024-05-24 20:00:44,45,22,100870,2220
2024-05-24 20:00:46,45,22,100880,2220
2024-05-24 20:00:48,45,22,100870,2220
2024-05-24 20:00:51,45,22,100880,2220
2024-05-24 20:00:53,45,22,100870,2220
2024-05-24 20:00:56,45,22,100880,2220
2024-05-24 20:00:58,45,22,100870,2220
2024-05-24 20:01:22,45,22,100880,2220
2024-05-24 20:01:27,45,22,100870,2220
2024-05-24 20:01:34,45,22,100880,2220
2024-05-24 20:01:39,45,22,100870,2220
2024-05-24 20:01:56,45,22,100880,2220
2024-05-24 20:01:58,45,22,100870,2220
2024-05-24 20:02:10,45,22,100880,2220
2024-05-24 20:02:13,45,22,100870,2220
2024-05-24 20:02:24,45,22,100880,2220
2024-05-24 20:02:27,45,22,100870,2220
2024-05-24 20:02:46,45,22,100880,2220
2024-05-24 20:02:48,45,22,100870,2220
2024-05-24 20:02:51,45,22,100880,2220
2024-05-24 20:02:53,45,22,100870,2220
2024-05-24 20:03:03,45,22,100880,2220
2024-05-24 20:03:05,45,22,100870,2220
2024-05-24 20:03:10,45,22,100880,2220
2024-05-24 20:03:12,45,22,100870,2220
2024-05-24 20:03:15,45,22,100880,2220
2024-05-24 20:03:17,45,22,100870,2220
2024-05-24 20:03:27,45,22,100880,2220
2024-05-24 20:03:29,45,22,100870,2220
2024-05-24 20:03:44,45,22,100880,2220
2024-05-24 20:03:46,45,22,100870,2220
2024-05-24 20:03:53,45,22,100880,2220
2024-05-24 20:03:56,45,22,100870,2220
2024-05-24 20:04:05,45,22,100860,2220
2024-05-24 20:04:08,45,22,100880,2220
2024-05-24 20:04:10,45,22,100870,2220
2024-05-24 20:04:22,45,22,100880,2220
2024-05-24 20:04:24,45,22,100870,2220
2024-05-24 20:04:34,45,22,100880,2220
2024-05-24 20:04:36,45,22,100870,2210
2024-05-24 20:04:39,45,22,100870,2220
2024-05-24 20:04:48,45,22,100870,2210
2024-05-24 20:04:51,45,22,100870,2220
2024-05-24 20:04:58,45,22,100880,2220
2024-05-24 20:05:00,45,22,100870,2220
2024-05-24 20:05:03,45,22,100870,2210
2024-05-24 20:05:05,45,22,100870,2220
2024-05-24 20:05:08,45,22,100870,2210
2024-05-24 20:05:17,45,22,100880,2210
2024-05-24 20:05:20,45,22,100870,2210
2024-05-24 20:05:22,45,22,100870,2220
2024-05-24 20:05:24,45,22,100860,2210
2024-05-24 20:05:27,45,22,100870,2210
2024-05-24 20:05:36,45,22,100880,2210
2024-05-24 20:05:44,45,22,100870,2210
2024-05-24 20:05:53,45,22,100880,2210
2024-05-24 20:05:58,45,22,100860,2210
2024-05-24 20:06:00,45,22,100870,2210
2024-05-24 20:06:12,45,22,100880,2210
2024-05-24 20:06:15,45,22,100870,2210
2024-05-24 20:06:36,45,22,100860,2210
2024-05-24 20:06:39,45,22,100870,2210
2024-05-24 20:06:44,45,22,100880,2210
2024-05-24 20:06:46,45,22,100870,2210
2024-05-24 20:07:12,45,22,100860,2210
2024-05-24 20:07:15,45,22,100870,2210
2024-05-24 20:07:20,45,22,100860,2210
2024-05-24 20:07:22,45,22,100870,2210
2024-05-24 20:07:32,45,22,100880,2210
2024-05-24 20:07:34,45,22,100870,2210
2024-05-24 20:07:53,45,22,100860,2210
2024-05-24 20:07:56,45,22,100870,2210
2024-05-24 20:08:05,45,22,100880,2210
2024-05-24 20:08:08,45,22,100870,2210
2024-05-24 20:08:10,45,22,100880,2210
2024-05-24 20:08:15,45,22,100870,2210
2024-05-24 20:08:32,45,22,100880,2210
2024-05-24 20:08:34,45,22,100870,2210
2024-05-24 20:09:05,45,22,100880,2210
2024-05-24 20:09:08,45,22,100870,2210
2024-05-24 20:09:12,45,22,100880,2210
2024-05-24 20:09:15,45,22,100870,2210
2024-05-24 20:09:17,45,22,100880,2210
2024-05-24 20:09:22,46,22,100870,2210
2024-05-24 20:09:29,45,22,100870,2210
2024-05-24 20:09:36,45,22,100860,2210
2024-05-24 20:09:39,45,22,100870,2210
2024-05-24 20:09:41,45,22,100880,2210
2024-05-24 20:09:44,45,22,100870,2210
2024-05-24 20:09:58,46,22,100870,2210
2024-05-24 20:10:22,45,22,100870,2210
2024-05-24 20:10:24,46,22,100870,2210
2024-05-24 20:10:27,45,22,100870,2210
2024-05-24 20:10:41,45,22,100870,2200
2024-05-24 20:10:46,46,22,100870,2210
2024-05-24 20:10:51,46,22,100860,2200
2024-05-24 20:10:53,46,22,100870,2200
2024-05-24 20:10:56,46,22,100870,2210
2024-05-24 20:10:58,46,22,100880,2200
2024-05-24 20:11:00,46,22,100870,2200
2024-05-24 20:11:08,46,22,100870,2210
2024-05-24 20:11:10,45,22,100870,2200
2024-05-24 20:11:12,45,22,100870,2210
2024-05-24 20:11:15,45,22,100870,2200
2024-05-24 20:11:17,45,22,100880,2200
2024-05-24 20:11:20,45,22,100860,2200
2024-05-24 20:11:22,45,22,100870,2200
2024-05-24 20:11:29,45,22,100880,2200
2024-05-24 20:11:32,46,22,100870,2200
2024-05-24 20:11:46,46,22,100860,2200
2024-05-24 20:11:48,46,22,100870,2200
2024-05-24 20:11:51,46,22,100880,2200
2024-05-24 20:11:53,46,22,100870,2200
2024-05-24 20:12:05,45,22,100870,2200
2024-05-24 20:12:10,46,22,100870,2200
2024-05-24 20:12:12,46,22,100860,2200
2024-05-24 20:12:15,46,22,100870,2200
2024-05-24 20:12:17,46,22,100860,2200
2024-05-24 20:12:20,46,22,100870,2200
2024-05-24 20:12:34,46,22,100860,2200
2024-05-24 20:12:39,46,22,100880,2200
2024-05-24 20:12:41,46,22,100870,2200
2024-05-24 20:12:44,46,22,100860,2200
2024-05-24 20:12:51,46,22,100870,2200
2024-05-24 20:12:58,46,22,100860,2200
2024-05-24 20:13:03,46,22,100870,2200
2024-05-24 20:13:41,45,22,100870,2200
2024-05-24 20:13:48,45,22,100870,2190
2024-05-24 20:13:53,45,22,100870,2200
2024-05-24 20:13:56,45,22,100860,2190
2024-05-24 20:13:58,46,22,100870,2200
2024-05-24 20:14:00,46,22,100870,2190
2024-05-24 20:14:03,46,22,100870,2200
2024-05-24 20:14:05,45,22,100870,2190
2024-05-24 20:14:20,46,22,100870,2190
2024-05-24 20:14:48,46,22,100860,2190
2024-05-24 20:14:51,46,22,100870,2190
2024-05-24 20:15:00,46,22,100860,2190
2024-05-24 20:15:03,46,22,100870,2190
2024-05-24 20:15:46,46,22,100860,2190
2024-05-24 20:15:48,46,22,100870,2190
2024-05-24 20:16:05,46,22,100860,2190
2024-05-24 20:16:07,46,22,100870,2190
2024-05-24 20:16:39,46,22,100860,2190
2024-05-24 20:16:41,46,22,100870,2190
2024-05-24 20:17:05,46,22,100880,2190
2024-05-24 20:17:07,46,22,100870,2190
2024-05-24 20:17:10,46,22,100860,2190
2024-05-24 20:17:12,46,22,100870,2190
2024-05-24 20:17:31,46,22,100880,2190
2024-05-24 20:17:34,46,22,100870,2190
2024-05-24 20:17:36,46,22,100880,2190
2024-05-24 20:17:41,46,22,100870,2190
2024-05-24 20:17:53,46,22,100880,2190
2024-05-24 20:17:55,46,22,100870,2190
2024-05-24 20:18:00,46,22,100880,2190
2024-05-24 20:18:03,46,22,100870,2190
2024-05-24 20:18:07,46,22,100880,2190
2024-05-24 20:18:10,46,22,100870,2190
2024-05-24 20:19:00,46,22,100880,2190
2024-05-24 20:19:03,46,22,100870,2190
2024-05-24 20:19:15,46,22,100860,2190
2024-05-24 20:19:17,46,22,100870,2190
2024-05-24 20:19:27,46,22,100860,2190
2024-05-24 20:19:29,46,22,100870,2190
2024-05-24 20:19:51,46,22,100860,2190
2024-05-24 20:19:53,46,22,100870,2190
2024-05-24 20:20:15,46,22,100860,2190
2024-05-24 20:20:17,46,22,100870,2190
2024-05-24 20:20:31,46,22,100860,2190
2024-05-24 20:20:34,46,22,100870,2190
2024-05-24 20:20:36,46,22,100860,2190
2024-05-24 20:20:39,46,22,100870,2190
2024-05-24 20:20:41,46,22,100860,2190
2024-05-24 20:20:46,46,22,100870,2190
2024-05-24 20:20:48,46,22,100860,2190
2024-05-24 20:20:51,46,22,100870,2190
2024-05-24 20:21:03,46,22,100860,2190
2024-05-24 20:21:07,46,22,100870,2190
2024-05-24 20:21:19,46,22,100880,2190
2024-05-24 20:21:22,46,22,100870,2190
2024-05-24 20:21:31,46,22,100860,2190
2024-05-24 20:21:34,46,22,100870,2190
2024-05-24 20:21:51,46,22,100860,2190
2024-05-24 20:21:53,46,22,100880,2190
2024-05-24 20:21:55,46,22,100870,2190
2024-05-24 20:22:00,46,22,100880,2190
2024-05-24 20:22:03,46,22,100870,2190
2024-05-24 20:22:10,46,22,100860,2190
2024-05-24 20:22:12,46,22,100870,2190
2024-05-24 20:22:19,46,22,100860,2190
2024-05-24 20:22:27,46,22,100870,2190
2024-05-24 20:22:48,46,22,100860,2190
2024-05-24 20:22:51,46,22,100870,2190
2024-05-24 20:22:53,46,22,100860,2190
2024-05-24 20:22:55,46,22,100870,2190
2024-05-24 20:22:58,46,22,100860,2190
2024-05-24 20:23:07,46,22,100870,2190
2024-05-24 20:23:22,46,22,100860,2190
2024-05-24 20:23:24,46,22,100870,2190
2024-05-24 20:23:27,46,22,100860,2190
2024-05-24 20:23:29,46,22,100870,2190
2024-05-24 20:23:31,46,22,100860,2190
2024-05-24 20:23:41,46,22,100870,2190
2024-05-24 20:23:55,46,22,100860,2190
2024-05-24 20:23:58,46,22,100870,2190
2024-05-24 20:24:19,46,22,100860,2190
2024-05-24 20:24:22,46,22,100870,2190
2024-05-24 20:24:31,46,22,100860,2190
2024-05-24 20:24:34,46,22,100870,2190
2024-05-24 20:24:41,46,22,100860,2190
2024-05-24 20:24:43,46,22,100870,2190
2024-05-24 20:24:46,46,22,100860,2190
2024-05-24 20:24:51,46,22,100860,2180
2024-05-24 20:24:53,46,22,100870,2190
