timestamp,pm_1,pm_25,pm_10,pm_4
2024-05-24 19:14:11,653,819,892,690
2024-05-24 19:14:13,662,843,926,700
2024-05-24 19:14:16,665,818,905,704
2024-05-24 19:14:18,656,842,917,693
2024-05-24 19:14:20,652,816,938,690
2024-05-24 19:14:23,644,801,914,681
2024-05-24 19:14:25,634,819,871,670
2024-05-24 19:14:28,630,790,887,666
2024-05-24 19:14:30,626,807,900,662
2024-05-24 19:14:32,627,768,913,664
2024-05-24 19:14:35,644,798,911,681
2024-05-24 19:14:37,649,788,907,686
2024-05-24 19:14:40,642,780,890,678
2024-05-24 19:14:42,627,765,909,663
2024-05-24 19:14:44,614,764,893,650
2024-05-24 19:14:47,589,763,865,623
2024-05-24 19:14:49,578,730,820,612
2024-05-24 19:14:52,574,749,835,608
2024-05-24 19:14:54,571,722,804,604
2024-05-24 19:14:56,565,723,798,597
2024-05-24 19:14:59,561,740,811,593
2024-05-24 19:15:01,551,714,824,583
2024-05-24 19:15:04,542,696,796,574
2024-05-24 19:15:06,542,688,788,573
2024-05-24 19:15:08,539,718,814,570
2024-05-24 19:15:11,537,704,798,568
2024-05-24 19:15:13,543,699,800,574
2024-05-24 19:15:16,559,728,797,591
2024-05-24 19:15:18,567,742,820,600
2024-05-24 19:15:20,573,738,822,606
2024-05-24 19:15:23,587,749,849,621
2024-05-24 19:15:25,596,767,876,630
2024-05-24 19:15:28,605,787,856,639
2024-05-24 19:15:30,608,766,889,643
2024-05-24 19:15:32,617,784,867,652
2024-05-24 19:15:35,614,759,888,649
2024-05-24 19:15:37,611,785,861,646
2024-05-24 19:15:40,603,772,839,637
2024-05-24 19:15:42,592,741,846,626
2024-05-24 19:15:44,579,732,823,612
2024-05-24 19:15:47,576,711,849,609
2024-05-24 19:15:49,573,737,822,606
2024-05-24 19:15:52,581,750,843,614
2024-05-24 19:15:54,588,758,859,622
2024-05-24 19:15:56,595,758,866,629
2024-05-24 19:15:59,600,750,864,634
2024-05-24 19:16:01,611,787,863,646
2024-05-24 19:16:04,618,792,875,653
2024-05-24 19:16:06,622,776,865,658
2024-05-24 19:16:08,618,794,878,654
2024-05-24 19:16:11,612,795,873,647
2024-05-24 19:16:13,607,755,877,642
2024-05-24 19:16:16,594,751,859,628
2024-05-24 19:16:18,588,752,853,621
2024-05-24 19:16:20,582,760,855,616
2024-05-24 19:16:23,579,733,824,612
2024-05-24 19:16:25,576,714,852,610
2024-05-24 19:16:28,574,746,832,607
2024-05-24 19:16:30,575,751,837,608
2024-05-24 19:16:32,570,712,843,603
2024-05-24 19:16:35,564,717,842,597
2024-05-24 19:16:37,561,738,809,593
2024-05-24 19:16:40,562,704,826,595
2024-05-24 19:16:42,568,749,828,601
2024-05-24 19:16:44,581,753,846,615
2024-05-24 19:16:47,590,770,873,624
2024-05-24 19:16:49,600,753,868,635
2024-05-24 19:16:52,608,766,889,643
2024-05-24 19:16:54,617,784,867,652
2024-05-24 19:16:56,627,767,912,663
2024-05-24 19:16:59,625,797,888,661
2024-05-24 19:17:01,629,777,872,665
2024-05-24 19:17:04,632,806,906,669
2024-05-24 19:17:06,638,803,909,675
2024-05-24 19:17:08,639,808,915,676
2024-05-24 19:17:11,642,785,896,679
2024-05-24 19:17:13,648,830,897,685
2024-05-24 19:17:16,662,839,921,700
2024-05-24 19:17:18,677,858,957,716
2024-05-24 19:17:20,679,828,930,718
2024-05-24 19:17:23,672,825,919,711
2024-05-24 19:17:25,653,820,893,690
2024-05-24 19:17:28,642,784,895,679
2024-05-24 19:17:30,641,822,881,677
2024-05-24 19:17:32,636,784,887,672
2024-05-24 19:17:35,627,763,907,663
2024-05-24 19:17:37,625,798,890,661
2024-05-24 19:17:40,630,788,886,666
2024-05-24 19:17:42,640,816,924,677
2024-05-24 19:17:44,648,833,900,686
2024-05-24 19:17:47,648,828,895,685
2024-05-24 19:17:49,654,828,902,692
2024-05-24 19:17:52,656,796,923,694
2024-05-24 19:17:54,660,823,903,698
2024-05-24 19:17:56,665,811,947,703
2024-05-24 19:17:59,659,818,898,697
2024-05-24 19:18:01,655,833,907,692
2024-05-24 19:18:04,660,828,908,698
2024-05-24 19:18:06,663,803,937,702
2024-05-24 19:18:08,660,829,910,698
2024-05-24 19:18:11,657,802,929,695
2024-05-24 19:18:13,647,823,890,684
2024-05-24 19:18:16,649,791,909,687
2024-05-24 19:18:18,661,834,916,699
2024-05-24 19:18:20,666,821,908,704
2024-05-24 19:18:23,671,810,952,709
2024-05-24 19:18:25,667,830,919,705
2024-05-24 19:18:28,666,823,910,704
2024-05-24 19:18:30,666,825,913,705
2024-05-24 19:18:32,665,815,951,703
2024-05-24 19:18:35,659,815,944,696
2024-05-24 19:18:37,652,816,938,690
2024-05-24 19:18:40,648,833,900,686
2024-05-24 19:18:42,635,775,877,671
2024-05-24 19:18:44,621,769,907,657
2024-05-24 19:18:47,611,790,866,646
2024-05-24 19:18:49,606,746,866,640
2024-05-24 19:18:52,601,762,878,636
2024-05-24 19:18:54,600,753,868,635
2024-05-24 19:18:56,598,736,848,632
2024-05-24 19:18:59,600,754,869,635
2024-05-24 19:19:01,606,750,871,641
2024-05-24 19:19:04,614,761,890,649
2024-05-24 19:19:06,624,791,882,660
2024-05-24 19:19:08,632,801,900,668
2024-05-24 19:19:11,628,771,866,664
2024-05-24 19:19:13,617,786,869,653
2024-05-24 19:19:16,611,789,866,646
2024-05-24 19:19:18,593,745,851,627
2024-05-24 19:19:20,582,760,854,616
2024-05-24 19:19:23,573,741,826,606
2024-05-24 19:19:25,572,733,817,605
2024-05-24 19:19:28,576,714,852,610
2024-05-24 19:19:30,584,727,824,618
2024-05-24 19:19:32,595,763,872,629
2024-05-24 19:19:35,613,753,881,648
2024-05-24 19:19:37,627,812,905,663
2024-05-24 19:19:39,648,829,896,685
2024-05-24 19:19:42,667,829,917,705
2024-05-24 19:19:44,683,856,962,722
2024-05-24 19:19:47,695,853,972,735
2024-05-24 19:19:49,696,858,978,736
2024-05-24 19:19:51,693,838,955,733
2024-05-24 19:19:54,696,864,984,736
2024-05-24 19:19:56,694,844,962,734
2024-05-24 19:19:59,676,853,952,715
2024-05-24 19:20:01,669,845,935,707
2024-05-24 19:20:03,657,805,933,695
2024-05-24 19:20:06,657,804,932,695
2024-05-24 19:20:08,652,810,931,689
2024-05-24 19:20:11,645,808,922,682
2024-05-24 19:20:13,643,795,907,681
2024-05-24 19:20:15,648,831,898,685
2024-05-24 19:20:18,653,821,894,691
2024-05-24 19:20:20,650,793,912,687
2024-05-24 19:20:23,649,789,908,686
2024-05-24 19:20:25,645,807,921,682
2024-05-24 19:20:27,635,777,879,671
2024-05-24 19:20:30,630,787,884,666
2024-05-24 19:20:32,629,779,875,665
2024-05-24 19:20:35,646,814,928,683
2024-05-24 19:20:37,656,843,918,694
2024-05-24 19:20:39,677,859,958,716
2024-05-24 19:20:42,681,840,944,720
2024-05-24 19:20:44,685,825,933,725
2024-05-24 19:20:47,686,835,945,726
2024-05-24 19:20:49,690,864,978,730
2024-05-24 19:20:51,700,844,969,740
2024-05-24 19:20:54,703,869,947,744
2024-05-24 19:20:56,707,896,978,747
2024-05-24 19:20:59,701,850,976,741
2024-05-24 19:21:01,694,846,965,734
2024-05-24 19:21:04,688,847,959,728
2024-05-24 19:21:06,686,830,939,725
2024-05-24 19:21:08,681,839,943,720
2024-05-24 19:21:11,678,817,917,717
2024-05-24 19:21:13,676,850,948,715
2024-05-24 19:21:15,681,841,945,720
2024-05-24 19:21:18,681,844,948,720
2024-05-24 19:21:20,676,852,950,715
2024-05-24 19:21:25,676,855,954,715
2024-05-24 19:21:27,675,844,941,714
2024-05-24 19:21:30,668,838,927,706
2024-05-24 19:21:32,657,803,930,695
2024-05-24 19:21:35,654,825,898,691
2024-05-24 19:21:37,649,792,911,687
2024-05-24 19:21:39,646,817,932,683
2024-05-24 19:21:42,651,802,922,688
2024-05-24 19:21:44,655,837,912,693
2024-05-24 19:21:47,661,833,915,699
2024-05-24 19:21:49,658,810,939,696
2024-05-24 19:21:51,645,809,923,682
2024-05-24 19:21:54,645,805,919,682
2024-05-24 19:21:56,647,824,891,684
2024-05-24 19:21:59,650,797,917,687
2024-05-24 19:22:01,651,804,925,688
2024-05-24 19:22:04,650,798,918,688
2024-05-24 19:22:06,644,800,913,681
2024-05-24 19:22:08,635,781,884,672
2024-05-24 19:22:11,628,771,866,664
2024-05-24 19:22:13,609,774,848,644
2024-05-24 19:22:15,595,763,872,629
2024-05-24 19:22:18,586,744,843,620
2024-05-24 19:22:20,584,721,817,617
2024-05-24 19:22:23,589,765,867,623
2024-05-24 19:22:25,591,731,836,625
2024-05-24 19:22:27,591,727,831,625
2024-05-24 19:22:30,599,744,857,634
2024-05-24 19:22:32,616,778,860,651
2024-05-24 19:22:35,631,800,899,668
2024-05-24 19:22:37,649,788,906,686
2024-05-24 19:22:39,666,821,907,704
2024-05-24 19:22:42,676,851,949,715
2024-05-24 19:22:44,690,862,975,729
2024-05-24 19:22:47,701,853,979,742
2024-05-24 19:22:49,722,867,966,764
2024-05-24 19:22:51,728,915,971,770
2024-05-24 19:22:54,731,890,1000,773
2024-05-24 19:22:56,722,869,968,764
2024-05-24 19:22:59,710,871,957,751
2024-05-24 19:23:01,696,859,979,736
2024-05-24 19:23:03,692,878,944,732
2024-05-24 19:23:06,701,846,972,741
2024-05-24 19:23:08,706,892,973,747
2024-05-24 19:23:11,713,898,987,754
2024-05-24 19:23:13,708,855,989,749
2024-05-24 19:23:15,714,902,992,755
2024-05-24 19:23:18,711,883,970,752
2024-05-24 19:23:20,703,867,945,744
2024-05-24 19:23:23,694,841,959,733
2024-05-24 19:23:25,684,869,927,724
2024-05-24 19:23:27,684,869,926,724
2024-05-24 19:23:30,695,855,975,735
2024-05-24 19:23:32,701,851,977,741
2024-05-24 19:23:35,706,889,970,746
2024-05-24 19:23:37,704,875,954,745
2024-05-24 19:23:39,708,852,986,748
2024-05-24 19:23:42,715,861,1002,756
2024-05-24 19:23:44,714,900,990,755
2024-05-24 19:23:47,711,880,967,752
2024-05-24 19:23:49,707,896,978,747
2024-05-24 19:23:51,700,843,967,740
2024-05-24 19:23:54,696,862,982,736
2024-05-24 19:23:56,697,865,986,737
2024-05-24 19:23:59,694,843,961,734
2024-05-24 19:24:01,671,814,957,710
2024-05-24 19:24:03,652,811,933,689
2024-05-24 19:24:06,625,802,894,661
2024-05-24 19:24:08,629,778,874,665
2024-05-24 19:24:11,639,809,916,676
2024-05-24 19:24:13,648,834,901,686
2024-05-24 19:24:15,651,801,921,688
2024-05-24 19:24:18,656,795,921,694
2024-05-24 19:24:20,652,812,934,690
2024-05-24 19:24:23,634,819,920,670
2024-05-24 19:24:25,634,818,920,670
2024-05-24 19:24:27,639,812,920,676
2024-05-24 19:24:30,644,799,912,681
2024-05-24 19:24:32,642,780,891,679
2024-05-24 19:24:35,632,807,907,669
2024-05-24 19:24:37,629,780,876,665
2024-05-24 19:24:39,627,766,910,663
2024-05-24 19:24:42,624,792,883,660
2024-05-24 19:24:44,629,777,872,665
2024-05-24 19:24:47,627,766,911,663
2024-05-24 19:24:49,623,780,869,658
2024-05-24 19:24:51,619,805,890,655
2024-05-24 19:24:54,617,787,870,653
2024-05-24 19:24:56,611,790,866,646
2024-05-24 19:24:59,614,759,889,649
2024-05-24 19:25:01,611,785,861,646
2024-05-24 19:25:03,607,755,877,642
2024-05-24 19:25:06,607,759,881,642
2024-05-24 19:25:08,612,748,876,647
2024-05-24 19:25:11,624,787,878,659
2024-05-24 19:25:13,631,797,895,667
2024-05-24 19:25:16,647,823,889,684
2024-05-24 19:25:18,651,801,921,688
2024-05-24 19:25:20,644,801,914,681
2024-05-24 19:25:23,641,826,886,678
2024-05-24 19:25:25,634,773,875,671
2024-05-24 19:25:27,633,812,912,669
2024-05-24 19:25:30,637,796,902,674
2024-05-24 19:25:32,645,806,920,682
2024-05-24 19:25:35,655,835,910,693
2024-05-24 19:25:37,663,846,929,701
2024-05-24 19:25:39,674,839,936,713
2024-05-24 19:25:42,683,856,962,722
2024-05-24 19:25:44,688,845,956,727
2024-05-24 19:25:47,693,838,955,733
2024-05-24 19:25:49,687,837,947,726
2024-05-24 19:25:51,673,826,920,711
2024-05-24 19:25:54,666,821,907,704
2024-05-24 19:25:56,660,825,906,698
2024-05-24 19:25:59,653,817,939,690
2024-05-24 19:26:01,642,780,891,679
2024-05-24 19:26:03,633,809,909,669
2024-05-24 19:26:06,631,796,895,667
2024-05-24 19:26:08,637,792,897,673
2024-05-24 19:26:11,644,797,909,681
2024-05-24 19:26:13,638,805,912,675
2024-05-24 19:26:15,627,811,905,663
2024-05-24 19:26:18,620,761,897,656
2024-05-24 19:26:20,611,785,861,646
2024-05-24 19:26:23,596,769,879,630
2024-05-24 19:26:25,593,743,849,627
2024-05-24 19:26:27,578,727,817,611
2024-05-24 19:26:30,575,750,836,608
2024-05-24 19:26:32,582,756,850,615
2024-05-24 19:26:35,585,732,829,619
2024-05-24 19:26:37,586,737,835,619
2024-05-24 19:26:39,586,743,842,620
2024-05-24 19:26:42,583,763,858,616
2024-05-24 19:26:44,575,752,838,608
2024-05-24 19:26:47,567,737,814,599
2024-05-24 19:26:49,561,694,815,593
2024-05-24 19:26:51,565,728,804,598
2024-05-24 19:26:54,571,722,804,604
2024-05-24 19:26:56,590,725,828,624
2024-05-24 19:26:59,602,770,837,637
2024-05-24 19:27:01,608,761,884,643
2024-05-24 19:27:03,610,780,855,645
2024-05-24 19:27:06,611,789,865,646
2024-05-24 19:27:11,610,779,854,645
2024-05-24 19:27:13,612,750,877,648
2024-05-24 19:27:15,607,758,880,642
2024-05-24 19:27:18,603,776,844,638
2024-05-24 19:27:20,600,751,865,634
2024-05-24 19:27:23,601,755,870,635
2024-05-24 19:27:25,606,746,867,641
2024-05-24 19:27:27,604,782,850,639
2024-05-24 19:27:30,606,746,866,641
2024-05-24 19:27:32,595,763,871,629
2024-05-24 19:27:35,586,742,841,620
2024-05-24 19:27:37,580,742,834,613
2024-05-24 19:27:39,576,710,848,609
2024-05-24 19:27:42,573,735,819,606
2024-05-24 19:27:44,579,736,827,612
2024-05-24 19:27:47,585,736,834,619
2024-05-24 19:27:49,591,728,832,625
2024-05-24 19:27:51,596,767,877,630
2024-05-24 19:27:54,597,779,840,632
2024-05-24 19:27:56,597,781,842,632
2024-05-24 19:27:59,593,747,854,627
2024-05-24 19:28:01,579,734,824,612
2024-05-24 19:28:03,572,728,812,605
2024-05-24 19:28:06,565,726,802,598
2024-05-24 19:28:08,556,705,820,588
2024-05-24 19:28:11,557,714,831,589
2024-05-24 19:28:13,574,747,833,607
2024-05-24 19:28:15,583,765,861,616
2024-05-24 19:28:18,592,738,843,626
2024-05-24 19:28:20,592,735,840,626
2024-05-24 19:28:23,588,755,856,622
2024-05-24 19:28:25,586,744,843,620
2024-05-24 19:28:27,587,745,845,620
2024-05-24 19:28:30,594,752,859,628
2024-05-24 19:28:32,607,758,881,642
2024-05-24 19:28:35,607,759,881,642
2024-05-24 19:28:37,597,779,840,632
2024-05-24 19:28:39,589,766,868,623
2024-05-24 19:28:42,583,717,863,617
2024-05-24 19:28:44,579,737,829,613
2024-05-24 19:28:47,578,726,816,611
2024-05-24 19:28:49,572,730,814,605
2024-05-24 19:28:51,563,706,829,595
2024-05-24 19:28:54,557,715,832,590
2024-05-24 19:28:56,557,713,830,589
2024-05-24 19:28:59,555,698,812,587
2024-05-24 19:29:01,562,701,823,594
2024-05-24 19:29:03,571,724,806,604
2024-05-24 19:29:06,587,747,847,621
2024-05-24 19:29:08,589,764,866,623
2024-05-24 19:29:11,587,751,852,621
2024-05-24 19:29:13,588,756,857,622
2024-05-24 19:29:15,587,745,844,620
2024-05-24 19:29:18,594,754,861,628
2024-05-24 19:29:20,601,755,870,635
2024-05-24 19:29:23,605,740,859,640
2024-05-24 19:29:25,605,743,863,640
2024-05-24 19:29:27,604,782,851,639
2024-05-24 19:29:30,595,760,868,629
2024-05-24 19:29:32,582,758,852,615
2024-05-24 19:29:35,577,722,811,611
2024-05-24 19:29:37,580,742,834,613
2024-05-24 19:29:39,585,734,831,619
2024-05-24 19:29:42,577,719,858,610
2024-05-24 19:29:44,572,726,809,604
2024-05-24 19:29:47,571,718,850,603
2024-05-24 19:29:49,565,723,798,597
2024-05-24 19:29:51,574,746,832,607
2024-05-24 19:29:54,592,735,839,626
2024-05-24 19:29:56,593,743,849,627
2024-05-24 19:29:59,591,732,836,625
2024-05-24 19:30:01,593,747,854,627
2024-05-24 19:30:03,597,773,834,631
2024-05-24 19:30:06,603,773,840,637
2024-05-24 19:30:08,609,771,845,644
2024-05-24 19:30:11,614,765,895,650
2024-05-24 19:30:13,618,793,877,654
2024-05-24 19:30:15,614,762,892,649
2024-05-24 19:30:18,603,773,840,637
2024-05-24 19:30:20,592,737,842,626
2024-05-24 19:30:23,571,722,805,604
2024-05-24 19:30:25,563,711,835,596
2024-05-24 19:30:27,562,700,822,594
2024-05-24 19:30:30,568,746,825,600
2024-05-24 19:30:32,566,728,804,598
2024-05-24 19:30:35,559,727,795,591
2024-05-24 19:30:37,549,696,803,580
2024-05-24 19:30:39,538,709,804,569
2024-05-24 19:30:42,531,706,794,562
2024-05-24 19:30:44,533,668,808,563
2024-05-24 19:30:47,545,716,820,576
2024-05-24 19:30:49,550,704,813,582
2024-05-24 19:30:51,553,727,788,584
2024-05-24 19:30:54,547,684,790,579
2024-05-24 19:30:56,546,726,780,578
2024-05-24 19:30:59,548,689,796,579
2024-05-24 19:31:01,552,718,829,583
2024-05-24 19:31:03,551,711,821,582
2024-05-24 19:31:06,542,695,795,574
2024-05-24 19:31:08,543,699,800,574
2024-05-24 19:31:11,538,714,810,569
2024-05-24 19:31:13,536,694,787,567
2024-05-24 19:31:15,527,671,804,557
2024-05-24 19:31:18,524,698,778,554
2024-05-24 19:31:20,524,699,779,554
2024-05-24 19:31:23,524,698,778,554
2024-05-24 19:31:25,527,677,760,558
2024-05-24 19:31:27,534,677,768,564
2024-05-24 19:31:30,534,675,766,564
2024-05-24 19:31:32,529,688,773,559
2024-05-24 19:31:35,520,666,792,550
2024-05-24 19:31:37,515,680,750,545
2024-05-24 19:31:39,509,684,748,539
2024-05-24 19:31:42,514,667,786,543
2024-05-24 19:31:44,514,669,788,543
2024-05-24 19:31:47,519,663,788,549
2024-05-24 19:31:49,521,673,799,551
2024-05-24 19:31:51,525,658,789,555
2024-05-24 19:31:54,526,665,797,556
2024-05-24 19:31:56,526,662,794,556
2024-05-24 19:31:59,523,691,770,553
2024-05-24 19:32:01,529,693,779,560
2024-05-24 19:32:03,535,685,777,566
2024-05-24 19:32:06,535,687,779,566
2024-05-24 19:32:08,536,692,785,566
2024-05-24 19:32:11,541,685,783,572
2024-05-24 19:32:13,547,683,788,579
2024-05-24 19:32:18,541,684,783,572
2024-05-24 19:32:20,541,686,785,572
2024-05-24 19:32:23,543,700,802,574
2024-05-24 19:32:25,540,678,777,571
2024-05-24 19:32:27,541,686,785,572
2024-05-24 19:32:30,550,703,811,581
2024-05-24 19:32:32,563,706,829,595
2024-05-24 19:32:35,569,707,837,602
2024-05-24 19:32:37,573,738,822,606
2024-05-24 19:32:39,574,745,830,607
2024-05-24 19:32:42,578,729,819,612
2024-05-24 19:32:44,587,746,845,620
2024-05-24 19:32:47,587,746,846,621
2024-05-24 19:32:49,589,761,863,623
2024-05-24 19:32:51,590,771,874,624
2024-05-24 19:32:54,585,732,829,619
2024-05-24 19:32:56,571,723,806,604
2024-05-24 19:32:59,561,739,810,593
2024-05-24 19:33:01,560,738,808,593
2024-05-24 19:33:03,560,731,801,592
2024-05-24 19:33:06,560,734,804,592
2024-05-24 19:33:08,572,727,810,605
2024-05-24 19:33:11,573,735,819,606
2024-05-24 19:33:13,568,748,827,601
2024-05-24 19:33:15,554,687,801,586
2024-05-24 19:33:18,538,714,810,569
2024-05-24 19:33:20,525,704,784,555
2024-05-24 19:33:23,527,672,805,557
2024-05-24 19:33:25,531,702,789,561
2024-05-24 19:33:27,535,691,783,566
2024-05-24 19:33:30,540,677,775,571
2024-05-24 19:33:32,544,712,814,576
2024-05-24 19:33:35,545,716,820,576
2024-05-24 19:33:37,543,702,803,575
2024-05-24 19:33:39,537,700,794,568
2024-05-24 19:33:42,530,693,780,560
2024-05-24 19:33:44,521,673,799,551
2024-05-24 19:33:47,518,653,776,548
2024-05-24 19:33:49,514,673,793,544
2024-05-24 19:33:51,515,675,745,544
2024-05-24 19:33:54,515,677,747,544
2024-05-24 19:33:56,508,669,781,537
2024-05-24 19:33:59,502,672,778,530
2024-05-24 19:34:01,496,627,726,524
2024-05-24 19:34:03,495,667,765,523
2024-05-24 19:34:06,496,631,730,525
2024-05-24 19:34:08,495,667,764,523
2024-05-24 19:34:11,492,649,745,521
2024-05-24 19:34:13,495,670,768,524
2024-05-24 19:34:15,494,665,762,523
2024-05-24 19:34:18,493,653,749,521
2024-05-24 19:34:20,489,621,762,517
2024-05-24 19:34:23,488,616,757,516
2024-05-24 19:34:25,496,629,728,525
2024-05-24 19:34:27,507,663,774,536
2024-05-24 19:34:30,517,692,764,546
2024-05-24 19:34:32,535,683,775,565
2024-05-24 19:34:35,547,728,783,578
2024-05-24 19:34:37,556,704,820,588
2024-05-24 19:34:39,559,724,792,591
2024-05-24 19:34:42,574,743,829,607
2024-05-24 19:34:44,582,757,851,615
2024-05-24 19:34:47,591,731,836,625
2024-05-24 19:34:49,605,741,861,640
2024-05-24 19:34:51,613,754,882,648
2024-05-24 19:34:54,623,783,873,659
2024-05-24 19:34:56,629,778,873,665
2024-05-24 19:34:59,629,778,874,665
2024-05-24 19:35:01,620,756,892,655
2024-05-24 19:35:03,614,766,896,650
2024-05-24 19:35:06,600,755,870,635
2024-05-24 19:35:08,587,749,849,621
2024-05-24 19:35:11,581,748,841,614
2024-05-24 19:35:13,571,720,852,604
2024-05-24 19:35:15,569,702,832,601
2024-05-24 19:35:18,571,718,849,603
2024-05-24 19:35:20,575,751,838,608
2024-05-24 19:35:23,576,711,848,609
2024-05-24 19:35:25,566,729,805,598
2024-05-24 19:35:27,558,720,838,590
2024-05-24 19:35:30,549,701,809,581
2024-05-24 19:35:32,552,718,829,583
2024-05-24 19:35:35,557,713,829,589
2024-05-24 19:35:37,569,707,837,602
2024-05-24 19:35:39,571,722,804,604
2024-05-24 19:35:42,567,741,819,600
2024-05-24 19:35:44,574,742,827,607
2024-05-24 19:35:47,582,759,854,616
2024-05-24 19:35:49,583,766,861,616
2024-05-24 19:35:51,581,750,843,614
2024-05-24 19:35:54,580,745,837,614
2024-05-24 19:35:56,570,713,844,603
2024-05-24 19:35:59,567,740,817,600
2024-05-24 19:36:01,567,742,820,600
2024-05-24 19:36:03,566,732,808,599
2024-05-24 19:36:06,565,726,801,598
2024-05-24 19:36:08,566,729,805,598
2024-05-24 19:36:11,576,757,844,609
2024-05-24 19:36:13,576,713,851,609
2024-05-24 19:36:15,577,719,857,610
2024-05-24 19:36:18,585,728,825,618
2024-05-24 19:36:20,588,759,860,622
2024-05-24 19:36:23,589,762,864,623
2024-05-24 19:36:25,585,731,828,618
2024-05-24 19:36:27,576,712,850,609
2024-05-24 19:36:30,559,723,791,591
2024-05-24 19:36:32,549,697,805,581
2024-05-24 19:36:35,533,675,765,564
2024-05-24 19:36:37,530,697,784,560
2024-05-24 19:36:39,526,663,795,556
2024-05-24 19:36:42,518,648,771,547
2024-05-24 19:36:44,515,676,746,544
2024-05-24 19:36:47,525,656,787,555
2024-05-24 19:36:49,536,691,784,566
2024-05-24 19:36:51,542,690,790,573
2024-05-24 19:36:54,541,680,779,572
2024-05-24 19:36:56,547,683,789,579
2024-05-24 19:36:59,541,687,786,572
2024-05-24 19:37:01,540,677,775,571
2024-05-24 19:37:03,537,703,798,568
2024-05-24 19:37:06,540,674,771,571
2024-05-24 19:37:08,538,713,809,569
2024-05-24 19:37:11,533,673,813,564
2024-05-24 19:37:13,528,685,770,559
2024-05-24 19:37:15,526,662,793,556
2024-05-24 19:37:18,520,670,795,550
2024-05-24 19:37:20,517,697,770,547
2024-05-24 19:37:23,519,657,781,548
2024-05-24 19:37:25,527,671,804,557
2024-05-24 19:37:27,541,683,781,572
2024-05-24 19:37:30,548,690,797,580
2024-05-24 19:37:32,554,689,802,586
2024-05-24 19:37:35,561,695,817,594
2024-05-24 19:37:37,562,701,823,594
2024-05-24 19:37:39,564,716,841,596
2024-05-24 19:37:42,566,732,808,599
2024-05-24 19:37:44,569,708,838,602
2024-05-24 19:37:46,578,724,814,611
2024-05-24 19:37:49,585,733,831,619
2024-05-24 19:37:51,586,743,842,620
2024-05-24 19:37:54,580,746,839,614
2024-05-24 19:37:56,582,758,852,615
2024-05-24 19:37:58,597,775,836,631
2024-05-24 19:38:01,601,756,871,635
2024-05-24 19:38:03,610,777,851,645
2024-05-24 19:38:06,612,795,872,647
2024-05-24 19:38:08,610,780,855,645
2024-05-24 19:38:10,613,752,881,648
2024-05-24 19:38:13,605,788,857,639
2024-05-24 19:38:15,590,774,827,624
2024-05-24 19:38:18,579,736,827,612
2024-05-24 19:38:20,554,733,796,585
2024-05-24 19:38:22,545,714,817,576
2024-05-24 19:38:25,543,697,798,574
2024-05-24 19:38:27,541,684,783,572
2024-05-24 19:38:30,535,687,780,566
2024-05-24 19:38:32,524,696,776,554
2024-05-24 19:38:34,518,656,780,548
2024-05-24 19:38:37,514,674,794,544
2024-05-24 19:38:39,507,664,775,536
2024-05-24 19:38:42,503,632,739,532
2024-05-24 19:38:44,508,675,738,538
2024-05-24 19:38:46,514,672,791,544
2024-05-24 19:38:49,522,681,759,552
2024-05-24 19:38:51,544,705,807,575
2024-05-24 19:38:54,554,688,801,586
2024-05-24 19:38:56,555,696,810,587
2024-05-24 19:38:58,552,724,786,584
2024-05-24 19:39:01,541,681,780,572
2024-05-24 19:39:03,518,654,778,548
2024-05-24 19:39:06,510,640,755,540
2024-05-24 19:39:08,516,688,759,546
2024-05-24 19:39:10,518,650,773,548
2024-05-24 19:39:13,517,692,764,546
2024-05-24 19:39:15,522,680,757,552
2024-05-24 19:39:18,523,693,773,553
2024-05-24 19:39:20,522,683,761,552
2024-05-24 19:39:22,510,642,757,540
2024-05-24 19:39:25,499,648,750,527
2024-05-24 19:39:27,496,629,728,525
2024-05-24 19:39:30,501,667,771,530
2024-05-24 19:39:32,516,690,762,546
2024-05-24 19:39:34,524,698,778,554
2024-05-24 19:39:37,530,699,786,561
2024-05-24 19:39:39,535,690,783,566
2024-05-24 19:39:42,546,722,826,577
2024-05-24 19:39:44,555,695,810,587
2024-05-24 19:39:46,552,724,785,584
2024-05-24 19:39:49,549,700,808,581
2024-05-24 19:39:51,544,710,812,576
2024-05-24 19:39:54,544,706,808,575
2024-05-24 19:39:56,537,705,800,568
2024-05-24 19:39:58,531,709,797,562
2024-05-24 19:40:01,536,696,790,567
2024-05-24 19:40:03,540,673,820,571
2024-05-24 19:40:06,542,694,794,573
2024-05-24 19:40:08,546,727,782,578
2024-05-24 19:40:10,545,713,816,576
2024-05-24 19:40:13,543,703,805,575
2024-05-24 19:40:15,548,688,794,579
2024-05-24 19:40:18,559,729,798,591
2024-05-24 19:40:20,573,740,825,606
2024-05-24 19:40:22,578,728,818,611
2024-05-24 19:40:25,591,733,838,625
2024-05-24 19:40:27,603,774,841,638
2024-05-24 19:40:30,614,758,887,649
2024-05-24 19:40:32,612,797,874,647
2024-05-24 19:40:34,611,789,865,646
2024-05-24 19:40:37,601,762,877,636
2024-05-24 19:40:39,594,755,863,628
2024-05-24 19:40:42,584,726,823,618
2024-05-24 19:40:44,578,726,815,611
2024-05-24 19:40:46,565,726,801,598
2024-05-24 19:40:49,552,723,785,584
2024-05-24 19:40:51,545,715,819,576
2024-05-24 19:40:54,533,669,809,563
2024-05-24 19:40:56,523,689,767,553
2024-05-24 19:40:58,519,659,783,549
2024-05-24 19:41:01,506,660,771,536
2024-05-24 19:41:03,506,661,772,536
2024-05-24 19:41:06,507,662,772,536
2024-05-24 19:41:08,513,659,777,542
2024-05-24 19:41:10,521,676,752,551
2024-05-24 19:41:13,536,695,789,567
2024-05-24 19:41:15,546,726,781,578
2024-05-24 19:41:18,548,690,797,580
2024-05-24 19:41:20,544,708,810,575
2024-05-24 19:41:22,532,711,800,562
2024-05-24 19:41:25,512,655,771,541
2024-05-24 19:41:27,508,671,783,537
2024-05-24 19:41:30,502,675,731,531
2024-05-24 19:41:32,491,639,733,519
2024-05-24 19:41:34,478,636,716,506
2024-05-24 19:41:37,464,625,738,491
2024-05-24 19:41:39,455,603,707,481
2024-05-24 19:41:42,452,581,682,478
2024-05-24 19:41:44,462,610,721,489
2024-05-24 19:41:46,485,639,726,513
2024-05-24 19:41:49,494,666,763,523
2024-05-24 19:41:51,501,665,769,529
2024-05-24 19:41:54,512,653,770,541
2024-05-24 19:41:56,515,681,751,545
2024-05-24 19:41:58,523,692,771,553
2024-05-24 19:42:01,523,694,774,553
2024-05-24 19:42:03,519,662,787,549
2024-05-24 19:42:06,519,657,781,548
2024-05-24 19:42:08,520,666,791,550
2024-05-24 19:42:10,512,658,775,542
2024-05-24 19:42:13,509,678,741,538
2024-05-24 19:42:15,509,680,743,538
2024-05-24 19:42:18,516,689,761,546
2024-05-24 19:42:20,523,690,769,553
2024-05-24 19:42:22,528,680,765,558
2024-05-24 19:42:25,527,671,804,557
2024-05-24 19:42:27,521,676,753,551
2024-05-24 19:42:30,520,668,794,550
2024-05-24 19:42:32,522,685,763,552
2024-05-24 19:42:34,519,663,788,549
2024-05-24 19:42:37,513,660,778,542
2024-05-24 19:42:39,511,643,759,540
2024-05-24 19:42:42,509,679,742,538
2024-05-24 19:42:44,506,659,769,535
2024-05-24 19:42:46,508,673,786,537
2024-05-24 19:42:49,511,649,765,541
2024-05-24 19:42:51,512,655,772,541
2024-05-24 19:42:54,519,664,789,549
2024-05-24 19:42:56,528,684,769,559
2024-05-24 19:42:58,535,690,783,566
2024-05-24 19:43:01,538,712,807,569
2024-05-24 19:43:03,533,671,811,564
2024-05-24 19:43:06,536,695,789,567
2024-05-24 19:43:08,532,712,801,562
2024-05-24 19:43:10,532,711,800,562
2024-05-24 19:43:13,530,694,780,560
2024-05-24 19:43:15,516,687,758,546
2024-05-24 19:43:18,502,679,735,531
2024-05-24 19:43:20,495,667,765,523
2024-05-24 19:43:22,489,626,718,518
2024-05-24 19:43:25,497,639,739,526
2024-05-24 19:43:27,505,650,759,534
2024-05-24 19:43:30,517,692,764,546
2024-05-24 19:43:32,533,671,811,564
2024-05-24 19:43:34,541,687,787,573
2024-05-24 19:43:37,542,690,789,573
2024-05-24 19:43:39,539,719,816,570
2024-05-24 19:43:42,543,697,797,574
2024-05-24 19:43:44,547,680,785,578
2024-05-24 19:43:46,566,729,805,598
2024-05-24 19:43:49,573,736,820,606
2024-05-24 19:43:51,576,710,847,609
2024-05-24 19:43:54,577,715,853,610
2024-05-24 19:43:56,574,745,830,607
2024-05-24 19:43:58,569,706,836,602
2024-05-24 19:44:01,567,737,814,599
2024-05-24 19:44:03,560,733,803,592
2024-05-24 19:44:06,553,731,793,585
2024-05-24 19:44:08,548,691,798,580
2024-05-24 19:44:10,542,689,789,573
2024-05-24 19:44:13,533,670,810,564
2024-05-24 19:44:15,519,656,780,548
2024-05-24 19:44:18,512,651,767,541
2024-05-24 19:44:20,502,678,735,531
2024-05-24 19:44:22,500,662,766,529
2024-05-24 19:44:25,501,669,774,530
2024-05-24 19:44:27,502,677,733,531
2024-05-24 19:44:30,500,661,765,529
2024-05-24 19:44:32,506,655,765,535
2024-05-24 19:44:34,513,665,783,543
2024-05-24 19:44:37,517,694,767,547
2024-05-24 19:44:39,533,671,811,564
2024-05-24 19:44:42,542,689,788,573
2024-05-24 19:44:44,554,686,800,586
2024-05-24 19:44:46,558,716,833,590
2024-05-24 19:44:49,554,687,800,586
2024-05-24 19:44:51,541,684,783,572
2024-05-24 19:44:54,531,704,792,561
2024-05-24 19:44:56,523,689,768,553
2024-05-24 19:44:58,517,695,768,547
2024-05-24 19:45:01,520,665,791,550
2024-05-24 19:45:03,515,676,746,544
2024-05-24 19:45:06,511,647,763,540
2024-05-24 19:45:08,505,647,756,534
2024-05-24 19:45:10,496,632,731,525
2024-05-24 19:45:13,483,624,759,511
2024-05-24 19:45:15,478,634,713,505
2024-05-24 19:45:18,473,647,721,500
2024-05-24 19:45:20,485,637,724,512
2024-05-24 19:45:22,495,624,773,524
2024-05-24 19:45:25,510,688,753,539
2024-05-24 19:45:27,526,669,802,557
2024-05-24 19:45:30,541,685,784,572
2024-05-24 19:45:32,558,720,838,590
2024-05-24 19:45:34,559,730,799,592
2024-05-24 19:45:37,551,717,827,583
2024-05-24 19:45:39,549,698,806,581
2024-05-24 19:45:42,547,681,786,578
2024-05-24 19:45:44,549,697,805,581
2024-05-24 19:45:46,550,705,813,582
2024-05-24 19:45:49,545,715,819,576
2024-05-24 19:45:51,534,679,771,565
2024-05-24 19:45:54,531,703,790,561
2024-05-24 19:45:56,528,682,767,559
2024-05-24 19:45:58,521,672,798,550
2024-05-24 19:46:01,510,641,756,540
2024-05-24 19:46:03,503,634,740,532
2024-05-24 19:46:06,503,635,742,532
2024-05-24 19:46:08,510,640,755,540
2024-05-24 19:46:10,512,652,768,541
2024-05-24 19:46:13,510,642,757,540
2024-05-24 19:46:15,509,684,748,539
2024-05-24 19:46:18,511,647,763,540
2024-05-24 19:46:20,513,664,782,543
2024-05-24 19:46:22,507,667,779,536
2024-05-24 19:46:25,494,663,760,523
2024-05-24 19:46:27,490,632,725,518
2024-05-24 19:46:30,480,654,736,508
2024-05-24 19:46:32,479,645,726,507
2024-05-24 19:46:34,482,618,751,510
2024-05-24 19:46:37,473,649,723,501
2024-05-24 19:46:39,474,602,726,501
2024-05-24 19:46:42,484,636,723,512
2024-05-24 19:46:44,492,643,737,520
2024-05-24 19:46:46,497,636,737,526
2024-05-24 19:46:49,506,660,771,535
2024-05-24 19:46:51,505,649,759,534
2024-05-24 19:46:54,503,634,741,532
2024-05-24 19:46:56,507,667,779,536
2024-05-24 19:46:58,512,654,771,541
2024-05-24 19:47:01,514,672,791,544
2024-05-24 19:47:03,524,699,779,554
2024-05-24 19:47:06,529,693,779,560
2024-05-24 19:47:08,534,679,770,565
2024-05-24 19:47:10,544,709,811,575
2024-05-24 19:47:13,554,687,800,586
2024-05-24 19:47:15,561,696,817,594
2024-05-24 19:47:18,566,734,811,599
2024-05-24 19:47:20,566,730,806,598
2024-05-24 19:47:22,563,709,832,595
2024-05-24 19:47:25,559,726,795,591
2024-05-24 19:47:27,552,722,833,584
2024-05-24 19:47:30,537,706,801,568
2024-05-24 19:47:32,523,694,773,553
2024-05-24 19:47:34,506,660,770,535
2024-05-24 19:47:37,501,671,776,530
2024-05-24 19:47:39,503,633,740,532
2024-05-24 19:47:42,504,640,748,533
2024-05-24 19:47:44,500,657,760,528
2024-05-24 19:47:46,502,675,731,531
2024-05-24 19:47:49,496,629,728,525
2024-05-24 19:47:51,489,622,764,517
2024-05-24 19:47:54,489,619,760,517
2024-05-24 19:47:56,485,645,732,513
2024-05-24 19:47:58,487,654,743,515
2024-05-24 19:48:01,490,628,720,518
2024-05-24 19:48:03,490,633,726,519
2024-05-24 19:48:05,497,638,738,526
2024-05-24 19:48:08,502,676,732,531
2024-05-24 19:48:10,508,674,786,537
2024-05-24 19:48:13,515,679,749,545
2024-05-24 19:48:15,531,702,790,561
2024-05-24 19:48:17,535,688,781,566
2024-05-24 19:48:20,535,683,775,565
2024-05-24 19:48:22,522,682,760,552
2024-05-24 19:48:25,513,660,777,542
2024-05-24 19:48:27,495,672,771,524
2024-05-24 19:48:30,487,660,750,515
2024-05-24 19:48:32,480,651,732,507
2024-05-24 19:48:34,482,616,749,510
2024-05-24 19:48:37,485,638,724,512
2024-05-24 19:48:39,477,631,710,505
2024-05-24 19:48:41,473,646,720,500
2024-05-24 19:48:44,469,618,738,496
2024-05-24 19:48:46,462,607,718,488
2024-05-24 19:48:49,456,614,720,483
2024-05-24 19:48:51,450,617,716,476
2024-05-24 19:48:53,451,624,723,477
2024-05-24 19:48:56,457,617,723,483
2024-05-24 19:48:58,465,636,701,492
2024-05-24 19:49:01,468,609,728,495
2024-05-24 19:49:03,469,618,738,497
2024-05-24 19:49:05,464,625,739,491
2024-05-24 19:49:08,459,632,690,485
2024-05-24 19:49:10,453,586,687,479
2024-05-24 19:49:13,449,605,702,475
2024-05-24 19:49:15,450,617,716,476
2024-05-24 19:49:17,458,629,686,485
2024-05-24 19:49:20,455,602,705,481
2024-05-24 19:49:22,456,608,712,482
2024-05-24 19:49:25,454,600,703,481
2024-05-24 19:49:27,458,624,731,484
2024-05-24 19:49:29,456,612,717,482
2024-05-24 19:49:32,464,626,740,491
2024-05-24 19:49:34,467,602,719,494
2024-05-24 19:49:37,470,623,744,497
2024-05-24 19:49:39,484,629,715,511
2024-05-24 19:49:41,489,622,763,517
2024-05-24 19:49:44,493,650,746,521
2024-05-24 19:49:46,495,674,772,524
2024-05-24 19:49:49,497,638,739,526
2024-05-24 19:49:51,493,658,754,522
2024-05-24 19:49:53,487,653,742,514
2024-05-24 19:49:56,493,657,753,522
2024-05-24 19:49:58,493,654,750,521
2024-05-24 19:50:01,495,669,767,523
2024-05-24 19:50:03,485,640,727,513
2024-05-24 19:50:05,479,640,720,506
2024-05-24 19:50:08,473,644,717,500
2024-05-24 19:50:10,472,639,712,499
2024-05-24 19:50:13,476,623,750,504
2024-05-24 19:50:15,475,615,742,503
2024-05-24 19:50:17,472,637,710,499
2024-05-24 19:50:20,474,607,732,502
2024-05-24 19:50:22,481,611,743,509
2024-05-24 19:50:25,491,637,730,519
2024-05-24 19:50:27,493,654,749,521
2024-05-24 19:50:29,495,670,769,524
2024-05-24 19:50:32,498,642,744,526
2024-05-24 19:50:34,502,675,731,531
2024-05-24 19:50:37,502,674,779,531
2024-05-24 19:50:39,503,632,739,532
2024-05-24 19:50:41,503,680,736,531
2024-05-24 19:50:44,497,634,734,525
2024-05-24 19:50:46,496,632,732,525
2024-05-24 19:50:49,494,663,760,523
2024-05-24 19:50:51,490,632,725,518
2024-05-24 19:50:53,498,643,745,527
2024-05-24 19:50:56,516,684,755,545
2024-05-24 19:50:58,526,669,802,557
2024-05-24 19:51:01,531,704,791,561
2024-05-24 19:51:03,531,706,794,562
2024-05-24 19:51:05,528,679,763,558
2024-05-24 19:51:08,515,676,745,544
2024-05-24 19:51:10,509,683,747,539
2024-05-24 19:51:13,501,667,771,530
2024-05-24 19:51:15,493,654,750,521
2024-05-24 19:51:17,490,632,725,518
2024-05-24 19:51:20,487,659,748,515
2024-05-24 19:51:22,492,649,744,521
2024-05-24 19:51:25,503,634,741,532
2024-05-24 19:51:27,509,680,743,538
2024-05-24 19:51:29,515,680,750,545
2024-05-24 19:51:32,509,680,744,538
2024-05-24 19:51:34,504,640,748,533
2024-05-24 19:51:37,506,657,767,535
2024-05-24 19:51:39,513,660,778,542
2024-05-24 19:51:41,524,697,777,554
2024-05-24 19:51:44,524,700,780,554
2024-05-24 19:51:46,524,697,777,554
2024-05-24 19:51:49,515,675,745,544
2024-05-24 19:51:51,508,670,782,537
2024-05-24 19:51:53,492,646,740,520
2024-05-24 19:51:56,488,666,756,516
2024-05-24 19:51:58,486,653,741,514
2024-05-24 19:52:01,485,638,725,513
2024-05-24 19:52:03,480,655,737,508
2024-05-24 19:52:05,479,643,723,506
2024-05-24 19:52:08,481,609,742,509
2024-05-24 19:52:10,485,637,723,512
2024-05-24 19:52:13,485,644,731,513
2024-05-24 19:52:15,483,629,714,511
2024-05-24 19:52:17,479,646,726,507
2024-05-24 19:52:20,482,620,754,510
2024-05-24 19:52:22,487,655,744,515
2024-05-24 19:52:25,490,631,724,518
2024-05-24 19:52:27,494,665,762,523
2024-05-24 19:52:29,492,645,739,520
2024-05-24 19:52:32,481,658,741,509
2024-05-24 19:52:34,472,640,713,499
2024-05-24 19:52:37,467,601,719,494
2024-05-24 19:52:39,470,622,742,497
2024-05-24 19:52:41,469,617,736,496
2024-05-24 19:52:44,471,632,703,498
2024-05-24 19:52:46,480,652,733,508
2024-05-24 19:52:49,485,644,732,513
2024-05-24 19:52:51,495,667,764,523
2024-05-24 19:52:53,506,660,770,535
2024-05-24 19:52:56,515,676,746,544
2024-05-24 19:52:58,528,683,767,559
2024-05-24 19:53:01,529,692,779,560
2024-05-24 19:53:03,528,678,762,558
2024-05-24 19:53:05,508,676,739,538
2024-05-24 19:53:08,494,660,757,522
2024-05-24 19:53:10,482,615,749,509
2024-05-24 19:53:13,479,640,720,506
2024-05-24 19:53:15,479,646,727,507
2024-05-24 19:53:17,482,619,752,510
2024-05-24 19:53:20,483,624,758,511
2024-05-24 19:53:22,479,644,725,507
2024-05-24 19:53:25,470,619,739,497
2024-05-24 19:53:27,467,597,714,494
2024-05-24 19:53:29,467,602,720,494
2024-05-24 19:53:32,465,635,700,492
2024-05-24 19:53:34,456,615,721,483
2024-05-24 19:53:37,453,588,689,479
2024-05-24 19:53:39,451,626,726,477
2024-05-24 19:53:41,454,596,699,480
2024-05-24 19:53:44,455,605,709,481
2024-05-24 19:53:46,456,610,715,482
2024-05-24 19:53:49,464,627,741,491
2024-05-24 19:53:51,476,618,744,503
2024-05-24 19:53:53,486,651,739,514
2024-05-24 19:53:56,488,662,752,516
2024-05-24 19:53:58,483,628,713,511
2024-05-24 19:54:01,499,648,750,527
2024-05-24 19:54:03,504,643,751,533
2024-05-24 19:54:05,511,647,763,540
2024-05-24 19:54:08,513,661,778,542
2024-05-24 19:54:10,509,681,745,538
2024-05-24 19:54:13,518,654,778,548
2024-05-24 19:54:15,536,696,789,567
2024-05-24 19:54:17,540,679,777,571
2024-05-24 19:54:20,541,685,784,572
2024-05-24 19:54:22,559,725,793,591
2024-05-24 19:54:25,566,731,808,598
2024-05-24 19:54:27,569,704,834,602
2024-05-24 19:54:29,567,740,818,600
2024-05-24 19:54:32,562,700,822,594
2024-05-24 19:54:34,554,686,799,586
2024-05-24 19:54:37,552,724,785,584
2024-05-24 19:54:39,549,695,802,580
2024-05-24 19:54:41,550,705,813,582
2024-05-24 19:54:44,551,713,823,583
2024-05-24 19:54:46,557,711,827,589
2024-05-24 19:54:49,557,712,828,589
2024-05-24 19:54:51,567,743,821,600
2024-05-24 19:54:53,575,757,844,609
2024-05-24 19:54:56,572,730,813,605
2024-05-24 19:54:58,569,705,835,602
2024-05-24 19:55:01,560,736,806,592
2024-05-24 19:55:03,554,688,801,586
2024-05-24 19:55:05,546,720,824,577
2024-05-24 19:55:08,539,717,814,570
2024-05-24 19:55:10,525,656,787,555
2024-05-24 19:55:13,519,664,789,549
2024-05-24 19:55:15,518,650,774,548
2024-05-24 19:55:17,520,669,795,550
2024-05-24 19:55:20,514,671,790,544
2024-05-24 19:55:22,504,638,746,533
2024-05-24 19:55:25,496,632,731,525
2024-05-24 19:55:27,492,643,737,520
2024-05-24 19:55:29,487,654,743,515
2024-05-24 19:55:32,480,650,732,507
2024-05-24 19:55:34,482,619,753,510
2024-05-24 19:55:37,488,663,753,516
2024-05-24 19:55:39,487,660,750,515
2024-05-24 19:55:41,484,630,715,511
2024-05-24 19:55:44,481,610,743,509
2024-05-24 19:55:46,488,662,752,516
2024-05-24 19:55:49,496,631,731,525
2024-05-24 19:55:51,498,646,747,527
2024-05-24 19:55:53,495,672,770,524
2024-05-24 19:55:56,491,637,731,519
2024-05-24 19:55:58,491,639,733,519
2024-05-24 19:56:01,485,639,726,513
2024-05-24 19:56:03,479,643,723,506
2024-05-24 19:56:05,472,639,711,499
2024-05-24 19:56:08,471,629,700,498
2024-05-24 19:56:10,466,643,709,493
2024-05-24 19:56:13,460,596,706,487
2024-05-24 19:56:15,457,616,721,483
2024-05-24 19:56:17,461,605,716,488
2024-05-24 19:56:20,471,630,702,498
2024-05-24 19:56:22,476,620,747,503
2024-05-24 19:56:25,486,649,737,514
2024-05-24 19:56:27,492,650,745,521
2024-05-24 19:56:29,500,661,765,529
2024-05-24 19:56:32,503,633,740,532
2024-05-24 19:56:34,502,672,777,530
2024-05-24 19:56:37,499,652,755,528
2024-05-24 19:56:39,500,661,765,529
2024-05-24 19:56:44,499,649,751,527
2024-05-24 19:56:46,499,651,753,528
2024-05-24 19:56:49,504,641,749,533
2024-05-24 19:56:51,510,686,750,539
2024-05-24 19:56:53,517,695,768,547
2024-05-24 19:56:56,521,676,752,551
2024-05-24 19:56:58,519,656,780,548
2024-05-24 19:57:01,515,681,752,545
2024-05-24 19:57:03,516,686,758,546
2024-05-24 19:57:05,521,676,753,551
2024-05-24 19:57:08,530,700,787,561
2024-05-24 19:57:10,534,675,766,564
2024-05-24 19:57:13,530,694,780,560
2024-05-24 19:57:15,524,700,781,554
2024-05-24 19:57:17,525,660,791,555
2024-05-24 19:57:20,535,685,778,566
2024-05-24 19:57:22,541,686,786,572
2024-05-24 19:57:25,553,731,794,585
2024-05-24 19:57:27,552,720,831,584
2024-05-24 19:57:29,551,709,819,582
2024-05-24 19:57:32,552,724,786,584
2024-05-24 19:57:34,545,713,816,576
2024-05-24 19:57:37,531,703,790,561
2024-05-24 19:57:39,518,649,771,547
2024-05-24 19:57:41,505,648,757,534
2024-05-24 19:57:44,500,661,764,529
2024-05-24 19:57:46,500,661,765,529
2024-05-24 19:57:49,507,665,776,536
2024-05-24 19:57:51,512,652,769,541
2024-05-24 19:57:53,509,679,743,538
2024-05-24 19:57:56,509,681,745,538
2024-05-24 19:57:58,513,659,776,542
2024-05-24 19:58:01,516,686,757,546
2024-05-24 19:58:03,512,652,768,541
2024-05-24 19:58:05,495,667,764,523
2024-05-24 19:58:08,485,637,724,512
2024-05-24 19:58:10,477,627,705,504
2024-05-24 19:58:13,476,619,746,503
2024-05-24 19:58:15,477,626,754,504
2024-05-24 19:58:17,493,656,752,522
2024-05-24 19:58:20,505,652,761,534
2024-05-24 19:58:22,512,653,769,541
2024-05-24 19:58:25,512,658,776,542
2024-05-24 19:58:27,511,644,760,540
2024-05-24 19:58:29,507,664,776,536
2024-05-24 19:58:32,504,638,746,533
2024-05-24 19:58:34,507,662,772,536
2024-05-24 19:58:37,509,678,742,538
2024-05-24 19:58:39,505,648,757,534
2024-05-24 19:58:41,502,676,732,531
2024-05-24 19:58:44,502,677,733,531
2024-05-24 19:58:46,501,669,774,530
2024-05-24 19:58:49,502,672,777,530
2024-05-24 19:58:51,509,685,749,539
2024-05-24 19:58:53,512,652,768,541
2024-05-24 19:58:56,515,679,750,545
2024-05-24 19:58:58,508,676,739,538
2024-05-24 19:59:00,510,689,753,539
2024-05-24 19:59:03,515,681,751,545
2024-05-24 19:59:05,519,656,780,548
2024-05-24 19:59:08,516,684,755,545
2024-05-24 19:59:10,498,644,745,527
2024-05-24 19:59:12,487,656,745,515
2024-05-24 19:59:15,478,639,718,506
2024-05-24 19:59:17,461,604,714,488
2024-05-24 19:59:20,455,602,705,481
2024-05-24 19:59:22,455,603,706,481
2024-05-24 19:59:24,458,624,730,484
2024-05-24 19:59:27,458,629,687,485
2024-05-24 19:59:29,467,595,712,493
2024-05-24 19:59:32,479,641,720,506
2024-05-24 19:59:34,491,635,728,519
2024-05-24 19:59:36,496,629,728,525
2024-05-24 19:59:39,513,663,781,543
2024-05-24 19:59:41,526,669,801,557
2024-05-24 19:59:44,535,686,778,566
2024-05-24 19:59:46,544,709,812,576
2024-05-24 19:59:48,541,682,781,572
2024-05-24 19:59:51,523,695,774,553
2024-05-24 19:59:53,513,661,779,542
2024-05-24 19:59:56,503,635,742,532
2024-05-24 19:59:58,494,661,758,522
2024-05-24 20:00:01,487,660,749,515
2024-05-24 20:00:03,480,654,735,508
2024-05-24 20:00:05,473,650,724,501
2024-05-24 20:00:08,474,606,731,502
2024-05-24 20:00:10,481,612,745,509
2024-05-24 20:00:12,488,665,755,516
2024-05-24 20:00:15,500,660,764,529
2024-05-24 20:00:17,501,669,773,530
2024-05-24 20:00:20,503,634,741,532
2024-05-24 20:00:22,493,655,750,521
2024-05-24 20:00:24,493,657,753,522
2024-05-24 20:00:27,491,637,731,519
2024-05-24 20:00:29,491,637,730,519
2024-05-24 20:00:32,486,645,733,513
2024-05-24 20:00:34,483,627,712,511
2024-05-24 20:00:36,496,628,727,525
2024-05-24 20:00:39,505,646,754,534
2024-05-24 20:00:41,502,674,780,531
2024-05-24 20:00:44,498,641,742,526
2024-05-24 20:00:46,500,658,761,529
2024-05-24 20:00:48,503,637,744,532
2024-05-24 20:00:51,501,671,776,530
2024-05-24 20:00:56,496,629,728,525
2024-05-24 20:00:58,490,630,723,518
2024-05-24 20:01:00,484,631,717,512
2024-05-24 20:01:03,473,647,721,500
2024-05-24 20:01:05,469,617,737,496
2024-05-24 20:01:08,469,614,733,496
2024-05-24 20:01:10,465,630,695,491
2024-05-24 20:01:12,462,610,722,489
2024-05-24 20:01:15,466,637,703,492
2024-05-24 20:01:17,465,630,695,491
2024-05-24 20:01:20,467,595,711,493
2024-05-24 20:01:22,475,610,736,502
2024-05-24 20:01:24,482,620,754,510
2024-05-24 20:01:27,497,635,735,525
2024-05-24 20:01:29,503,636,743,532
2024-05-24 20:01:32,505,652,761,534
2024-05-24 20:01:34,500,658,762,529
2024-05-24 20:01:36,482,620,754,510
2024-05-24 20:01:39,474,606,731,502
2024-05-24 20:01:41,470,620,740,497
2024-05-24 20:01:44,465,633,698,492
2024-05-24 20:01:46,458,625,732,484
2024-05-24 20:01:48,452,626,726,478
2024-05-24 20:01:51,452,578,679,478
2024-05-24 20:01:53,455,601,705,481
2024-05-24 20:01:56,464,623,736,490
2024-05-24 20:01:58,468,604,721,495
2024-05-24 20:02:00,462,610,722,489
2024-05-24 20:02:03,464,624,738,491
2024-05-24 20:02:05,469,612,730,496
2024-05-24 20:02:08,471,627,698,498
2024-05-24 20:02:10,472,637,710,499
2024-05-24 20:02:13,468,608,726,495
2024-05-24 20:02:15,461,604,715,488
2024-05-24 20:02:17,457,617,723,483
2024-05-24 20:02:20,451,621,721,477
2024-05-24 20:02:22,453,591,693,479
2024-05-24 20:02:24,462,612,724,489
2024-05-24 20:02:27,465,633,698,492
2024-05-24 20:02:29,474,606,731,502
2024-05-24 20:02:32,474,605,730,501
2024-05-24 20:02:34,476,624,751,504
2024-05-24 20:02:36,473,644,717,500
2024-05-24 20:02:39,475,613,739,502
2024-05-24 20:02:41,484,633,719,512
2024-05-24 20:02:44,484,634,720,512
2024-05-24 20:02:46,486,648,736,514
2024-05-24 20:02:48,492,649,744,521
2024-05-24 20:02:51,499,651,753,528
2024-05-24 20:02:53,498,645,746,527
2024-05-24 20:02:56,498,644,745,527
2024-05-24 20:02:58,491,635,728,519
2024-05-24 20:03:00,477,631,709,505
2024-05-24 20:03:03,471,627,748,498
2024-05-24 20:03:05,460,595,705,487
2024-05-24 20:03:08,463,620,734,490
2024-05-24 20:03:10,464,621,734,490
2024-05-24 20:03:12,452,579,680,478
2024-05-24 20:03:15,448,601,697,474
2024-05-24 20:03:17,451,623,723,477
2024-05-24 20:03:20,452,626,726,478
2024-05-24 20:03:22,452,627,727,478
2024-05-24 20:03:24,444,618,709,470
2024-05-24 20:03:27,438,571,706,463
2024-05-24 20:03:29,431,561,688,455
2024-05-24 20:03:32,436,603,685,461
2024-05-24 20:03:34,445,578,671,471
2024-05-24 20:03:36,446,584,678,472
2024-05-24 20:03:39,448,596,692,474
2024-05-24 20:03:41,448,601,698,474
2024-05-24 20:03:44,448,600,696,474
2024-05-24 20:03:46,461,603,714,488
2024-05-24 20:03:48,474,601,726,501
2024-05-24 20:03:51,488,664,754,516
2024-05-24 20:03:53,500,657,760,528
2024-05-24 20:03:56,504,640,748,533
2024-05-24 20:03:58,514,673,792,544
2024-05-24 20:04:00,518,653,776,548
2024-05-24 20:04:03,517,692,764,546
2024-05-24 20:04:05,513,660,778,542
2024-05-24 20:04:08,510,686,750,539
2024-05-24 20:04:10,501,669,773,530
2024-05-24 20:04:12,497,633,733,525
2024-05-24 20:04:15,484,633,719,512
2024-05-24 20:04:17,475,612,738,502
2024-05-24 20:04:20,475,613,739,502
2024-05-24 20:04:22,470,619,739,497
2024-05-24 20:04:27,472,635,707,499
2024-05-24 20:04:29,474,650,724,501
2024-05-24 20:04:32,473,647,721,500
2024-05-24 20:04:34,479,645,725,507
2024-05-24 20:04:36,486,650,738,514
2024-05-24 20:04:39,489,625,766,517
2024-05-24 20:04:41,481,611,744,509
2024-05-24 20:04:46,484,630,716,511
2024-05-24 20:04:48,496,630,730,525
2024-05-24 20:04:51,524,700,780,554
2024-05-24 20:04:53,541,685,784,572
2024-05-24 20:04:56,537,701,795,568
2024-05-24 20:04:58,525,661,793,556
2024-05-24 20:05:00,520,667,793,550
2024-05-24 20:05:03,508,674,786,537
2024-05-24 20:05:05,501,668,772,530
2024-05-24 20:05:08,497,636,737,526
2024-05-24 20:05:10,488,664,754,516
2024-05-24 20:05:12,477,629,708,505
2024-05-24 20:05:15,470,624,745,497
2024-05-24 20:05:17,465,632,697,492
2024-05-24 20:05:20,461,598,708,487
2024-05-24 20:05:22,453,587,688,479
2024-05-24 20:05:24,454,593,695,480
2024-05-24 20:05:27,459,587,696,486
2024-05-24 20:05:29,465,636,701,492
2024-05-24 20:05:32,469,614,733,496
2024-05-24 20:05:34,465,635,700,492
2024-05-24 20:05:36,459,633,691,485
2024-05-24 20:05:39,457,618,724,483
2024-05-24 20:05:41,458,631,688,485
2024-05-24 20:05:44,464,628,692,491
2024-05-24 20:05:46,475,616,742,503
2024-05-24 20:05:48,476,623,750,504
2024-05-24 20:05:51,482,620,754,510
2024-05-24 20:05:53,492,650,745,521
2024-05-24 20:05:56,503,635,742,532
2024-05-24 20:05:58,507,664,775,536
2024-05-24 20:06:00,509,678,741,538
2024-05-24 20:06:03,503,635,742,532
2024-05-24 20:06:05,497,639,739,526
2024-05-24 20:06:08,494,662,759,522
2024-05-24 20:06:10,494,664,761,523
2024-05-24 20:06:12,497,638,739,526
2024-05-24 20:06:15,496,626,724,524
2024-05-24 20:06:17,495,673,771,524
2024-05-24 20:06:20,502,675,731,531
2024-05-24 20:06:22,503,635,742,532
2024-05-24 20:06:24,506,654,764,535
2024-05-24 20:06:27,514,673,792,544
2024-05-24 20:06:29,515,678,749,545
2024-05-24 20:06:32,518,654,777,548
2024-05-24 20:06:34,512,655,772,541
2024-05-24 20:06:36,510,687,752,539
2024-05-24 20:06:39,505,648,756,534
2024-05-24 20:06:41,500,659,762,529
2024-05-24 20:06:44,500,657,760,528
2024-05-24 20:06:46,495,674,772,524
2024-05-24 20:06:48,486,650,738,514
2024-05-24 20:06:51,472,640,713,499
2024-05-24 20:06:53,461,601,711,487
2024-05-24 20:06:56,447,592,687,473
2024-05-24 20:06:58,440,584,671,465
2024-05-24 20:07:00,441,595,684,467
2024-05-24 20:07:03,458,626,732,484
2024-05-24 20:07:05,469,615,735,496
2024-05-24 20:07:08,486,646,734,514
2024-05-24 20:07:10,496,624,773,524
2024-05-24 20:07:12,508,671,783,537
2024-05-24 20:07:15,515,679,749,545
2024-05-24 20:07:17,517,694,767,547
2024-05-24 20:07:20,524,702,783,554
2024-05-24 20:07:22,521,679,756,551
2024-05-24 20:07:24,515,680,750,545
2024-05-24 20:07:27,510,688,752,539
2024-05-24 20:07:29,509,682,746,538
2024-05-24 20:07:32,502,673,778,531
2024-05-24 20:07:34,504,638,745,533
2024-05-24 20:07:36,497,636,736,526
2024-05-24 20:07:39,496,626,725,524
2024-05-24 20:07:41,494,666,763,523
2024-05-24 20:07:44,482,616,749,510
2024-05-24 20:07:46,470,618,738,497
2024-05-24 20:07:48,456,611,716,482
2024-05-24 20:07:51,453,587,689,479
2024-05-24 20:07:53,454,599,703,481
2024-05-24 20:07:56,460,594,703,487
2024-05-24 20:07:58,462,610,721,489
2024-05-24 20:08:00,464,626,740,491
2024-05-24 20:08:03,463,618,731,490
2024-05-24 20:08:05,467,601,718,494
2024-05-24 20:08:08,470,622,743,497
2024-05-24 20:08:10,479,643,723,507
2024-05-24 20:08:12,485,643,730,513
2024-05-24 20:08:15,489,624,766,517
2024-05-24 20:08:17,493,653,749,521
2024-05-24 20:08:20,495,666,764,523
2024-05-24 20:08:22,502,678,734,531
2024-05-24 20:08:24,502,678,735,531
2024-05-24 20:08:27,499,651,753,528
2024-05-24 20:08:29,497,637,737,526
2024-05-24 20:08:32,495,667,764,523
2024-05-24 20:08:34,494,662,759,522
2024-05-24 20:08:36,488,664,754,516
2024-05-24 20:08:39,484,631,716,512
2024-05-24 20:08:41,478,636,715,506
2024-05-24 20:08:44,473,650,724,501
2024-05-24 20:08:46,472,635,708,499
2024-05-24 20:08:48,467,600,718,494
2024-05-24 20:08:51,463,618,731,490
2024-05-24 20:08:53,452,583,684,478
2024-05-24 20:08:56,448,600,696,474
2024-05-24 20:08:58,440,588,676,466
2024-05-24 20:09:00,425,564,684,449
2024-05-24 20:09:03,416,548,659,440
2024-05-24 20:09:05,412,567,674,436
2024-05-24 20:09:08,415,540,650,439
2024-05-24 20:09:10,416,541,651,439
2024-05-24 20:09:12,417,556,669,441
2024-05-24 20:09:15,421,587,653,445
2024-05-24 20:09:17,438,572,708,464
2024-05-24 20:09:20,450,617,715,476
2024-05-24 20:09:22,453,586,687,479
2024-05-24 20:09:24,450,611,709,475
2024-05-24 20:09:27,447,591,686,473
2024-05-24 20:09:29,431,561,688,455
2024-05-24 20:09:32,422,593,660,446
2024-05-24 20:09:34,410,549,653,434
2024-05-24 20:09:36,406,568,668,430
2024-05-24 20:09:39,400,569,662,423
2024-05-24 20:09:41,398,556,647,421
2024-05-24 20:09:44,401,526,670,424
2024-05-24 20:09:46,405,557,655,428
2024-05-24 20:09:48,410,549,654,434
2024-05-24 20:09:51,414,578,686,438
2024-05-24 20:09:53,419,568,682,443
2024-05-24 20:09:56,420,577,692,444
2024-05-24 20:09:58,438,568,703,463
2024-05-24 20:10:00,449,610,707,475
2024-05-24 20:10:03,454,594,696,480
2024-05-24 20:10:05,465,629,693,491
2024-05-24 20:10:07,465,630,694,491
2024-05-24 20:10:10,466,638,704,492
2024-05-24 20:10:12,466,642,708,493
2024-05-24 20:10:15,462,613,725,489
2024-05-24 20:10:17,454,594,696,480
2024-05-24 20:10:19,447,587,681,472
2024-05-24 20:10:22,436,600,683,461
2024-05-24 20:10:24,431,565,693,456
2024-05-24 20:10:27,429,599,674,454
2024-05-24 20:10:29,426,573,694,450
2024-05-24 20:10:32,420,580,646,445
2024-05-24 20:10:34,414,582,641,438
2024-05-24 20:10:36,417,549,660,440
2024-05-24 20:10:39,419,569,683,443
2024-05-24 20:10:41,420,578,693,444
2024-05-24 20:10:44,422,595,663,447
2024-05-24 20:10:46,430,559,686,455
2024-05-24 20:10:48,431,567,695,456
2024-05-24 20:10:51,436,603,686,461
2024-05-24 20:10:53,439,580,667,465
2024-05-24 20:10:56,439,578,714,464
2024-05-24 20:10:58,436,600,682,461
2024-05-24 20:11:00,438,568,702,463
2024-05-24 20:11:03,437,609,693,462
2024-05-24 20:11:05,440,581,668,465
2024-05-24 20:11:08,446,585,679,472
2024-05-24 20:11:10,448,600,697,474
2024-05-24 20:11:12,443,609,700,469
2024-05-24 20:11:15,442,597,686,467
2024-05-24 20:11:17,436,607,690,462
2024-05-24 20:11:20,433,577,706,458
2024-05-24 20:11:22,427,585,658,452
2024-05-24 20:11:24,423,550,669,447
2024-05-24 20:11:27,416,546,657,440
2024-05-24 20:11:29,413,572,679,437
2024-05-24 20:11:32,407,575,675,431
2024-05-24 20:11:34,403,544,640,426
2024-05-24 20:11:36,400,570,663,423
2024-05-24 20:11:41,399,564,656,422
2024-05-24 20:11:44,393,559,644,415
2024-05-24 20:11:46,392,554,638,414
2024-05-24 20:11:48,393,566,651,416
2024-05-24 20:11:51,399,557,648,421
2024-05-24 20:11:53,406,563,662,429
2024-05-24 20:11:56,422,594,661,446
2024-05-24 20:11:58,434,589,669,459
2024-05-24 20:12:00,450,616,714,476
2024-05-24 20:12:03,454,599,702,481
2024-05-24 20:12:05,453,587,688,479
2024-05-24 20:12:08,447,589,683,472
2024-05-24 20:12:10,448,596,692,474
2024-05-24 20:12:12,449,603,700,474
2024-05-24 20:12:15,450,616,714,476
2024-05-24 20:12:17,448,598,694,474
2024-05-24 20:12:20,447,594,690,473
2024-05-24 20:12:22,443,607,698,468
2024-05-24 20:12:24,439,580,667,465
2024-05-24 20:12:27,431,566,693,456
2024-05-24 20:12:29,424,555,674,448
2024-05-24 20:12:32,424,560,679,449
2024-05-24 20:12:34,422,596,664,447
2024-05-24 20:12:36,426,575,697,451
2024-05-24 20:12:39,436,603,686,461
2024-05-24 20:12:41,442,599,688,467
2024-05-24 20:12:44,463,613,725,489
2024-05-24 20:12:46,476,618,745,503
2024-05-24 20:12:48,493,651,747,521
2024-05-24 20:12:51,500,662,766,529
2024-05-24 20:12:53,502,673,779,531
2024-05-24 20:12:56,496,628,728,525
2024-05-24 20:12:58,487,657,746,515
2024-05-24 20:13:00,474,607,732,502
2024-05-24 20:13:03,467,600,717,494
2024-05-24 20:13:05,462,612,724,489
2024-05-24 20:13:08,462,607,718,488
2024-05-24 20:13:10,465,635,700,492
2024-05-24 20:13:12,472,636,709,499
2024-05-24 20:13:15,477,624,752,504
2024-05-24 20:13:17,482,620,753,510
2024-05-24 20:13:20,474,606,731,502
2024-05-24 20:13:22,465,633,698,492
2024-05-24 20:13:24,457,617,723,483
2024-05-24 20:13:27,449,608,705,475
2024-05-24 20:13:29,440,586,674,466
2024-05-24 20:13:32,435,593,674,460
2024-05-24 20:13:34,439,574,710,464
2024-05-24 20:13:36,439,580,667,465
2024-05-24 20:13:39,437,563,697,462
2024-05-24 20:13:41,438,568,703,463
2024-05-24 20:13:44,437,564,698,463
2024-05-24 20:13:46,435,592,673,460
2024-05-24 20:13:48,429,598,673,454
2024-05-24 20:13:51,428,591,665,453
2024-05-24 20:13:53,430,559,686,455
2024-05-24 20:13:56,435,596,678,460
2024-05-24 20:13:58,438,566,700,463
2024-05-24 20:14:00,432,572,700,457
2024-05-24 20:14:03,425,567,688,450
2024-05-24 20:14:05,422,596,664,447
2024-05-24 20:14:08,419,565,679,443
2024-05-24 20:14:10,414,580,638,438
2024-05-24 20:14:12,416,544,654,440
2024-05-24 20:14:15,419,572,687,444
2024-05-24 20:14:17,415,586,645,439
2024-05-24 20:14:20,413,573,681,437
2024-05-24 20:14:22,410,545,649,433
2024-05-24 20:14:24,406,564,664,429
2024-05-24 20:14:27,399,562,654,422
2024-05-24 20:14:29,394,522,658,417
2024-05-24 20:14:31,390,538,620,412
2024-05-24 20:14:34,390,536,618,412
2024-05-24 20:14:36,391,550,633,414
2024-05-24 20:14:39,397,544,633,420
2024-05-24 20:14:41,400,572,665,423
2024-05-24 20:14:43,404,554,652,428
2024-05-24 20:14:46,405,561,660,429
2024-05-24 20:14:48,404,548,645,427
2024-05-24 20:14:51,400,565,657,423
2024-05-24 20:14:53,403,541,637,426
2024-05-24 20:14:55,405,559,658,428
2024-05-24 20:14:58,406,569,669,430
2024-05-24 20:15:00,409,538,641,432
2024-05-24 20:15:03,410,549,653,434
2024-05-24 20:15:05,408,536,638,432
2024-05-24 20:15:07,410,548,652,434
2024-05-24 20:15:10,409,544,647,433
2024-05-24 20:15:12,415,584,643,438
2024-05-24 20:15:15,428,587,660,452
2024-05-24 20:15:17,454,595,698,480
2024-05-24 20:15:19,463,619,731,490
2024-05-24 20:15:22,475,612,738,502
2024-05-24 20:15:27,470,625,746,497
2024-05-24 20:15:29,462,608,720,488
2024-05-24 20:15:31,455,601,705,481
2024-05-24 20:15:34,444,618,710,470
2024-05-24 20:15:36,442,598,687,467
2024-05-24 20:15:39,438,568,703,463
2024-05-24 20:15:41,443,609,700,469
2024-05-24 20:15:43,443,611,702,469
2024-05-24 20:15:46,440,582,669,465
2024-05-24 20:15:48,434,587,667,459
2024-05-24 20:15:51,424,559,678,448
2024-05-24 20:15:53,417,556,668,441
2024-05-24 20:15:55,421,584,650,445
2024-05-24 20:15:58,426,573,695,450
2024-05-24 20:16:00,429,599,674,454
2024-05-24 20:16:03,427,580,652,451
2024-05-24 20:16:05,430,603,678,454
2024-05-24 20:16:07,434,587,667,459
2024-05-24 20:16:10,442,599,688,467
2024-05-24 20:16:12,445,576,719,471
2024-05-24 20:16:15,444,614,705,469
2024-05-24 20:16:17,441,596,684,467
2024-05-24 20:16:19,443,609,700,469
2024-05-24 20:16:22,439,579,666,465
2024-05-24 20:16:24,441,592,680,466
2024-05-24 20:16:27,444,616,708,469
2024-05-24 20:16:29,447,587,681,472
2024-05-24 20:16:31,441,594,682,466
2024-05-24 20:16:34,439,577,713,464
2024-05-24 20:16:36,444,618,710,470
2024-05-24 20:16:39,494,660,757,522
2024-05-24 20:16:41,513,660,777,542
2024-05-24 20:16:43,528,680,764,558
2024-05-24 20:16:46,533,674,765,564
2024-05-24 20:16:48,538,707,802,569
2024-05-24 20:16:51,541,684,782,572
2024-05-24 20:16:53,535,690,783,566
2024-05-24 20:16:56,524,697,776,554
2024-05-24 20:16:58,507,666,778,536
2024-05-24 20:17:00,497,633,733,525
2024-05-24 20:17:03,485,643,731,513
2024-05-24 20:17:05,474,608,733,502
2024-05-24 20:17:07,466,642,708,493
2024-05-24 20:17:10,453,586,687,479
2024-05-24 20:17:12,440,588,676,466
2024-05-24 20:17:15,428,591,666,453
2024-05-24 20:17:17,423,547,665,447
2024-05-24 20:17:19,431,565,692,456
2024-05-24 20:17:22,440,583,670,465
2024-05-24 20:17:24,453,586,688,479
2024-05-24 20:17:27,464,627,741,491
2024-05-24 20:17:29,469,613,732,496
2024-05-24 20:17:31,473,649,723,501
2024-05-24 20:17:34,474,607,732,502
2024-05-24 20:17:36,468,610,729,495
2024-05-24 20:17:39,460,594,704,487
2024-05-24 20:17:41,449,609,706,475
2024-05-24 20:17:43,445,575,718,471
2024-05-24 20:17:46,443,605,695,468
2024-05-24 20:17:48,441,594,683,467
2024-05-24 20:17:51,435,597,679,460
2024-05-24 20:17:53,426,578,700,451
2024-05-24 20:17:55,417,553,665,441
2024-05-24 20:17:58,410,546,649,433
2024-05-24 20:18:00,400,570,663,423
2024-05-24 20:18:03,392,556,640,415
2024-05-24 20:18:05,389,531,611,411
2024-05-24 20:18:07,374,515,630,396
2024-05-24 20:18:10,369,521,629,390
2024-05-24 20:18:12,370,530,640,391
2024-05-24 20:18:15,371,539,600,392
2024-05-24 20:18:17,379,502,621,401
2024-05-24 20:18:19,386,511,639,409
2024-05-24 20:18:22,391,545,627,413
2024-05-24 20:18:24,394,520,656,417
2024-05-24 20:18:27,398,553,644,421
2024-05-24 20:18:29,400,566,658,423
2024-05-24 20:18:31,405,554,652,428
2024-05-24 20:18:34,409,539,642,432
2024-05-24 20:18:36,414,583,642,438
2024-05-24 20:18:39,416,548,660,440
2024-05-24 20:18:41,421,586,652,445
2024-05-24 20:18:43,430,603,678,454
2024-05-24 20:18:46,431,564,692,456
2024-05-24 20:18:48,426,573,694,450
2024-05-24 20:18:51,414,583,642,438
2024-05-24 20:18:53,408,534,636,432
2024-05-24 20:18:55,405,558,657,428
2024-05-24 20:18:58,407,572,672,430
2024-05-24 20:19:00,415,584,643,438
2024-05-24 20:19:03,418,559,672,442
2024-05-24 20:19:05,422,596,664,447
2024-05-24 20:19:07,424,555,674,448
2024-05-24 20:19:10,425,565,685,449
2024-05-24 20:19:12,428,587,660,452
2024-05-24 20:19:15,432,569,697,456
2024-05-24 20:19:17,437,612,696,462
2024-05-24 20:19:19,440,588,675,466
2024-05-24 20:19:22,445,574,717,471
2024-05-24 20:19:24,456,609,714,482
2024-05-24 20:19:27,455,602,706,481
2024-05-24 20:19:29,455,601,704,481
2024-05-24 20:19:31,453,590,692,479
2024-05-24 20:19:34,447,594,690,473
2024-05-24 20:19:36,435,593,674,460
2024-05-24 20:19:39,427,582,655,452
2024-05-24 20:19:41,416,543,653,440
2024-05-24 20:19:43,411,556,662,435
2024-05-24 20:19:46,416,544,654,440
2024-05-24 20:19:48,418,559,672,442
2024-05-24 20:19:51,419,565,679,443
2024-05-24 20:19:53,416,547,658,440
2024-05-24 20:19:55,411,557,662,435
2024-05-24 20:19:58,405,560,658,429
2024-05-24 20:20:00,408,533,635,432
2024-05-24 20:20:03,417,551,663,441
2024-05-24 20:20:05,432,570,698,457
2024-05-24 20:20:07,439,577,713,464
2024-05-24 20:20:10,439,577,714,464
2024-05-24 20:20:12,441,593,682,466
2024-05-24 20:20:15,447,591,686,473
2024-05-24 20:20:17,441,596,685,467
2024-05-24 20:20:19,438,566,701,463
2024-05-24 20:20:22,431,562,689,456
2024-05-24 20:20:24,432,573,702,457
2024-05-24 20:20:27,437,608,691,462
2024-05-24 20:20:29,440,584,671,465
2024-05-24 20:20:31,440,588,676,466
2024-05-24 20:20:34,443,605,695,468
2024-05-24 20:20:36,440,585,672,465
2024-05-24 20:20:39,437,608,691,462
2024-05-24 20:20:41,435,598,680,460
2024-05-24 20:20:43,432,569,697,457
2024-05-24 20:20:46,434,591,672,459
2024-05-24 20:20:48,430,557,683,455
2024-05-24 20:20:51,424,560,680,449
2024-05-24 20:20:53,420,580,645,445
2024-05-24 20:20:55,409,542,645,433
2024-05-24 20:20:58,394,521,657,417
2024-05-24 20:21:00,391,550,633,414
2024-05-24 20:21:03,393,564,649,416
2024-05-24 20:21:05,392,559,643,415
2024-05-24 20:21:07,390,542,624,413
2024-05-24 20:21:10,394,524,661,417
2024-05-24 20:21:12,395,527,665,418
2024-05-24 20:21:15,392,556,640,415
2024-05-24 20:21:17,387,519,648,410
2024-05-24 20:21:19,386,556,634,408
2024-05-24 20:21:22,393,561,646,415
2024-05-24 20:21:24,400,571,665,423
2024-05-24 20:21:27,410,548,652,434
2024-05-24 20:21:29,417,554,666,441
2024-05-24 20:21:31,417,555,667,441
2024-05-24 20:21:34,409,538,641,432
2024-05-24 20:21:36,408,581,632,431
2024-05-24 20:21:39,410,544,647,433
2024-05-24 20:21:41,411,558,664,435
2024-05-24 20:21:43,416,542,652,440
2024-05-24 20:21:46,434,585,666,459
2024-05-24 20:21:48,443,612,703,469
2024-05-24 20:21:51,450,615,714,476
2024-05-24 20:21:53,450,612,710,476
2024-05-24 20:21:55,448,597,693,474
2024-05-24 20:21:58,450,613,711,476
2024-05-24 20:22:00,442,604,694,468
2024-05-24 20:22:03,436,606,689,461
2024-05-24 20:22:05,432,569,697,456
2024-05-24 20:22:07,430,556,683,455
2024-05-24 20:22:10,424,556,675,448
2024-05-24 20:22:12,418,562,675,442
2024-05-24 20:22:15,417,550,661,441
2024-05-24 20:22:17,415,539,649,439
2024-05-24 20:22:19,415,584,643,438
2024-05-24 20:22:22,410,547,651,433
2024-05-24 20:22:24,407,570,670,430
2024-05-24 20:22:27,405,555,654,428
2024-05-24 20:22:29,405,557,655,428
2024-05-24 20:22:31,405,559,657,428
2024-05-24 20:22:34,405,557,655,428
2024-05-24 20:22:36,408,532,634,432
2024-05-24 20:22:39,415,587,647,439
2024-05-24 20:22:41,416,546,657,440
2024-05-24 20:22:43,423,554,673,448
2024-05-24 20:22:46,424,557,676,448
2024-05-24 20:22:48,421,588,655,446
2024-05-24 20:22:51,418,560,672,442
2024-05-24 20:22:53,424,555,674,448
2024-05-24 20:22:55,437,608,692,462
2024-05-24 20:22:58,437,563,697,462
2024-05-24 20:23:00,436,603,685,461
2024-05-24 20:23:03,434,585,665,459
2024-05-24 20:23:05,436,602,684,461
2024-05-24 20:23:07,430,556,682,455
2024-05-24 20:23:10,425,569,690,450
2024-05-24 20:23:12,424,554,673,448
2024-05-24 20:23:15,418,560,673,442
2024-05-24 20:23:17,415,540,650,439
2024-05-24 20:23:19,414,579,688,438
2024-05-24 20:23:22,419,567,680,443
2024-05-24 20:23:24,427,580,652,451
2024-05-24 20:23:27,439,581,667,465
2024-05-24 20:23:29,443,607,697,468
2024-05-24 20:23:31,436,603,686,461
2024-05-24 20:23:34,432,574,702,457
2024-05-24 20:23:36,432,569,697,457
2024-05-24 20:23:39,423,551,669,447
2024-05-24 20:23:41,413,571,678,437
2024-05-24 20:23:43,401,527,671,424
2024-05-24 20:23:46,397,545,635,420
2024-05-24 20:23:48,400,566,659,423
2024-05-24 20:23:51,400,570,663,423
2024-05-24 20:23:53,402,532,626,425
2024-05-24 20:23:55,398,551,641,421
2024-05-24 20:23:58,394,521,658,417
2024-05-24 20:24:00,392,558,643,415
2024-05-24 20:24:03,388,526,656,411
2024-05-24 20:24:05,385,548,624,407
2024-05-24 20:24:07,384,543,618,406
2024-05-24 20:24:10,386,555,632,408
2024-05-24 20:24:12,384,543,619,406
2024-05-24 20:24:15,379,505,626,401
2024-05-24 20:24:17,378,541,609,399
2024-05-24 20:24:19,369,523,632,390
2024-05-24 20:24:22,369,524,633,390
2024-05-24 20:24:24,368,512,620,389
2024-05-24 20:24:27,372,494,606,393
2024-05-24 20:24:29,372,497,609,393
2024-05-24 20:24:31,375,518,632,396
2024-05-24 20:24:34,375,524,640,397
2024-05-24 20:24:36,379,505,625,401
2024-05-24 20:24:39,379,502,621,401
2024-05-24 20:24:41,372,500,612,394
2024-05-24 20:24:43,371,541,602,393
2024-05-24 20:24:46,372,494,606,393
2024-05-24 20:24:48,377,538,606,399
2024-05-24 20:24:51,384,545,620,406
2024-05-24 20:24:53,384,542,617,406
2024-05-24 20:24:55,380,509,629,402
