,Air measurement,Tree number_x,Air-tree ID,Distance_to_tree,objectid,lat,lon,Tree_within_d_(default: 20m),borough,gla_tree_group,tree_name,taxon_name,age,age_group,spread_m,height_m,diameter_at_breast_height_cm,gdb_geomattr_data,load_date,updated
0,22,201,22_201,4.139006946512567,60423,51.48023919761184,-0.0585334002971025,True,Southwark,Plane,London Plane,Platanus occidentalis x orientalis = P. x hispanica,1  Mature,Mature(31-80),10.0,13.0,41.0,,20201127,20210218
1,23,201,23_201,3.6042026098116526,60423,51.48023919761184,-0.0585334002971025,True,Southwark,Plane,London Plane,Platanus occidentalis x orientalis = P. x hispanica,1  Mature,Mature(31-80),10.0,13.0,41.0,,20201127,20210218
2,29,209,29_209,2.8565409457428492,72268,51.48002289980662,-0.0579665005206423,True,Southwark,Plane,London Plane,Platanus occidentalis x orientalis = P. x hispanica,1  Mature,Mature(31-80),12.0,15.0,64.0,,20201127,20210218
3,122,232,122_232,3.174760025329335,81690,51.47867829352624,-0.0549705028533517,True,Southwark,Plane,London Plane,Platanus occidentalis x orientalis = P. x hispanica,1  Mature,Mature(31-80),12.0,17.0,59.0,,20201127,20210218
4,123,232,123_232,0.935277820987256,81690,51.47867829352624,-0.0549705028533517,True,Southwark,Plane,London Plane,Platanus occidentalis x orientalis = P. x hispanica,1  Mature,Mature(31-80),12.0,17.0,59.0,,20201127,20210218
5,124,232,124_232,1.3189156447368755,81690,51.47867829352624,-0.0549705028533517,True,Southwark,Plane,London Plane,Platanus occidentalis x orientalis = P. x hispanica,1  Mature,Mature(31-80),12.0,17.0,59.0,,20201127,20210218
6,125,232,125_232,3.559983674914804,81690,51.47867829352624,-0.0549705028533517,True,Southwark,Plane,London Plane,Platanus occidentalis x orientalis = P. x hispanica,1  Mature,Mature(31-80),12.0,17.0,59.0,,20201127,20210218
7,126,232,126_232,4.711323317271627,81690,51.47867829352624,-0.0549705028533517,True,Southwark,Plane,London Plane,Platanus occidentalis x orientalis = P. x hispanica,1  Mature,Mature(31-80),12.0,17.0,59.0,,20201127,20210218
8,126,163,126_163,3.2742891308429027,617319,51.47861239314077,-0.055014304816589,True,Southwark,Whitebeam,,,,Unknown,,,,,20180214,20210218
9,127,163,127_163,1.93021249465301,617319,51.47861239314077,-0.055014304816589,True,Southwark,Whitebeam,,,,Unknown,,,,,20180214,20210218
11,127,162,127_162,3.7550508149100312,617316,51.47859679907556,-0.0550466030835712,True,Southwark,Whitebeam,,,,Unknown,,,,,20180214,20210218
12,128,162,128_162,2.6037119018404105,617316,51.47859679907556,-0.0550466030835712,True,Southwark,Whitebeam,,,,Unknown,,,,,20180214,20210218
14,128,312,128_312,4.396822005976341,87325,51.4785997942091,-0.0551178008317875,True,Southwark,Hornbeam,Hornbeam,Carpinus betulus,Mature (31-80 ,Veteran(over150),,,32.0,,20201127,20210218
10,128,163,128_163,3.3493404844610044,617319,51.47861239314077,-0.055014304816589,True,Southwark,Whitebeam,,,,Unknown,,,,,20180214,20210218
13,129,162,129_162,3.88917419783387,617316,51.47859679907556,-0.0550466030835712,True,Southwark,Whitebeam,,,,Unknown,,,,,20180214,20210218
15,129,312,129_312,1.5405757924952956,87325,51.4785997942091,-0.0551178008317875,True,Southwark,Hornbeam,Hornbeam,Carpinus betulus,Mature (31-80 ,Veteran(over150),,,32.0,,20201127,20210218
17,130,20,130_20,4.729373106513644,87316,51.47844919562344,-0.0552538037300077,True,Southwark,Other,Undetermined,,Early Mature (16-30 ,Veteran(over150),,,24.0,,20201127,20210218
16,131,312,131_312,2.642142212510021,87325,51.4785997942091,-0.0551178008317875,True,Southwark,Hornbeam,Hornbeam,Carpinus betulus,Mature (31-80 ,Veteran(over150),,,32.0,,20201127,20210218
21,131,298,131_298,3.499356817508978,87290,51.47860080003744,-0.0551754012703607,True,Southwark,Beech,Beech,Fagus sylvatica,Mature (31-80 ,Veteran(over150),,,34.0,,20201127,20210218
22,132,13,132_13,2.0700464187934275,87309,51.47811109572658,-0.0554698035119199,True,Southwark,Other,Undetermined,,Early Mature (16-30 ,Veteran(over150),,,22.0,,20201127,20210218
18,136,20,136_20,3.8738233270133073,87316,51.47844919562344,-0.0552538037300077,True,Southwark,Other,Undetermined,,Early Mature (16-30 ,Veteran(over150),,,24.0,,20201127,20210218
19,137,20,137_20,1.625033395967424,87316,51.47844919562344,-0.0552538037300077,True,Southwark,Other,Undetermined,,Early Mature (16-30 ,Veteran(over150),,,24.0,,20201127,20210218
20,138,20,138_20,3.278074025931165,87316,51.47844919562344,-0.0552538037300077,True,Southwark,Other,Undetermined,,Early Mature (16-30 ,Veteran(over150),,,24.0,,20201127,20210218
25,143,15,143_15,2.7955129593198773,87311,51.47827989608054,-0.0553475022316136,True,Southwark,Other,Undetermined,,Early Mature (16-30 ,Veteran(over150),,,22.0,,20201127,20210218
28,143,16,143_16,4.085810498631707,87312,51.47829909622673,-0.0554186031221403,True,Southwark,Other,Undetermined,,Early Mature (16-30 ,Veteran(over150),,,22.0,,20201127,20210218
29,144,16,144_16,4.227638577915126,87312,51.47829909622673,-0.0554186031221403,True,Southwark,Other,Undetermined,,Early Mature (16-30 ,Veteran(over150),,,22.0,,20201127,20210218
26,144,15,144_15,1.528773648722167,87311,51.47827989608054,-0.0553475022316136,True,Southwark,Other,Undetermined,,Early Mature (16-30 ,Veteran(over150),,,22.0,,20201127,20210218
27,145,15,145_15,4.455873989303457,87311,51.47827989608054,-0.0553475022316136,True,Southwark,Other,Undetermined,,Early Mature (16-30 ,Veteran(over150),,,22.0,,20201127,20210218
23,150,13,150_13,1.7126689649599667,87309,51.47811109572658,-0.0554698035119199,True,Southwark,Other,Undetermined,,Early Mature (16-30 ,Veteran(over150),,,22.0,,20201127,20210218
24,151,13,151_13,2.3491983744615705,87309,51.47811109572658,-0.0554698035119199,True,Southwark,Other,Undetermined,,Early Mature (16-30 ,Veteran(over150),,,22.0,,20201127,20210218
30,155,10,155_10,3.991080894152622,87306,51.47796819359074,-0.0555335059760382,True,Southwark,Other,Undetermined,,Early Mature (16-30 ,Veteran(over150),,,22.0,,20201127,20210218
31,155,11,155_11,3.954950350601483,87307,51.47799679636961,-0.0556331053375968,True,Southwark,Other,Undetermined,,Early Mature (16-30 ,Veteran(over150),,,22.0,,20201127,20210218
32,156,11,156_11,2.2762412474808,87307,51.47799679636961,-0.0556331053375968,True,Southwark,Other,Undetermined,,Early Mature (16-30 ,Veteran(over150),,,22.0,,20201127,20210218
33,160,549,160_549,4.27706873930595,104282,51.478017397224974,-0.0557907000183655,True,Southwark,Lime,Lime,Tilia platyphyllos x cordata = T. x europaea,Mature (31-80 ,Veteran(over150),,,61.0,,20201127,20210218
34,161,551,161_551,3.754347498390678,104284,51.4780188947917,-0.0558770000933622,True,Southwark,Sycamore,Sycamore,Acer pseudoplatanus,Mature (31-80 ,Veteran(over150),,,51.0,,20201127,20210218
35,162,551,162_551,3.809006023564286,104284,51.4780188947917,-0.0558770000933622,True,Southwark,Sycamore,Sycamore,Acer pseudoplatanus,Mature (31-80 ,Veteran(over150),,,51.0,,20201127,20210218
36,217,313,217_313,4.693102869247034,87329,51.47782219946392,-0.0581176057457768,True,Southwark,Whitebeam,Common Whitebeam,Sorbus aria,Young (0-15 ,Young(0-15),,,6.0,,20201127,20210218
37,217,958,217_958,3.352341290526509,839357,51.47783069312568,-0.0580884069203452,True,Southwark,Black Locust,False-acacia,Robinia pseudoacacia,Mature (31-80 ,Veteran(over150),,,46.0,,20201127,20210218
39,218,959,218_959,4.33216626985979,839358,51.47780349850648,-0.0580752044915398,True,Southwark,Black Locust,False-acacia,Robinia pseudoacacia,Early Mature (16-30 ,Veteran(over150),,,59.0,,20201127,20210218
38,218,958,218_958,3.1200731553685284,839357,51.47783069312568,-0.0580884069203452,True,Southwark,Black Locust,False-acacia,Robinia pseudoacacia,Mature (31-80 ,Veteran(over150),,,46.0,,20201127,20210218
40,219,25,219_25,4.924245772115336,87324,51.477801099419736,-0.0579313039778695,True,Southwark,Other,A Flowering Plant,,Young (0-15 ,Young(0-15),,,,,20201127,20210218
41,220,25,220_25,2.6557196779827583,87324,51.477801099419736,-0.0579313039778695,True,Southwark,Other,A Flowering Plant,,Young (0-15 ,Young(0-15),,,,,20201127,20210218
42,221,25,221_25,4.6160330815237485,87324,51.477801099419736,-0.0579313039778695,True,Southwark,Other,A Flowering Plant,,Young (0-15 ,Young(0-15),,,,,20201127,20210218
43,221,23,221_23,4.3741491301885835,87322,51.47772829979679,-0.0578767061233244,True,Southwark,Other,A Flowering Plant,,Young (0-15 ,Young(0-15),,,6.0,,20201127,20210218
47,222,118,222_118,4.856882939132192,616980,51.47778059542172,-0.0578377023338528,True,Southwark,Other,,,,Unknown,,,,,20180214,20210218
44,222,23,222_23,2.418893543248583,87322,51.47772829979679,-0.0578767061233244,True,Southwark,Other,A Flowering Plant,,Young (0-15 ,Young(0-15),,,6.0,,20201127,20210218
45,223,23,223_23,2.357125873466844,87322,51.47772829979679,-0.0578767061233244,True,Southwark,Other,A Flowering Plant,,Young (0-15 ,Young(0-15),,,6.0,,20201127,20210218
48,223,24,223_24,4.901477511095691,87323,51.47776299715048,-0.0578033030033033,True,Southwark,Other,A Flowering Plant,,Young (0-15 ,Young(0-15),,,5.0,,20201127,20210218
46,224,23,224_23,4.137340348572536,87322,51.47772829979679,-0.0578767061233244,True,Southwark,Other,A Flowering Plant,,Young (0-15 ,Young(0-15),,,6.0,,20201127,20210218
49,226,834,226_834,3.3267515098135356,131758,51.47768949717285,-0.057705603539954,True,Southwark,Sycamore,Sycamore,Acer pseudoplatanus,Mature (31-80 ,Veteran(over150),,,37.0,,20201127,20210218
50,227,834,227_834,1.3898132367757299,131758,51.47768949717285,-0.057705603539954,True,Southwark,Sycamore,Sycamore,Acer pseudoplatanus,Mature (31-80 ,Veteran(over150),,,37.0,,20201127,20210218
52,227,963,227_963,4.983866607757538,839362,51.477715998888144,-0.0576757043600221,True,Southwark,Black Locust,False-acacia,Robinia pseudoacacia,Early Mature (16-30 ,Veteran(over150),,,7.0,,20201127,20210218
51,228,834,228_834,2.6551452830552726,131758,51.47768949717285,-0.057705603539954,True,Southwark,Sycamore,Sycamore,Acer pseudoplatanus,Mature (31-80 ,Veteran(over150),,,37.0,,20201127,20210218
53,230,835,230_835,4.002683001202462,131759,51.47763319313523,-0.0575640052556108,True,Southwark,Sycamore,Sycamore,Acer pseudoplatanus,Mature (31-80 ,Veteran(over150),,,42.0,,20201127,20210218
56,230,838,230_838,4.79130449625354,131762,51.47765089571483,-0.0575488060712412,True,Southwark,Sycamore,Sycamore,Acer pseudoplatanus,Young (0-15 ,Young(0-15),,,16.0,,20201127,20210218
54,231,835,231_835,2.2782834852521203,131759,51.47763319313523,-0.0575640052556108,True,Southwark,Sycamore,Sycamore,Acer pseudoplatanus,Mature (31-80 ,Veteran(over150),,,42.0,,20201127,20210218
57,231,838,231_838,1.396313991961767,131762,51.47765089571483,-0.0575488060712412,True,Southwark,Sycamore,Sycamore,Acer pseudoplatanus,Young (0-15 ,Young(0-15),,,16.0,,20201127,20210218
55,232,835,232_835,4.319221870447352,131759,51.47763319313523,-0.0575640052556108,True,Southwark,Sycamore,Sycamore,Acer pseudoplatanus,Mature (31-80 ,Veteran(over150),,,42.0,,20201127,20210218
58,232,838,232_838,2.28883757035569,131762,51.47765089571483,-0.0575488060712412,True,Southwark,Sycamore,Sycamore,Acer pseudoplatanus,Young (0-15 ,Young(0-15),,,16.0,,20201127,20210218
59,238,795,238_795,4.723585182419718,131718,51.47781099379073,-0.0574412047862294,True,Southwark,Ash,Ash,Fraxinus excelsior,Mature (31-80 ,Veteran(over150),,,38.0,,20201127,20210218
60,239,795,239_795,4.597805208575471,131718,51.47781099379073,-0.0574412047862294,True,Southwark,Ash,Ash,Fraxinus excelsior,Mature (31-80 ,Veteran(over150),,,38.0,,20201127,20210218
61,239,796,239_796,3.345929105815692,131719,51.47784599661839,-0.0573821067808993,True,Southwark,Birch,Silver Birch,Betula pendula,Early Mature (16-30 ,Veteran(over150),,,27.0,,20201127,20210218
62,240,796,240_796,1.1165732925760994,131719,51.47784599661839,-0.0573821067808993,True,Southwark,Birch,Silver Birch,Betula pendula,Early Mature (16-30 ,Veteran(over150),,,27.0,,20201127,20210218
63,241,796,241_796,3.611145633555032,131719,51.47784599661839,-0.0573821067808993,True,Southwark,Birch,Silver Birch,Betula pendula,Early Mature (16-30 ,Veteran(over150),,,27.0,,20201127,20210218
64,245,127,245_127,4.772633925152763,617079,51.477868497371695,-0.0571730062364542,True,Southwark,Ash,,,,Unknown,,,,,20180214,20210218
65,268,801,268_801,4.245057751900059,131725,51.47787849605088,-0.0566318035125233,True,Southwark,Sycamore,Sycamore,Acer pseudoplatanus,Mature (31-80 ,Veteran(over150),,,57.0,,20201127,20210218
66,269,801,269_801,1.6589496663334438,131725,51.47787849605088,-0.0566318035125233,True,Southwark,Sycamore,Sycamore,Acer pseudoplatanus,Mature (31-80 ,Veteran(over150),,,57.0,,20201127,20210218
67,270,801,270_801,4.162646650307458,131725,51.47787849605088,-0.0566318035125233,True,Southwark,Sycamore,Sycamore,Acer pseudoplatanus,Mature (31-80 ,Veteran(over150),,,57.0,,20201127,20210218
68,277,961,277_961,2.9278927357327653,839360,51.4778822958469,-0.0563149005174071,True,Southwark,Black Locust,False-acacia,Robinia pseudoacacia,Mature (31-80 ,Veteran(over150),,,34.0,,20201127,20210218
69,278,961,278_961,3.439865090341994,839360,51.4778822958469,-0.0563149005174071,True,Southwark,Black Locust,False-acacia,Robinia pseudoacacia,Mature (31-80 ,Veteran(over150),,,34.0,,20201127,20210218
70,278,802,278_802,2.563980521598781,131726,51.477854795754006,-0.0562872067093804,True,Southwark,Ash,Ash,Fraxinus excelsior,Mature (31-80 ,Veteran(over150),,,36.0,,20201127,20210218
71,279,802,279_802,2.8892990191038908,131726,51.477854795754006,-0.0562872067093804,True,Southwark,Ash,Ash,Fraxinus excelsior,Mature (31-80 ,Veteran(over150),,,36.0,,20201127,20210218
72,279,803,279_803,4.0569960412100015,131727,51.47783609479659,-0.0562448054551769,True,Southwark,Ash,Ash,Fraxinus excelsior,Mature (31-80 ,Veteran(over150),,,32.0,,20201127,20210218
73,280,803,280_803,3.9028690469253946,131727,51.47783609479659,-0.0562448054551769,True,Southwark,Ash,Ash,Fraxinus excelsior,Mature (31-80 ,Veteran(over150),,,32.0,,20201127,20210218
78,281,815,281_815,3.4462172695151425,131739,51.477754794061255,-0.0562195032834854,True,Southwark,Sycamore,Sycamore,Acer pseudoplatanus,Early Mature (16-30 ,Veteran(over150),,,46.0,,20201127,20210218
74,281,814,281_814,4.223842908868975,131738,51.477754496038,-0.0562051013111382,True,Southwark,Sycamore,Sycamore,Acer pseudoplatanus,Early Mature (16-30 ,Veteran(over150),,,30.0,,20201127,20210218
75,282,814,282_814,3.1756758683112545,131738,51.477754496038,-0.0562051013111382,True,Southwark,Sycamore,Sycamore,Acer pseudoplatanus,Early Mature (16-30 ,Veteran(over150),,,30.0,,20201127,20210218
79,282,815,282_815,2.372975948601895,131739,51.477754794061255,-0.0562195032834854,True,Southwark,Sycamore,Sycamore,Acer pseudoplatanus,Early Mature (16-30 ,Veteran(over150),,,46.0,,20201127,20210218
76,283,814,283_814,3.2578083610038493,131738,51.477754496038,-0.0562051013111382,True,Southwark,Sycamore,Sycamore,Acer pseudoplatanus,Early Mature (16-30 ,Veteran(over150),,,30.0,,20201127,20210218
80,283,815,283_815,3.0644320752887686,131739,51.477754794061255,-0.0562195032834854,True,Southwark,Sycamore,Sycamore,Acer pseudoplatanus,Early Mature (16-30 ,Veteran(over150),,,46.0,,20201127,20210218
77,284,814,284_814,4.4414665821428425,131738,51.477754496038,-0.0562051013111382,True,Southwark,Sycamore,Sycamore,Acer pseudoplatanus,Early Mature (16-30 ,Veteran(over150),,,30.0,,20201127,20210218
81,284,815,284_815,4.663982774947525,131739,51.477754794061255,-0.0562195032834854,True,Southwark,Sycamore,Sycamore,Acer pseudoplatanus,Early Mature (16-30 ,Veteran(over150),,,46.0,,20201127,20210218
82,285,810,285_810,2.2287641469305823,131734,51.477652795612784,-0.0560366064308578,True,Southwark,Plane,London Plane,Platanus occidentalis x orientalis = P. x hispanica,Mature (31-80 ,Veteran(over150),,,46.0,,20201127,20210218
83,289,810,289_810,1.050760336680718,131734,51.477652795612784,-0.0560366064308578,True,Southwark,Plane,London Plane,Platanus occidentalis x orientalis = P. x hispanica,Mature (31-80 ,Veteran(over150),,,46.0,,20201127,20210218
87,290,812,290_812,4.349830081708126,131736,51.47773389518273,-0.056047506630336,True,Southwark,Horse Chestnut,Red Horse-chestnut,Aesculus carnea,Early Mature (16-30 ,Veteran(over150),,,28.0,,20201127,20210218
88,291,812,291_812,2.2482532457817506,131736,51.47773389518273,-0.056047506630336,True,Southwark,Horse Chestnut,Red Horse-chestnut,Aesculus carnea,Early Mature (16-30 ,Veteran(over150),,,28.0,,20201127,20210218
90,291,811,291_811,4.017548156723958,131735,51.4777162000538,-0.0560627058147725,True,Southwark,Horse Chestnut,Red Horse-chestnut,Aesculus carnea,Early Mature (16-30 ,Veteran(over150),,,23.0,,20201127,20210218
92,291,813,291_813,2.272591340390884,131737,51.47772399336114,-0.055990405380704,True,Southwark,Willow,Hybrid Crack-willow,Salix euxina x alba = S. x fragilis,Mature (31-80 ,Veteran(over150),,,72.0,,20201127,20210218
89,292,812,292_812,3.1840723867818834,131736,51.47773389518273,-0.056047506630336,True,Southwark,Horse Chestnut,Red Horse-chestnut,Aesculus carnea,Early Mature (16-30 ,Veteran(over150),,,28.0,,20201127,20210218
91,292,811,292_811,3.078124334185286,131735,51.4777162000538,-0.0560627058147725,True,Southwark,Horse Chestnut,Red Horse-chestnut,Aesculus carnea,Early Mature (16-30 ,Veteran(over150),,,23.0,,20201127,20210218
93,292,813,292_813,2.4198718668052273,131737,51.47772399336114,-0.055990405380704,True,Southwark,Willow,Hybrid Crack-willow,Salix euxina x alba = S. x fragilis,Mature (31-80 ,Veteran(over150),,,72.0,,20201127,20210218
84,293,810,293_810,3.2772347850878254,131734,51.477652795612784,-0.0560366064308578,True,Southwark,Plane,London Plane,Platanus occidentalis x orientalis = P. x hispanica,Mature (31-80 ,Veteran(over150),,,46.0,,20201127,20210218
85,294,810,294_810,2.0799069641558794,131734,51.477652795612784,-0.0560366064308578,True,Southwark,Plane,London Plane,Platanus occidentalis x orientalis = P. x hispanica,Mature (31-80 ,Veteran(over150),,,46.0,,20201127,20210218
86,295,810,295_810,4.994544535579197,131734,51.477652795612784,-0.0560366064308578,True,Southwark,Plane,London Plane,Platanus occidentalis x orientalis = P. x hispanica,Mature (31-80 ,Veteran(over150),,,46.0,,20201127,20210218
94,305,837,305_837,3.5671754178153465,131761,51.477394394576606,-0.0561772063374188,True,Southwark,Whitebeam,Common Whitebeam,Sorbus aria,Young (0-15 ,Young(0-15),,,6.0,,20201127,20210218
95,306,837,306_837,1.2714640968396724,131761,51.477394394576606,-0.0561772063374188,True,Southwark,Whitebeam,Common Whitebeam,Sorbus aria,Young (0-15 ,Young(0-15),,,6.0,,20201127,20210218
96,307,837,307_837,3.455783254850079,131761,51.477394394576606,-0.0561772063374188,True,Southwark,Whitebeam,Common Whitebeam,Sorbus aria,Young (0-15 ,Young(0-15),,,6.0,,20201127,20210218
97,308,935,308_935,4.77887568586803,838597,51.47738849371672,-0.0563647001981529,True,Southwark,Black Locust,False-acacia,Robinia pseudoacacia,Mature (31-80 ,Veteran(over150),,,72.0,,20201127,20210218
100,309,819,309_819,4.815221934415432,131743,51.47738000005489,-0.0563938021659285,True,Southwark,Ash,Ash,Fraxinus excelsior,Mature (31-80 ,Veteran(over150),,,48.0,,20201127,20210218
98,309,935,309_935,2.7256078185313566,838597,51.47738849371672,-0.0563647001981529,True,Southwark,Black Locust,False-acacia,Robinia pseudoacacia,Mature (31-80 ,Veteran(over150),,,72.0,,20201127,20210218
99,310,935,310_935,2.8478198044782923,838597,51.47738849371672,-0.0563647001981529,True,Southwark,Black Locust,False-acacia,Robinia pseudoacacia,Mature (31-80 ,Veteran(over150),,,72.0,,20201127,20210218
101,310,819,310_819,2.647971445742525,131743,51.47738000005489,-0.0563938021659285,True,Southwark,Ash,Ash,Fraxinus excelsior,Mature (31-80 ,Veteran(over150),,,48.0,,20201127,20210218
102,311,819,311_819,4.283702494892867,131743,51.47738000005489,-0.0563938021659285,True,Southwark,Ash,Ash,Fraxinus excelsior,Mature (31-80 ,Veteran(over150),,,48.0,,20201127,20210218
103,311,677,311_677,4.311888488730619,123404,51.47736269980677,-0.056437805294959,True,Southwark,Maple,Norway Maple,Acer platanoides,Early Mature (16-30 ,Veteran(over150),,,30.0,,20201127,20210218
104,329,820,329_820,3.868103484612337,131744,51.4774110987784,-0.0571846067905329,True,Southwark,Lime,Small-leaved Lime,Tilia cordata,Mature (31-80 ,Veteran(over150),,,54.0,,20201127,20210218
105,333,303,333_303,4.676092876515798,87295,51.47745059430608,-0.057398900389682,True,Southwark,Plane,London Plane,Platanus occidentalis x orientalis = P. x hispanica,Mature (31-80 ,Veteran(over150),,,31.0,,20201127,20210218
110,334,824,334_824,4.891931475121207,131748,51.47741459310064,-0.0574004054069532,True,Southwark,Lime,Small-leaved Lime,Tilia cordata,Mature (31-80 ,Veteran(over150),,,54.0,,20201127,20210218
108,334,123,334_123,4.210376894793094,617048,51.47743129730225,-0.0574364066122963,True,Southwark,Lime,,,,Unknown,,,,,20180214,20210218
106,334,303,334_303,0.9290041805053901,87295,51.47745059430608,-0.057398900389682,True,Southwark,Plane,London Plane,Platanus occidentalis x orientalis = P. x hispanica,Mature (31-80 ,Veteran(over150),,,31.0,,20201127,20210218
109,335,123,335_123,3.951199737912103,617048,51.47743129730225,-0.0574364066122963,True,Southwark,Lime,,,,Unknown,,,,,20180214,20210218
107,335,303,335_303,2.40425517655189,87295,51.47745059430608,-0.057398900389682,True,Southwark,Plane,London Plane,Platanus occidentalis x orientalis = P. x hispanica,Mature (31-80 ,Veteran(over150),,,31.0,,20201127,20210218
111,337,827,337_827,4.3061122628433255,131751,51.47742599993956,-0.0575440004467938,True,Southwark,Poplar,Aspen,Populus tremula,Mature (31-80 ,Veteran(over150),,,46.0,,20201127,20210218
112,338,827,338_827,4.858096660235752,131751,51.47742599993956,-0.0575440004467938,True,Southwark,Poplar,Aspen,Populus tremula,Mature (31-80 ,Veteran(over150),,,46.0,,20201127,20210218
113,339,75,339_75,4.314213542911675,128844,51.47725439816706,-0.0580409020184122,True,Southwark,Other,Walnut,,Mature (31-80 ,Veteran(over150),,,48.0,,20201127,20210218
115,340,828,340_828,3.6510146861696153,131752,51.47749109566215,-0.0576708018779186,True,Southwark,Poplar,White Poplar,Populus alba,Mature (31-80 ,Veteran(over150),,,44.0,,20201127,20210218
116,341,828,341_828,2.4847099135336737,131752,51.47749109566215,-0.0576708018779186,True,Southwark,Poplar,White Poplar,Populus alba,Mature (31-80 ,Veteran(over150),,,44.0,,20201127,20210218
117,342,828,342_828,3.3851062081846472,131752,51.47749109566215,-0.0576708018779186,True,Southwark,Poplar,White Poplar,Populus alba,Mature (31-80 ,Veteran(over150),,,44.0,,20201127,20210218
118,343,829,343_829,3.195999593809282,131753,51.47748399525884,-0.057786300778347,True,Southwark,Poplar,Aspen,Populus tremula,Early Mature (16-30 ,Veteran(over150),,,32.0,,20201127,20210218
122,343,831,343_831,2.2912389386650087,131755,51.47748369723573,-0.0577719062566814,True,Southwark,Poplar,White Poplar,Populus alba,Early Mature (16-30 ,Veteran(over150),,,28.0,,20201127,20210218
119,344,829,344_829,0.6659435923033896,131753,51.47748399525884,-0.057786300778347,True,Southwark,Poplar,Aspen,Populus tremula,Early Mature (16-30 ,Veteran(over150),,,32.0,,20201127,20210218
123,344,831,344_831,1.1439853507650526,131755,51.47748369723573,-0.0577719062566814,True,Southwark,Poplar,White Poplar,Populus alba,Early Mature (16-30 ,Veteran(over150),,,28.0,,20201127,20210218
120,345,829,345_829,2.85904195301346,131753,51.47748399525884,-0.057786300778347,True,Southwark,Poplar,Aspen,Populus tremula,Early Mature (16-30 ,Veteran(over150),,,32.0,,20201127,20210218
124,345,831,345_831,3.8560602231993855,131755,51.47748369723573,-0.0577719062566814,True,Southwark,Poplar,White Poplar,Populus alba,Early Mature (16-30 ,Veteran(over150),,,28.0,,20201127,20210218
121,346,829,346_829,4.796586019987457,131753,51.47748399525884,-0.057786300778347,True,Southwark,Poplar,Aspen,Populus tremula,Early Mature (16-30 ,Veteran(over150),,,32.0,,20201127,20210218
125,347,676,347_676,4.533173990267618,123403,51.47742229700099,-0.0578609034418095,True,Southwark,Maple,Norway Maple,Acer platanoides,Mature (31-80 ,Veteran(over150),,,45.0,,20201127,20210218
126,348,676,348_676,3.3585260921432614,123403,51.47742229700099,-0.0578609034418095,True,Southwark,Maple,Norway Maple,Acer platanoides,Mature (31-80 ,Veteran(over150),,,45.0,,20201127,20210218
127,349,676,349_676,2.898586675550409,123403,51.47742229700099,-0.0578609034418095,True,Southwark,Maple,Norway Maple,Acer platanoides,Mature (31-80 ,Veteran(over150),,,45.0,,20201127,20210218
128,350,830,350_830,4.268489733365484,131754,51.47743319720036,-0.0579757019877043,True,Southwark,Lime,Small-leaved Lime,Tilia cordata,Mature (31-80 ,Veteran(over150),,,48.0,,20201127,20210218
129,352,682,352_682,3.338476929312803,123409,51.477333597838985,-0.057936705648814,True,Southwark,Maple,Norway Maple,Acer platanoides,Mature (31-80 ,Veteran(over150),,,41.0,,20201127,20210218
114,354,75,354_75,4.780520871479359,128844,51.47725439816706,-0.0580409020184122,True,Southwark,Other,Walnut,,Mature (31-80 ,Veteran(over150),,,48.0,,20201127,20210218
130,366,722,366_722,2.7188014800035565,128816,51.47679599374528,-0.0575131028889793,True,Southwark,Maple,Norway Maple,Acer platanoides,Mature (31-80 ,Veteran(over150),,,44.0,,20201127,20210218
131,380,722,380_722,4.541169022895912,128816,51.47679599374528,-0.0575131028889793,True,Southwark,Maple,Norway Maple,Acer platanoides,Mature (31-80 ,Veteran(over150),,,44.0,,20201127,20210218
132,381,722,381_722,1.5429626336366289,128816,51.47679599374528,-0.0575131028889793,True,Southwark,Maple,Norway Maple,Acer platanoides,Mature (31-80 ,Veteran(over150),,,44.0,,20201127,20210218
133,382,722,382_722,1.6223471695662117,128816,51.47679599374528,-0.0575131028889793,True,Southwark,Maple,Norway Maple,Acer platanoides,Mature (31-80 ,Veteran(over150),,,44.0,,20201127,20210218
135,382,720,382_720,4.56862688677534,128814,51.47675909847021,-0.0574571043253,True,Southwark,Sycamore,Sycamore,Acer pseudoplatanus,Early Mature (16-30 ,Veteran(over150),,,45.0,,20201127,20210218
138,382,721,382_721,2.349059681196663,128815,51.47677730023872,-0.0574707016348427,True,Southwark,Maple,Norway Maple,Acer platanoides,Early Mature (16-30 ,Veteran(over150),,,28.0,,20201127,20210218
134,383,722,383_722,4.623424738350881,128816,51.47679599374528,-0.0575131028889793,True,Southwark,Maple,Norway Maple,Acer platanoides,Mature (31-80 ,Veteran(over150),,,44.0,,20201127,20210218
136,383,720,383_720,2.950727823137841,128814,51.47675909847021,-0.0574571043253,True,Southwark,Sycamore,Sycamore,Acer pseudoplatanus,Early Mature (16-30 ,Veteran(over150),,,45.0,,20201127,20210218
139,383,721,383_721,1.7512671053216566,128815,51.47677730023872,-0.0574707016348427,True,Southwark,Maple,Norway Maple,Acer platanoides,Early Mature (16-30 ,Veteran(over150),,,28.0,,20201127,20210218
137,384,720,384_720,4.320322238998526,128814,51.47675909847021,-0.0574571043253,True,Southwark,Sycamore,Sycamore,Acer pseudoplatanus,Early Mature (16-30 ,Veteran(over150),,,45.0,,20201127,20210218
140,384,721,384_721,4.23902384565828,128815,51.47677730023872,-0.0574707016348427,True,Southwark,Maple,Norway Maple,Acer platanoides,Early Mature (16-30 ,Veteran(over150),,,28.0,,20201127,20210218
141,387,719,387_719,4.04500328714391,128813,51.47675459831953,-0.0571837052703065,True,Southwark,Sycamore,Sycamore,Acer pseudoplatanus,Mature (31-80 ,Veteran(over150),,,49.0,,20201127,20210218
142,388,719,388_719,1.5634907244985878,128813,51.47675459831953,-0.0571837052703065,True,Southwark,Sycamore,Sycamore,Acer pseudoplatanus,Mature (31-80 ,Veteran(over150),,,49.0,,20201127,20210218
143,391,718,391_718,4.894830926744773,128812,51.47673219442378,-0.0563782006501733,True,Southwark,Lime,Large-leaved Lime,Tilia platyphyllos,Mature (31-80 ,Veteran(over150),,,45.0,,20201127,20210218
147,402,140,402_140,3.88771485033805,617170,51.47674689441924,-0.0564530044793286,True,Southwark,Lime,,,,Unknown,,,,,20180214,20210218
148,403,140,403_140,0.9655983160109624,617170,51.47674689441924,-0.0564530044793286,True,Southwark,Lime,,,,Unknown,,,,,20180214,20210218
144,404,718,404_718,3.618472994682633,128812,51.47673219442378,-0.0563782006501733,True,Southwark,Lime,Large-leaved Lime,Tilia platyphyllos,Mature (31-80 ,Veteran(over150),,,45.0,,20201127,20210218
149,404,140,404_140,1.9565184265475122,617170,51.47674689441924,-0.0564530044793286,True,Southwark,Lime,,,,Unknown,,,,,20180214,20210218
145,405,718,405_718,2.0750231823490903,128812,51.47673219442378,-0.0563782006501733,True,Southwark,Lime,Large-leaved Lime,Tilia platyphyllos,Mature (31-80 ,Veteran(over150),,,45.0,,20201127,20210218
146,406,718,406_718,4.979786847087762,128812,51.47673219442378,-0.0563782006501733,True,Southwark,Lime,Large-leaved Lime,Tilia platyphyllos,Mature (31-80 ,Veteran(over150),,,45.0,,20201127,20210218
150,412,146,412_146,2.9157612538335838,617201,51.47678659856328,-0.056025102734569,True,Southwark,Birch,,,,Unknown,,,,,20180214,20210218
151,413,146,413_146,0.7608985858182002,617201,51.47678659856328,-0.056025102734569,True,Southwark,Birch,,,,Unknown,,,,,20180214,20210218
153,413,710,413_710,2.7777855990347255,128803,51.47677069902435,-0.0559877008199579,True,Southwark,Birch,Silver Birch,Betula pendula,Early Mature (16-30 ,Veteran(over150),,,28.0,,20201127,20210218
152,414,146,414_146,3.250415322319629,617201,51.47678659856328,-0.056025102734569,True,Southwark,Birch,,,,Unknown,,,,,20180214,20210218
154,414,710,414_710,0.19985645435368257,128803,51.47677069902435,-0.0559877008199579,True,Southwark,Birch,Silver Birch,Betula pendula,Early Mature (16-30 ,Veteran(over150),,,28.0,,20201127,20210218
155,415,710,415_710,3.0742394923027576,128803,51.47677069902435,-0.0559877008199579,True,Southwark,Birch,Silver Birch,Betula pendula,Early Mature (16-30 ,Veteran(over150),,,28.0,,20201127,20210218
156,468,468,468_468,4.13201685148506,100072,51.477314993739206,-0.054106801748282,True,Southwark,Maple,Field Maple,Acer campestre,Mature (31-80 ,Veteran(over150),,,45.0,,20201127,20210218
166,468,470,468_470,4.5600027266213035,100074,51.47732570022343,-0.0542071014642739,True,Southwark,Maple,Field Maple,Acer campestre,Mature (31-80 ,Veteran(over150),,,40.0,,20201127,20210218
163,468,469,468_469,4.124705603895794,100073,51.47730699926623,-0.0541647002101038,True,Southwark,Maple,Field Maple,Acer campestre,Early Mature (16-30 ,Veteran(over150),,,17.0,,20201127,20210218
167,475,470,475_470,4.718738466610184,100074,51.47732570022343,-0.0542071014642739,True,Southwark,Maple,Field Maple,Acer campestre,Mature (31-80 ,Veteran(over150),,,40.0,,20201127,20210218
168,476,470,476_470,3.215736420252786,100074,51.47732570022343,-0.0542071014642739,True,Southwark,Maple,Field Maple,Acer campestre,Mature (31-80 ,Veteran(over150),,,40.0,,20201127,20210218
164,477,469,477_469,3.5050501440571673,100073,51.47730699926623,-0.0541647002101038,True,Southwark,Maple,Field Maple,Acer campestre,Early Mature (16-30 ,Veteran(over150),,,17.0,,20201127,20210218
157,477,468,477_468,3.3334199773940205,100072,51.477314993739206,-0.054106801748282,True,Southwark,Maple,Field Maple,Acer campestre,Mature (31-80 ,Veteran(over150),,,45.0,,20201127,20210218
169,477,470,477_470,4.618474782533145,100074,51.47732570022343,-0.0542071014642739,True,Southwark,Maple,Field Maple,Acer campestre,Mature (31-80 ,Veteran(over150),,,40.0,,20201127,20210218
165,478,469,478_469,4.066687195087356,100073,51.47730699926623,-0.0541647002101038,True,Southwark,Maple,Field Maple,Acer campestre,Early Mature (16-30 ,Veteran(over150),,,17.0,,20201127,20210218
158,478,468,478_468,0.8211070029859868,100072,51.477314993739206,-0.054106801748282,True,Southwark,Maple,Field Maple,Acer campestre,Mature (31-80 ,Veteran(over150),,,45.0,,20201127,20210218
159,479,468,479_468,2.272205073973687,100072,51.477314993739206,-0.054106801748282,True,Southwark,Maple,Field Maple,Acer campestre,Mature (31-80 ,Veteran(over150),,,45.0,,20201127,20210218
160,480,468,480_468,2.2892343050867088,100072,51.477314993739206,-0.054106801748282,True,Southwark,Maple,Field Maple,Acer campestre,Mature (31-80 ,Veteran(over150),,,45.0,,20201127,20210218
161,481,468,481_468,2.3371279973095445,100072,51.477314993739206,-0.054106801748282,True,Southwark,Maple,Field Maple,Acer campestre,Mature (31-80 ,Veteran(over150),,,45.0,,20201127,20210218
162,482,468,482_468,4.203467744808202,100072,51.477314993739206,-0.054106801748282,True,Southwark,Maple,Field Maple,Acer campestre,Mature (31-80 ,Veteran(over150),,,45.0,,20201127,20210218
170,518,212,518_212,4.0642628275645025,72378,51.47839449346067,-0.0535856038332017,True,Lewisham,Rowan,Rowan,Sorbus aucuparia,Semi  Mature,Early Mature(16-30),3.4,5.4,10.3,,20201127,20210218
171,530,927,530_927,4.298121933589112,642885,51.478573396802005,-0.0539603009820026,True,TFL,Whitebeam,Rowan,Sorbus aucuparia,,Unknown,,,,,20180214,20210218
172,531,927,531_927,4.788724771833979,642885,51.478573396802005,-0.0539603009820026,True,TFL,Whitebeam,Rowan,Sorbus aucuparia,,Unknown,,,,,20180214,20210218
173,570,244,570_244,4.54853790805162,83640,51.47902309894568,-0.0551574006676222,True,Southwark,Maple,Silver Maple,Acer saccharinum,1  Mature,Mature(31-80),7.0,8.0,59.0,,20201127,20210218
174,570,244,570_244,4.54853790805162,98005,51.47902309894568,-0.0551574006676222,True,Southwark,Maple,Silver Maple,Acer saccharinum,Mature (31-80 ,Veteran(over150),,,506.0,,20201127,20210218
175,570,371,570_371,4.54853790805162,83640,51.47902309894568,-0.0551574006676222,True,Southwark,Maple,Silver Maple,Acer saccharinum,1  Mature,Mature(31-80),7.0,8.0,59.0,,20201127,20210218
176,570,371,570_371,4.54853790805162,98005,51.47902309894568,-0.0551574006676222,True,Southwark,Maple,Silver Maple,Acer saccharinum,Mature (31-80 ,Veteran(over150),,,506.0,,20201127,20210218
177,572,401,572_401,4.12492491272077,98035,51.47916409373289,-0.0555259063840039,True,Southwark,Maple,Silver Maple,Acer saccharinum,Mature (31-80 ,Veteran(over150),,,496.0,,20201127,20210218
181,573,394,573_394,4.532874942130498,98028,51.479106895625705,-0.0553267002105398,True,Southwark,Plane,London Plane,Platanus occidentalis x orientalis = P. x hispanica,Young (0-15 ,Young(0-15),,,216.0,,20201127,20210218
182,575,394,575_394,4.277382610206956,98028,51.479106895625705,-0.0553267002105398,True,Southwark,Plane,London Plane,Platanus occidentalis x orientalis = P. x hispanica,Young (0-15 ,Young(0-15),,,216.0,,20201127,20210218
183,576,394,576_394,1.5337620049386635,98028,51.479106895625705,-0.0553267002105398,True,Southwark,Plane,London Plane,Platanus occidentalis x orientalis = P. x hispanica,Young (0-15 ,Young(0-15),,,216.0,,20201127,20210218
184,577,394,577_394,2.1998848359177394,98028,51.479106895625705,-0.0553267002105398,True,Southwark,Plane,London Plane,Platanus occidentalis x orientalis = P. x hispanica,Young (0-15 ,Young(0-15),,,216.0,,20201127,20210218
178,579,401,579_401,3.8621292527005884,98035,51.47916409373289,-0.0555259063840039,True,Southwark,Maple,Silver Maple,Acer saccharinum,Mature (31-80 ,Veteran(over150),,,496.0,,20201127,20210218
185,579,239,579_239,3.4255667646947825,82635,51.47912819683557,-0.0555274039506939,True,Southwark,Plane,London Plane,Platanus occidentalis x orientalis = P. x hispanica,Semi  Mature,Early Mature(16-30),8.0,10.0,32.0,,20201127,20210218
188,579,966,579_966,0.37489863256125605,643049,51.47914349287744,-0.0554784014819706,True,TFL,Maple,Maples,,,Unknown,,,,,20180214,20210218
186,580,239,580_239,2.4021304309220297,82635,51.47912819683557,-0.0555274039506939,True,Southwark,Plane,London Plane,Platanus occidentalis x orientalis = P. x hispanica,Semi  Mature,Early Mature(16-30),8.0,10.0,32.0,,20201127,20210218
189,580,966,580_966,3.160010140519724,643049,51.47914349287744,-0.0554784014819706,True,TFL,Maple,Maples,,,Unknown,,,,,20180214,20210218
179,580,401,580_401,1.627366457905145,98035,51.47916409373289,-0.0555259063840039,True,Southwark,Maple,Silver Maple,Acer saccharinum,Mature (31-80 ,Veteran(over150),,,496.0,,20201127,20210218
180,581,401,581_401,2.6596915244597654,98035,51.47916409373289,-0.0555259063840039,True,Southwark,Maple,Silver Maple,Acer saccharinum,Mature (31-80 ,Veteran(over150),,,496.0,,20201127,20210218
187,581,239,581_239,4.061935981229557,82635,51.47912819683557,-0.0555274039506939,True,Southwark,Plane,London Plane,Platanus occidentalis x orientalis = P. x hispanica,Semi  Mature,Early Mature(16-30),8.0,10.0,32.0,,20201127,20210218
190,609,382,609_382,3.83171874734261,98016,51.47958289831893,-0.0563722029328322,True,Southwark,Cherry,Wild Cherry,Prunus avium,Early Mature (16-30 ,Veteran(over150),,,380.0,,20201127,20210218
191,610,382,610_382,1.8362343362031432,98016,51.47958289831893,-0.0563722029328322,True,Southwark,Cherry,Wild Cherry,Prunus avium,Early Mature (16-30 ,Veteran(over150),,,380.0,,20201127,20210218
192,611,381,611_381,4.066269079735698,98015,51.47964719682942,-0.0564558058976305,True,Southwark,Maple,Silver Maple,Acer saccharinum,Mature (31-80 ,Veteran(over150),,,605.0,,20201127,20210218
193,612,381,612_381,1.5782379748951496,98015,51.47964719682942,-0.0564558058976305,True,Southwark,Maple,Silver Maple,Acer saccharinum,Mature (31-80 ,Veteran(over150),,,605.0,,20201127,20210218
194,613,381,613_381,4.782796932849067,98015,51.47964719682942,-0.0564558058976305,True,Southwark,Maple,Silver Maple,Acer saccharinum,Mature (31-80 ,Veteran(over150),,,605.0,,20201127,20210218
195,618,408,618_408,4.518912760937592,98044,51.479698598384985,-0.0568425059317953,True,Southwark,Lime,Small-leaved Lime,Tilia cordata,Mature (31-80 ,Veteran(over150),,,375.0,,20201127,20210218
196,699,216,699_216,3.932256251438354,72956,51.48052729666248,-0.0596445053815552,True,Southwark,Plane,London Plane,Platanus occidentalis x orientalis = P. x hispanica,Semi  Mature,Early Mature(16-30),11.0,14.0,39.0,,20201127,20210218
