,Air measurement,Tree number_x,Air-tree ID,Distance_to_tree,objectid,lat,lon,Tree_within_d_(default: 20m),borough,gla_tree_group,tree_name,taxon_name,age,age_group,spread_m,height_m,diameter_at_breast_height_cm,gdb_geomattr_data,load_date,updated
0,67,625,67_625,3.085995732238563,642948,51.475590899586834,-0.0377369001507899,True,TFL,Whitebeam,Rowan,Sorbus aucuparia,,Unknown,,,,,20180214,20210218
1,68,625,68_625,2.8995533603310024,642948,51.475590899586834,-0.0377369001507899,True,TFL,Whitebeam,Rowan,Sorbus aucuparia,,Unknown,,,,,20180214,20210218
2,130,624,130_624,4.543369245422965,642947,51.47578889876616,-0.0348972007631035,True,TFL,Plane,Plane,Platanus,,Unknown,,,,,20180214,20210218
3,131,624,131_624,3.9444491051144754,642947,51.47578889876616,-0.0348972007631035,True,TFL,Plane,Plane,Platanus,,Unknown,,,,,20180214,20210218
4,132,624,132_624,4.999156862689261,642947,51.47578889876616,-0.0348972007631035,True,TFL,Plane,Plane,Platanus,,Unknown,,,,,20180214,20210218
6,244,520,244_520,3.212508624285227,277979,51.47833909839402,-0.0351684018968733,True,Lewisham,Beech,Beech,Fagus sylvatica,1  Young,Young(0-15),,,,,20201127,20210218
7,245,520,245_520,4.525483886787222,277979,51.47833909839402,-0.0351684018968733,True,Lewisham,Beech,Beech,Fagus sylvatica,1  Young,Young(0-15),,,,,20201127,20210218
8,245,196,245_196,4.5461711989435125,259738,51.47838480025528,-0.0352097004651578,True,Lewisham,Pear,A Flowering Plant,Amelanchier,1  Young,Young(0-15),,,,,20201127,20210218
9,246,196,246_196,3.732587757661101,259738,51.47838480025528,-0.0352097004651578,True,Lewisham,Pear,A Flowering Plant,Amelanchier,1  Young,Young(0-15),,,,,20201127,20210218
11,247,195,247_195,4.301631432010163,259737,51.47843919694426,-0.0352361053227349,True,Lewisham,Pear,A Flowering Plant,Amelanchier,1  Young,Young(0-15),,,,,20201127,20210218
10,247,196,247_196,4.853078120010452,259738,51.47838480025528,-0.0352097004651578,True,Lewisham,Pear,A Flowering Plant,Amelanchier,1  Young,Young(0-15),,,,,20201127,20210218
12,248,195,248_195,2.931740705135967,259737,51.47843919694426,-0.0352361053227349,True,Lewisham,Pear,A Flowering Plant,Amelanchier,1  Young,Young(0-15),,,,,20201127,20210218
13,249,195,249_195,4.586300236527371,259737,51.47843919694426,-0.0352361053227349,True,Lewisham,Pear,A Flowering Plant,Amelanchier,1  Young,Young(0-15),,,,,20201127,20210218
14,249,517,249_517,4.521283389903238,277976,51.47849379479879,-0.0352770015596673,True,Lewisham,Beech,Beech,Fagus sylvatica,1  Young,Young(0-15),,,,,20201127,20210218
15,250,517,250_517,3.2792727887740507,277976,51.47849379479879,-0.0352770015596673,True,Lewisham,Beech,Beech,Fagus sylvatica,1  Young,Young(0-15),,,,,20201127,20210218
16,252,194,252_194,4.03390202883578,259736,51.47855769842876,-0.0353319048879752,True,Lewisham,Pear,A Flowering Plant,Amelanchier,1  Young,Young(0-15),,,,,20201127,20210218
17,254,519,254_519,3.0759143956159773,277978,51.47862149775041,-0.035386703908347,True,Lewisham,Beech,Beech,Fagus sylvatica,1  Young,Young(0-15),,,,,20201127,20210218
18,255,519,255_519,3.872742334964046,277978,51.47862149775041,-0.035386703908347,True,Lewisham,Beech,Beech,Fagus sylvatica,1  Young,Young(0-15),,,,,20201127,20210218
19,255,518,255_518,3.6363183648896937,277977,51.4786758944393,-0.0354132056235803,True,Lewisham,Beech,Beech,Fagus sylvatica,1  Young,Young(0-15),,,,,20201127,20210218
20,256,518,256_518,2.7115680529739468,277977,51.4786758944393,-0.0354132056235803,True,Lewisham,Beech,Beech,Fagus sylvatica,1  Young,Young(0-15),,,,,20201127,20210218
21,257,474,257_474,2.992870776077081,277511,51.478730797767696,-0.0354684069752706,True,Lewisham,Lime,Linden,Tilia,1  Mature,Mature(31-80),,,,,20201127,20210218
22,259,30,259_30,4.054783161807646,258547,51.478785693645605,-0.0355237051844498,True,Lewisham,Other,A Flowering Plant,,1  Mature,Mature(31-80),,,,,20201127,20210218
23,260,30,260_30,4.99341344983324,258547,51.478785693645605,-0.0355237051844498,True,Lewisham,Other,A Flowering Plant,,1  Mature,Mature(31-80),,,,,20201127,20210218
24,291,189,291_189,3.5126141879956627,259729,51.47849219292412,-0.0367892011999838,True,Lewisham,Pear,A Flowering Plant,Amelanchier,1  Mature,Mature(31-80),,,,,20201127,20210218
26,292,190,292_190,4.802586519694245,259730,51.47846689820297,-0.0368911027908361,True,Lewisham,Pear,A Flowering Plant,Amelanchier,1  Mature,Mature(31-80),,,,,20201127,20210218
25,292,189,292_189,4.658923916005292,259729,51.47849219292412,-0.0367892011999838,True,Lewisham,Pear,A Flowering Plant,Amelanchier,1  Mature,Mature(31-80),,,,,20201127,20210218
27,293,190,293_190,2.2592358350404265,259730,51.47846689820297,-0.0368911027908361,True,Lewisham,Pear,A Flowering Plant,Amelanchier,1  Mature,Mature(31-80),,,,,20201127,20210218
28,294,190,294_190,2.924149225597648,259730,51.47846689820297,-0.0368911027908361,True,Lewisham,Pear,A Flowering Plant,Amelanchier,1  Mature,Mature(31-80),,,,,20201127,20210218
29,296,191,296_191,1.7860945117733849,259731,51.478433296084525,-0.0370366051792664,True,Lewisham,Pear,A Flowering Plant,Amelanchier,1  Mature,Mature(31-80),,,,,20201127,20210218
30,297,191,297_191,1.1935609559157236,259731,51.478433296084525,-0.0370366051792664,True,Lewisham,Pear,A Flowering Plant,Amelanchier,1  Mature,Mature(31-80),,,,,20201127,20210218
31,298,191,298_191,3.8550237819698023,259731,51.478433296084525,-0.0370366051792664,True,Lewisham,Pear,A Flowering Plant,Amelanchier,1  Mature,Mature(31-80),,,,,20201127,20210218
32,299,192,299_192,1.6229929769841167,259732,51.47839929908514,-0.0371533036231363,True,Lewisham,Pear,A Flowering Plant,Amelanchier,1  Mature,Mature(31-80),,,,,20201127,20210218
33,300,192,300_192,2.104338334954186,259732,51.47839929908514,-0.0371533036231363,True,Lewisham,Pear,A Flowering Plant,Amelanchier,1  Mature,Mature(31-80),,,,,20201127,20210218
34,302,193,302_193,3.7968473933020777,259733,51.47835659980784,-0.0372847020625014,True,Lewisham,Pear,A Flowering Plant,Amelanchier,1  Mature,Mature(31-80),,,,,20201127,20210218
35,303,193,303_193,4.021329845894699,259733,51.47835659980784,-0.0372847020625014,True,Lewisham,Pear,A Flowering Plant,Amelanchier,1  Mature,Mature(31-80),,,,,20201127,20210218
36,329,577,329_577,4.905587326683373,283016,51.47808019816886,-0.038506306707857,True,Lewisham,Cherry,Flowering Cherry,Prunus,1  Mature,Mature(31-80),,,,,20201127,20210218
37,330,577,330_577,4.616035443066256,283016,51.47808019816886,-0.038506306707857,True,Lewisham,Cherry,Flowering Cherry,Prunus,1  Mature,Mature(31-80),,,,,20201127,20210218
38,332,725,332_725,3.7047509357386894,506819,51.47800789773473,-0.0385275036096347,True,Lewisham,Cherry,Cherry,"Prunus ""sunset boulevard""",,Unknown,,,,,20180214,20210218
39,333,725,333_725,1.5011312123150942,506819,51.47800789773473,-0.0385275036096347,True,Lewisham,Cherry,Cherry,"Prunus ""sunset boulevard""",,Unknown,,,,,20180214,20210218
40,333,211,333_211,4.880581135902049,260333,51.47798069566501,-0.0384673997759078,True,Lewisham,Sycamore,Sycamore,Acer pseudoplatanus,1  Mature,Mature(31-80),,,,,20201127,20210218
41,334,211,334_211,3.02211685710815,260333,51.47798069566501,-0.0384673997759078,True,Lewisham,Sycamore,Sycamore,Acer pseudoplatanus,1  Mature,Mature(31-80),,,,,20201127,20210218
42,340,185,340_185,4.5114908897209425,259719,51.477680295705866,-0.0382498055696494,True,Lewisham,Pear,A Flowering Plant,Amelanchier,1  Mature,Mature(31-80),,,,,20201127,20210218
45,340,594,340_594,3.431805138684385,506584,51.4776971936227,-0.0382845029234475,True,Lewisham,Plane,London Plane,Platanus occidentalis x orientalis = P. x hispanica,,Unknown,,,,,20180214,20210218
46,343,594,343_594,4.415195357975764,506584,51.4776971936227,-0.0382845029234475,True,Lewisham,Plane,London Plane,Platanus occidentalis x orientalis = P. x hispanica,,Unknown,,,,,20180214,20210218
43,344,185,344_185,3.2719998097690493,259719,51.477680295705866,-0.0382498055696494,True,Lewisham,Pear,A Flowering Plant,Amelanchier,1  Mature,Mature(31-80),,,,,20201127,20210218
47,344,594,344_594,2.4192424037527553,506584,51.4776971936227,-0.0382845029234475,True,Lewisham,Plane,London Plane,Platanus occidentalis x orientalis = P. x hispanica,,Unknown,,,,,20180214,20210218
44,345,185,345_185,2.714093619880552,259719,51.477680295705866,-0.0382498055696494,True,Lewisham,Pear,A Flowering Plant,Amelanchier,1  Mature,Mature(31-80),,,,,20201127,20210218
48,347,747,347_747,4.204317742778258,830970,51.47765089571483,-0.038102105259895,True,Lewisham,Chestnut,Horsechestnut,,,Unknown,,,,,20180214,20210218
49,348,747,348_747,4.845099964159122,830970,51.47765089571483,-0.038102105259895,True,Lewisham,Chestnut,Horsechestnut,,,Unknown,,,,,20180214,20210218
50,350,275,350_275,2.644069545487173,262839,51.477560095489146,-0.0380534008144871,True,Lewisham,Cherry,Flowering Cherry,Prunus,1  Mature,Mature(31-80),,,,,20201127,20210218
51,351,275,351_275,2.7296446666020535,262839,51.477560095489146,-0.0380534008144871,True,Lewisham,Cherry,Flowering Cherry,Prunus,1  Mature,Mature(31-80),,,,,20201127,20210218
52,352,184,352_184,4.4502911324570436,259718,51.477460995316655,-0.0380432009696095,True,Lewisham,Pear,A Flowering Plant,Amelanchier,1  Mature,Mature(31-80),,,,,20201127,20210218
53,353,184,353_184,0.32163275562901644,259718,51.477460995316655,-0.0380432009696095,True,Lewisham,Pear,A Flowering Plant,Amelanchier,1  Mature,Mature(31-80),,,,,20201127,20210218
54,354,184,354_184,4.349083971262993,259718,51.477460995316655,-0.0380432009696095,True,Lewisham,Pear,A Flowering Plant,Amelanchier,1  Mature,Mature(31-80),,,,,20201127,20210218
55,354,618,354_618,4.954351034167671,506823,51.47742989659319,-0.0379518046974981,True,Lewisham,Plane,London Plane,Platanus occidentalis x orientalis = P. x hispanica,,Unknown,,,,,20180214,20210218
56,367,162,367_162,4.5108428680646275,258710,51.47706879675393,-0.0377144068478811,True,Lewisham,Birch,Birch,Betula,1  Mature,Mature(31-80),,,,,20201127,20210218
57,377,402,377_402,4.370208321831112,271752,51.476776897907314,-0.0374677032231991,True,Lewisham,Plane,Plane,Platanus,1  Mature,Mature(31-80),,,,,20201127,20210218
58,378,402,378_402,2.423180150611988,271752,51.476776897907314,-0.0374677032231991,True,Lewisham,Plane,Plane,Platanus,1  Mature,Mature(31-80),,,,,20201127,20210218
59,378,235,378_235,4.011414798525064,260522,51.47683029621851,-0.0374366044996584,True,Lewisham,Cherry,Flowering Cherry,Prunus,1  Mature,Mature(31-80),,,,,20201127,20210218
60,379,235,379_235,3.9482373812231453,260522,51.47683029621851,-0.0374366044996584,True,Lewisham,Cherry,Flowering Cherry,Prunus,1  Mature,Mature(31-80),,,,,20201127,20210218
62,379,403,379_403,4.651139574498654,271753,51.47676619887352,-0.0373674035071069,True,Lewisham,Plane,Plane,Platanus,1  Mature,Mature(31-80),,,,,20201127,20210218
61,380,235,380_235,3.8989527416961804,260522,51.47683029621851,-0.0374366044996584,True,Lewisham,Cherry,Flowering Cherry,Prunus,1  Mature,Mature(31-80),,,,,20201127,20210218
63,380,746,380_746,4.8758790115515644,830969,51.4768777936698,-0.0373605042695728,True,Lewisham,Chestnut,Horsechestnut,,,Unknown,,,,,20180214,20210218
64,381,746,381_746,1.8511725264536527,830969,51.4768777936698,-0.0373605042695728,True,Lewisham,Chestnut,Horsechestnut,,,Unknown,,,,,20180214,20210218
66,381,434,381_434,4.999484166150622,275138,51.47689999639992,-0.0373040065168518,True,Lewisham,Horse Chestnut,Horse-chestnut,Aesculus hippocastanum,1  Mature,Mature(31-80),,,,,20201127,20210218
65,382,746,382_746,4.834400906025778,830969,51.4768777936698,-0.0373605042695728,True,Lewisham,Chestnut,Horsechestnut,,,Unknown,,,,,20180214,20210218
67,382,434,382_434,0.5532173532308149,275138,51.47689999639992,-0.0373040065168518,True,Lewisham,Horse Chestnut,Horse-chestnut,Aesculus hippocastanum,1  Mature,Mature(31-80),,,,,20201127,20210218
68,383,434,383_434,3.4530330877581523,275138,51.47689999639992,-0.0373040065168518,True,Lewisham,Horse Chestnut,Horse-chestnut,Aesculus hippocastanum,1  Mature,Mature(31-80),,,,,20201127,20210218
69,391,578,391_578,3.178713708592618,283017,51.47751040011647,-0.037234604358574,True,Lewisham,Cherry,Flowering Cherry,Prunus,1  Mature,Mature(31-80),,,,,20201127,20210218
72,392,397,392_397,4.1436129401569195,271747,51.47717769444001,-0.037234500050504,True,Lewisham,Plane,Plane,Platanus,1  Mature,Mature(31-80),,,,,20201127,20210218
73,394,397,394_397,4.437715108716956,271747,51.47717769444001,-0.037234500050504,True,Lewisham,Plane,Plane,Platanus,1  Mature,Mature(31-80),,,,,20201127,20210218
74,397,395,397_395,4.3518831121383315,271745,51.47730439901363,-0.0372867062687474,True,Lewisham,Plane,Plane,Platanus,1  Mature,Mature(31-80),,,,,20201127,20210218
75,400,610,400_610,3.7944315082542377,506760,51.477435693144834,-0.0372228026389029,True,Lewisham,Plane,London Plane,Platanus occidentalis x orientalis = P. x hispanica,,Unknown,,,,,20180214,20210218
76,401,610,401_610,2.6368025945059146,506760,51.477435693144834,-0.0372228026389029,True,Lewisham,Plane,London Plane,Platanus occidentalis x orientalis = P. x hispanica,,Unknown,,,,,20180214,20210218
70,402,578,402_578,3.9097213417406858,283017,51.47751040011647,-0.037234604358574,True,Lewisham,Cherry,Flowering Cherry,Prunus,1  Mature,Mature(31-80),,,,,20201127,20210218
71,403,578,403_578,4.180189516441168,283017,51.47751040011647,-0.037234604358574,True,Lewisham,Cherry,Flowering Cherry,Prunus,1  Mature,Mature(31-80),,,,,20201127,20210218
77,407,471,407_471,3.0516439230146233,277508,51.47770059853804,-0.037312902510151,True,Lewisham,Lime,Linden,Tilia,1  Mature,Mature(31-80),,,,,20201127,20210218
78,408,471,408_471,3.821485387145118,277508,51.47770059853804,-0.037312902510151,True,Lewisham,Lime,Linden,Tilia,1  Mature,Mature(31-80),,,,,20201127,20210218
79,412,381,412_381,3.931283545094956,271730,51.4778734967113,-0.0374351069330689,True,Lewisham,Plane,Plane,Platanus,1  Mature,Mature(31-80),,,,,20201127,20210218
80,413,381,413_381,1.224088620606231,271730,51.4778734967113,-0.0374351069330689,True,Lewisham,Plane,Plane,Platanus,1  Mature,Mature(31-80),,,,,20201127,20210218
81,415,423,415_423,1.9822150048558114,274263,51.47780599445112,-0.0371643006801033,True,Lewisham,Ash,Manna Ash,Fraxinus ornus,1  Mature,Mature(31-80),,,,,20201127,20210218
89,415,609,415_609,2.9089749722194416,506756,51.47778359800594,-0.0372180044651036,True,Lewisham,Ash,Manna Ash,Fraxinus ornus,,Unknown,,,,,20180214,20210218
85,415,424,415_424,2.2206378974407346,274264,51.47777029871946,-0.037180304527177,True,Lewisham,Ash,Manna Ash,Fraxinus ornus,1  Mature,Mature(31-80),,,,,20201127,20210218
92,419,390,419_390,3.8508919073496983,271739,51.477842696011145,-0.0372060015797732,True,Lewisham,Plane,Plane,Platanus,1  Mature,Mature(31-80),,,,,20201127,20210218
86,419,424,419_424,4.695550311307595,274264,51.47777029871946,-0.037180304527177,True,Lewisham,Ash,Manna Ash,Fraxinus ornus,1  Mature,Mature(31-80),,,,,20201127,20210218
82,419,423,419_423,3.1811155494826138,274263,51.47780599445112,-0.0371643006801033,True,Lewisham,Ash,Manna Ash,Fraxinus ornus,1  Mature,Mature(31-80),,,,,20201127,20210218
90,419,609,419_609,2.7930841741213412,506756,51.47778359800594,-0.0372180044651036,True,Lewisham,Ash,Manna Ash,Fraxinus ornus,,Unknown,,,,,20180214,20210218
83,420,423,420_423,1.8999348432843965,274263,51.47780599445112,-0.0371643006801033,True,Lewisham,Ash,Manna Ash,Fraxinus ornus,1  Mature,Mature(31-80),,,,,20201127,20210218
87,420,424,420_424,2.226307206328408,274264,51.47777029871946,-0.037180304527177,True,Lewisham,Ash,Manna Ash,Fraxinus ornus,1  Mature,Mature(31-80),,,,,20201127,20210218
91,420,609,420_609,3.3121848894119417,506756,51.47778359800594,-0.0372180044651036,True,Lewisham,Ash,Manna Ash,Fraxinus ornus,,Unknown,,,,,20180214,20210218
93,421,422,421_422,3.907576392857802,274262,51.47779579460629,-0.0370928049087389,True,Lewisham,Ash,Manna Ash,Fraxinus ornus,1  Mature,Mature(31-80),,,,,20201127,20210218
94,421,467,421_467,3.8388261494970704,277504,51.47775959968583,-0.0370799005031151,True,Lewisham,Lime,Linden,Tilia,1  Mature,Mature(31-80),,,,,20201127,20210218
84,421,423,421_423,4.507425074595322,274263,51.47780599445112,-0.0371643006801033,True,Lewisham,Ash,Manna Ash,Fraxinus ornus,1  Mature,Mature(31-80),,,,,20201127,20210218
88,421,424,421_424,3.328901204334045,274264,51.47777029871946,-0.037180304527177,True,Lewisham,Ash,Manna Ash,Fraxinus ornus,1  Mature,Mature(31-80),,,,,20201127,20210218
95,422,467,422_467,2.34979806467241,277504,51.47775959968583,-0.0370799005031151,True,Lewisham,Lime,Linden,Tilia,1  Mature,Mature(31-80),,,,,20201127,20210218
96,423,467,423_467,3.3937778606128712,277504,51.47775959968583,-0.0370799005031151,True,Lewisham,Lime,Linden,Tilia,1  Mature,Mature(31-80),,,,,20201127,20210218
97,424,44,424_44,3.395095572104344,274289,51.47767850011586,-0.0370690003037374,True,Lewisham,Other,A Flowering Plant,,1  Mature,Mature(31-80),,,,,20201127,20210218
98,425,44,425_44,2.0543977157509006,274289,51.47767850011586,-0.0370690003037374,True,Lewisham,Other,A Flowering Plant,,1  Mature,Mature(31-80),,,,,20201127,20210218
99,426,44,426_44,4.456812664010166,274289,51.47767850011586,-0.0370690003037374,True,Lewisham,Other,A Flowering Plant,,1  Mature,Mature(31-80),,,,,20201127,20210218
100,460,417,460_417,3.7090674419205416,274024,51.47693009674551,-0.0358770042657468,True,Lewisham,Ash,Ash,Fraxinus excelsior,1  Mature,Mature(31-80),,,,,20201127,20210218
101,461,216,461_216,4.206817573126683,260338,51.47690189629798,-0.0358062013983348,True,Lewisham,Sycamore,Sycamore,Acer pseudoplatanus,Over  Mature,Veteran(over150),,,,,20201127,20210218
102,462,216,462_216,4.850189828353356,260338,51.47690189629798,-0.0358062013983348,True,Lewisham,Sycamore,Sycamore,Acer pseudoplatanus,Over  Mature,Veteran(over150),,,,,20201127,20210218
103,466,220,466_220,4.054998776504882,260342,51.47689639776943,-0.0354753062129051,True,Lewisham,Sycamore,Sycamore,Acer pseudoplatanus,1  Mature,Mature(31-80),,,,,20201127,20210218
104,477,670,477_670,3.6661655110605316,841094,51.47722329944385,-0.03513000160448,True,Lewisham,Black Locust,False-acacia,Robinia pseudoacacia,1  Mature,Mature(31-80),,,,,20201127,20210218
105,478,670,478_670,2.46643941350159,841094,51.47722329944385,-0.03513000160448,True,Lewisham,Black Locust,False-acacia,Robinia pseudoacacia,1  Mature,Mature(31-80),,,,,20201127,20210218
106,483,358,483_358,3.9298810081201716,270242,51.477208293974506,-0.0347706004975711,True,Lewisham,Pine,Deal,Pinus,1  Mature,Mature(31-80),,,,,20201127,20210218
107,484,358,484_358,4.743461612361086,270242,51.477208293974506,-0.0347706004975711,True,Lewisham,Pine,Deal,Pinus,1  Mature,Mature(31-80),,,,,20201127,20210218
108,484,151,484_151,2.8460179189018056,258699,51.47715369611984,-0.0347297042608395,True,Lewisham,Birch,Birch,Betula,1  Mature,Mature(31-80),,,,,20201127,20210218
110,484,709,484_709,4.328456887854246,506796,51.47719139605767,-0.0347189009189505,True,Lewisham,Birch,Birch Sp.,,,Unknown,,,,,20180214,20210218
109,485,151,485_151,1.9285646483828005,258699,51.47715369611984,-0.0347297042608395,True,Lewisham,Birch,Birch,Betula,1  Mature,Mature(31-80),,,,,20201127,20210218
111,496,163,496_163,4.828423657258508,258711,51.476788192987584,-0.0343854054807444,True,Lewisham,Birch,Birch,Betula,1  Mature,Mature(31-80),,,,,20201127,20210218
112,498,163,498_163,2.8118071860114764,258711,51.476788192987584,-0.0343854054807444,True,Lewisham,Birch,Birch,Betula,1  Mature,Mature(31-80),,,,,20201127,20210218
113,510,541,510_541,4.987329182448811,280857,51.47630249708897,-0.03437750041478,True,Lewisham,Whitebeam,Whitebeam,Sorbus,Semi  Mature,Early Mature(16-30),,,,,20201127,20210218
114,530,80,530_80,2.8732466851702143,70227,51.47577099502102,-0.0348612070083751,True,Lewisham,Plane,London Plane,Platanus occidentalis x orientalis = P. x hispanica,1  Young,Young(0-15),3.0,5.0,5.8,,20201127,20210218
5,530,624,530_624,1.8740724312544867,642947,51.47578889876616,-0.0348972007631035,True,TFL,Plane,Plane,Platanus,,Unknown,,,,,20180214,20210218
115,571,2,571_2,4.379371671295916,78003,51.47522209584729,-0.0386001020668514,True,Lewisham,Other,Tulip-tree,,1  Mature,Mature(31-80),2.2,6.1,9.5,,20201127,20210218
