,Air measurement,Tree number_x,Air-tree ID,Distance_to_tree,objectid,lat,lon,Tree_within_d_(default: 20m),borough,gla_tree_group,tree_name,taxon_name,age,age_group,spread_m,height_m,diameter_at_breast_height_cm,gdb_geomattr_data,load_date,updated
0,58,625,58_625,5.540897049978767,642948,51.475590899586834,-0.0377369001507899,True,TFL,Whitebeam,Rowan,Sorbus aucuparia,,Unknown,,,,,20180214,20210218
1,65,625,65_625,8.46114217617584,642948,51.475590899586834,-0.0377369001507899,True,TFL,Whitebeam,Rowan,Sorbus aucuparia,,Unknown,,,,,20180214,20210218
2,66,625,66_625,5.530328968554684,642948,51.475590899586834,-0.0377369001507899,True,TFL,Whitebeam,Rowan,Sorbus aucuparia,,Unknown,,,,,20180214,20210218
3,67,625,67_625,3.085995732238563,642948,51.475590899586834,-0.0377369001507899,True,TFL,Whitebeam,Rowan,Sorbus aucuparia,,Unknown,,,,,20180214,20210218
4,68,625,68_625,2.8995533603310024,642948,51.475590899586834,-0.0377369001507899,True,TFL,Whitebeam,Rowan,Sorbus aucuparia,,Unknown,,,,,20180214,20210218
5,69,625,69_625,5.218874195345468,642948,51.475590899586834,-0.0377369001507899,True,TFL,Whitebeam,Rowan,Sorbus aucuparia,,Unknown,,,,,20180214,20210218
6,70,625,70_625,8.12471990146827,642948,51.475590899586834,-0.0377369001507899,True,TFL,Whitebeam,Rowan,Sorbus aucuparia,,Unknown,,,,,20180214,20210218
7,129,624,129_624,7.4866161939738705,642947,51.47578889876616,-0.0348972007631035,True,TFL,Plane,Plane,Platanus,,Unknown,,,,,20180214,20210218
8,130,624,130_624,4.543369245422965,642947,51.47578889876616,-0.0348972007631035,True,TFL,Plane,Plane,Platanus,,Unknown,,,,,20180214,20210218
17,130,80,130_80,7.737139149329036,70227,51.47577099502102,-0.0348612070083751,True,Lewisham,Plane,London Plane,Platanus occidentalis x orientalis = P. x hispanica,1  Young,Young(0-15),3.0,5.0,5.8,,20201127,20210218
9,131,624,131_624,3.9444491051144754,642947,51.47578889876616,-0.0348972007631035,True,TFL,Plane,Plane,Platanus,,Unknown,,,,,20180214,20210218
18,131,80,131_80,6.37141060196249,70227,51.47577099502102,-0.0348612070083751,True,Lewisham,Plane,London Plane,Platanus occidentalis x orientalis = P. x hispanica,1  Young,Young(0-15),3.0,5.0,5.8,,20201127,20210218
10,132,624,132_624,4.999156862689261,642947,51.47578889876616,-0.0348972007631035,True,TFL,Plane,Plane,Platanus,,Unknown,,,,,20180214,20210218
19,132,80,132_80,5.808597208835222,70227,51.47577099502102,-0.0348612070083751,True,Lewisham,Plane,London Plane,Platanus occidentalis x orientalis = P. x hispanica,1  Young,Young(0-15),3.0,5.0,5.8,,20201127,20210218
11,133,624,133_624,7.345164006799765,642947,51.47578889876616,-0.0348972007631035,True,TFL,Plane,Plane,Platanus,,Unknown,,,,,20180214,20210218
26,133,85,133_85,9.919954801024982,74814,51.47578579932462,-0.0346733033656408,True,Lewisham,Plane,London Plane,Platanus occidentalis x orientalis = P. x hispanica,1  Young,Young(0-15),3.9,5.5,9.5,,20201127,20210218
20,133,80,133_80,6.812614101468144,70227,51.47577099502102,-0.0348612070083751,True,Lewisham,Plane,London Plane,Platanus occidentalis x orientalis = P. x hispanica,1  Young,Young(0-15),3.0,5.0,5.8,,20201127,20210218
27,134,85,134_85,8.399766143968403,74814,51.47578579932462,-0.0346733033656408,True,Lewisham,Plane,London Plane,Platanus occidentalis x orientalis = P. x hispanica,1  Young,Young(0-15),3.9,5.5,9.5,,20201127,20210218
21,134,80,134_80,8.737268307250227,70227,51.47577099502102,-0.0348612070083751,True,Lewisham,Plane,London Plane,Platanus occidentalis x orientalis = P. x hispanica,1  Young,Young(0-15),3.0,5.0,5.8,,20201127,20210218
12,134,624,134_624,9.567580938167907,642947,51.47578889876616,-0.0348972007631035,True,TFL,Plane,Plane,Platanus,,Unknown,,,,,20180214,20210218
28,135,85,135_85,6.690046748249401,74814,51.47578579932462,-0.0346733033656408,True,Lewisham,Plane,London Plane,Platanus occidentalis x orientalis = P. x hispanica,1  Young,Young(0-15),3.9,5.5,9.5,,20201127,20210218
29,136,85,136_85,6.0417096718662915,74814,51.47578579932462,-0.0346733033656408,True,Lewisham,Plane,London Plane,Platanus occidentalis x orientalis = P. x hispanica,1  Young,Young(0-15),3.9,5.5,9.5,,20201127,20210218
30,137,85,137_85,7.977368588615219,74814,51.47578579932462,-0.0346733033656408,True,Lewisham,Plane,London Plane,Platanus occidentalis x orientalis = P. x hispanica,1  Young,Young(0-15),3.9,5.5,9.5,,20201127,20210218
34,164,46,164_46,7.979302088440509,274292,51.47668429464117,-0.0340875014662158,True,Lewisham,Other,A Flowering Plant,,Semi  Mature,Early Mature(16-30),,,,,20201127,20210218
40,168,701,168_701,9.533988837998002,506787,51.47657709568742,-0.0341189056634858,True,Lewisham,Lime,Tilia Sp.,,,Unknown,,,,,20180214,20210218
41,169,701,169_701,8.502556118296496,506787,51.47657709568742,-0.0341189056634858,True,Lewisham,Lime,Tilia Sp.,,,Unknown,,,,,20180214,20210218
44,169,487,169_487,8.122864491322137,277524,51.47660439461474,-0.0341485068201022,True,Lewisham,Lime,Linden,Tilia,1  Mature,Mature(31-80),,,,,20201127,20210218
42,170,701,170_701,7.6929055411359695,506787,51.47657709568742,-0.0341189056634858,True,Lewisham,Lime,Tilia Sp.,,,Unknown,,,,,20180214,20210218
49,170,614,170_614,9.559105765478888,506786,51.47659909725189,-0.0340920016169673,True,Lewisham,Plane,London Plane,Platanus occidentalis x orientalis = P. x hispanica,,Unknown,,,,,20180214,20210218
45,170,487,170_487,5.864270780765764,277524,51.47660439461474,-0.0341485068201022,True,Lewisham,Lime,Linden,Tilia,1  Mature,Mature(31-80),,,,,20201127,20210218
46,171,487,171_487,5.204805144791295,277524,51.47660439461474,-0.0341485068201022,True,Lewisham,Lime,Linden,Tilia,1  Mature,Mature(31-80),,,,,20201127,20210218
43,171,701,171_701,8.388069801581612,506787,51.47657709568742,-0.0341189056634858,True,Lewisham,Lime,Tilia Sp.,,,Unknown,,,,,20180214,20210218
50,171,614,171_614,9.140202735777452,506786,51.47659909725189,-0.0340920016169673,True,Lewisham,Plane,London Plane,Platanus occidentalis x orientalis = P. x hispanica,,Unknown,,,,,20180214,20210218
47,172,487,172_487,6.6394201976786995,277524,51.47660439461474,-0.0341485068201022,True,Lewisham,Lime,Linden,Tilia,1  Mature,Mature(31-80),,,,,20201127,20210218
35,172,46,172_46,9.457475655389528,274292,51.47668429464117,-0.0340875014662158,True,Lewisham,Other,A Flowering Plant,,Semi  Mature,Early Mature(16-30),,,,,20201127,20210218
48,173,487,173_487,9.33656490873568,277524,51.47660439461474,-0.0341485068201022,True,Lewisham,Lime,Linden,Tilia,1  Mature,Mature(31-80),,,,,20201127,20210218
36,173,46,173_46,7.17579137302717,274292,51.47668429464117,-0.0340875014662158,True,Lewisham,Other,A Flowering Plant,,Semi  Mature,Early Mature(16-30),,,,,20201127,20210218
37,174,46,174_46,7.7205542364156265,274292,51.47668429464117,-0.0340875014662158,True,Lewisham,Other,A Flowering Plant,,Semi  Mature,Early Mature(16-30),,,,,20201127,20210218
38,175,46,175_46,7.576665846041872,274292,51.47668429464117,-0.0340875014662158,True,Lewisham,Other,A Flowering Plant,,Semi  Mature,Early Mature(16-30),,,,,20201127,20210218
39,176,46,176_46,8.820511903785638,274292,51.47668429464117,-0.0340875014662158,True,Lewisham,Other,A Flowering Plant,,Semi  Mature,Early Mature(16-30),,,,,20201127,20210218
51,178,147,178_147,9.72392724829893,258695,51.47674529999499,-0.0339696034788375,True,Lewisham,Birch,Birch,Betula,Semi  Mature,Early Mature(16-30),,,,,20201127,20210218
53,179,72,179_72,8.784936378280984,506783,51.476795695722224,-0.0339122042058901,True,Lewisham,Other,Tulip Tree,,,Unknown,,,,,20180214,20210218
52,179,147,179_147,9.970908762804575,258695,51.47674529999499,-0.0339696034788375,True,Lewisham,Birch,Birch,Betula,Semi  Mature,Early Mature(16-30),,,,,20201127,20210218
54,180,72,180_72,7.79531534056285,506783,51.476795695722224,-0.0339122042058901,True,Lewisham,Other,Tulip Tree,,,Unknown,,,,,20180214,20210218
55,181,72,181_72,8.073713851920322,506783,51.476795695722224,-0.0339122042058901,True,Lewisham,Other,Tulip Tree,,,Unknown,,,,,20180214,20210218
56,182,72,182_72,9.750948814027268,506783,51.476795695722224,-0.0339122042058901,True,Lewisham,Other,Tulip Tree,,,Unknown,,,,,20180214,20210218
57,182,699,182_699,9.702657839594739,506782,51.47682199627167,-0.0338160023092309,True,Lewisham,Lime,Tilia Sp.,,,Unknown,,,,,20180214,20210218
58,183,699,183_699,9.969591342645302,506782,51.47682199627167,-0.0338160023092309,True,Lewisham,Lime,Tilia Sp.,,,Unknown,,,,,20180214,20210218
66,241,521,241_521,9.471144550414854,277980,51.47829339653265,-0.0351272001861112,True,Lewisham,Beech,Beech,Fagus sylvatica,1  Young,Young(0-15),,,,,20201127,20210218
59,241,520,241_520,9.670030237285934,277979,51.47833909839402,-0.0351684018968733,True,Lewisham,Beech,Beech,Fagus sylvatica,1  Young,Young(0-15),,,,,20201127,20210218
67,242,521,242_521,8.04134037218411,277980,51.47829339653265,-0.0351272001861112,True,Lewisham,Beech,Beech,Fagus sylvatica,1  Young,Young(0-15),,,,,20201127,20210218
60,242,520,242_520,7.45836815916268,277979,51.47833909839402,-0.0351684018968733,True,Lewisham,Beech,Beech,Fagus sylvatica,1  Young,Young(0-15),,,,,20201127,20210218
71,243,196,243_196,8.614470394177188,259738,51.47838480025528,-0.0352097004651578,True,Lewisham,Pear,A Flowering Plant,Amelanchier,1  Young,Young(0-15),,,,,20201127,20210218
68,243,521,243_521,7.055225902273016,277980,51.47829339653265,-0.0351272001861112,True,Lewisham,Beech,Beech,Fagus sylvatica,1  Young,Young(0-15),,,,,20201127,20210218
61,243,520,243_520,5.281808201958079,277979,51.47833909839402,-0.0351684018968733,True,Lewisham,Beech,Beech,Fagus sylvatica,1  Young,Young(0-15),,,,,20201127,20210218
72,244,196,244_196,6.61504006521779,259738,51.47838480025528,-0.0352097004651578,True,Lewisham,Pear,A Flowering Plant,Amelanchier,1  Young,Young(0-15),,,,,20201127,20210218
69,244,521,244_521,6.711315203766787,277980,51.47829339653265,-0.0351272001861112,True,Lewisham,Beech,Beech,Fagus sylvatica,1  Young,Young(0-15),,,,,20201127,20210218
62,244,520,244_520,3.212508624285227,277979,51.47833909839402,-0.0351684018968733,True,Lewisham,Beech,Beech,Fagus sylvatica,1  Young,Young(0-15),,,,,20201127,20210218
73,245,196,245_196,4.5461711989435125,259738,51.47838480025528,-0.0352097004651578,True,Lewisham,Pear,A Flowering Plant,Amelanchier,1  Young,Young(0-15),,,,,20201127,20210218
70,245,521,245_521,9.404079222332596,277980,51.47829339653265,-0.0351272001861112,True,Lewisham,Beech,Beech,Fagus sylvatica,1  Young,Young(0-15),,,,,20201127,20210218
63,245,520,245_520,4.525483886787222,277979,51.47833909839402,-0.0351684018968733,True,Lewisham,Beech,Beech,Fagus sylvatica,1  Young,Young(0-15),,,,,20201127,20210218
77,245,195,245_195,9.348194369500376,259737,51.47843919694426,-0.0352361053227349,True,Lewisham,Pear,A Flowering Plant,Amelanchier,1  Young,Young(0-15),,,,,20201127,20210218
64,246,520,246_520,6.855320145192958,277979,51.47833909839402,-0.0351684018968733,True,Lewisham,Beech,Beech,Fagus sylvatica,1  Young,Young(0-15),,,,,20201127,20210218
78,246,195,246_195,6.690932399723438,259737,51.47843919694426,-0.0352361053227349,True,Lewisham,Pear,A Flowering Plant,Amelanchier,1  Young,Young(0-15),,,,,20201127,20210218
74,246,196,246_196,3.732587757661101,259738,51.47838480025528,-0.0352097004651578,True,Lewisham,Pear,A Flowering Plant,Amelanchier,1  Young,Young(0-15),,,,,20201127,20210218
65,247,520,247_520,9.479790985003563,277979,51.47833909839402,-0.0351684018968733,True,Lewisham,Beech,Beech,Fagus sylvatica,1  Young,Young(0-15),,,,,20201127,20210218
79,247,195,247_195,4.301631432010163,259737,51.47843919694426,-0.0352361053227349,True,Lewisham,Pear,A Flowering Plant,Amelanchier,1  Young,Young(0-15),,,,,20201127,20210218
75,247,196,247_196,4.853078120010452,259738,51.47838480025528,-0.0352097004651578,True,Lewisham,Pear,A Flowering Plant,Amelanchier,1  Young,Young(0-15),,,,,20201127,20210218
80,248,195,248_195,2.931740705135967,259737,51.47843919694426,-0.0352361053227349,True,Lewisham,Pear,A Flowering Plant,Amelanchier,1  Young,Young(0-15),,,,,20201127,20210218
76,248,196,248_196,7.037622890567493,259738,51.47838480025528,-0.0352097004651578,True,Lewisham,Pear,A Flowering Plant,Amelanchier,1  Young,Young(0-15),,,,,20201127,20210218
83,248,517,248_517,7.629781911089299,277976,51.47849379479879,-0.0352770015596673,True,Lewisham,Beech,Beech,Fagus sylvatica,1  Young,Young(0-15),,,,,20201127,20210218
81,249,195,249_195,4.586300236527371,259737,51.47843919694426,-0.0352361053227349,True,Lewisham,Pear,A Flowering Plant,Amelanchier,1  Young,Young(0-15),,,,,20201127,20210218
84,249,517,249_517,4.521283389903238,277976,51.47849379479879,-0.0352770015596673,True,Lewisham,Beech,Beech,Fagus sylvatica,1  Young,Young(0-15),,,,,20201127,20210218
85,250,517,250_517,3.2792727887740507,277976,51.47849379479879,-0.0352770015596673,True,Lewisham,Beech,Beech,Fagus sylvatica,1  Young,Young(0-15),,,,,20201127,20210218
82,250,195,250_195,7.845787725285734,259737,51.47843919694426,-0.0352361053227349,True,Lewisham,Pear,A Flowering Plant,Amelanchier,1  Young,Young(0-15),,,,,20201127,20210218
88,250,194,250_194,8.469069784205411,259736,51.47855769842876,-0.0353319048879752,True,Lewisham,Pear,A Flowering Plant,Amelanchier,1  Young,Young(0-15),,,,,20201127,20210218
89,251,194,251_194,5.47331349010407,259736,51.47855769842876,-0.0353319048879752,True,Lewisham,Pear,A Flowering Plant,Amelanchier,1  Young,Young(0-15),,,,,20201127,20210218
86,251,517,251_517,5.398929824892267,277976,51.47849379479879,-0.0352770015596673,True,Lewisham,Beech,Beech,Fagus sylvatica,1  Young,Young(0-15),,,,,20201127,20210218
90,252,194,252_194,4.03390202883578,259736,51.47855769842876,-0.0353319048879752,True,Lewisham,Pear,A Flowering Plant,Amelanchier,1  Young,Young(0-15),,,,,20201127,20210218
93,252,519,252_519,9.320317292405496,277978,51.47862149775041,-0.035386703908347,True,Lewisham,Beech,Beech,Fagus sylvatica,1  Young,Young(0-15),,,,,20201127,20210218
87,252,517,252_517,8.696346061348674,277976,51.47849379479879,-0.0352770015596673,True,Lewisham,Beech,Beech,Fagus sylvatica,1  Young,Young(0-15),,,,,20201127,20210218
91,253,194,253_194,5.099305731630773,259736,51.47855769842876,-0.0353319048879752,True,Lewisham,Pear,A Flowering Plant,Amelanchier,1  Young,Young(0-15),,,,,20201127,20210218
94,253,519,253_519,5.630640252948491,277978,51.47862149775041,-0.035386703908347,True,Lewisham,Beech,Beech,Fagus sylvatica,1  Young,Young(0-15),,,,,20201127,20210218
92,254,194,254_194,8.285819741387899,259736,51.47855769842876,-0.0353319048879752,True,Lewisham,Pear,A Flowering Plant,Amelanchier,1  Young,Young(0-15),,,,,20201127,20210218
95,254,519,254_519,3.0759143956159773,277978,51.47862149775041,-0.035386703908347,True,Lewisham,Beech,Beech,Fagus sylvatica,1  Young,Young(0-15),,,,,20201127,20210218
98,254,518,254_518,6.806364951157142,277977,51.4786758944393,-0.0354132056235803,True,Lewisham,Beech,Beech,Fagus sylvatica,1  Young,Young(0-15),,,,,20201127,20210218
99,255,518,255_518,3.6363183648896937,277977,51.4786758944393,-0.0354132056235803,True,Lewisham,Beech,Beech,Fagus sylvatica,1  Young,Young(0-15),,,,,20201127,20210218
96,255,519,255_519,3.872742334964046,277978,51.47862149775041,-0.035386703908347,True,Lewisham,Beech,Beech,Fagus sylvatica,1  Young,Young(0-15),,,,,20201127,20210218
97,256,519,256_519,8.697745555840473,277978,51.47862149775041,-0.035386703908347,True,Lewisham,Beech,Beech,Fagus sylvatica,1  Young,Young(0-15),,,,,20201127,20210218
102,256,474,256_474,5.838495321778356,277511,51.478730797767696,-0.0354684069752706,True,Lewisham,Lime,Linden,Tilia,1  Mature,Mature(31-80),,,,,20201127,20210218
100,256,518,256_518,2.7115680529739468,277977,51.4786758944393,-0.0354132056235803,True,Lewisham,Beech,Beech,Fagus sylvatica,1  Young,Young(0-15),,,,,20201127,20210218
106,257,30,257_30,8.049470971952537,258547,51.478785693645605,-0.0355237051844498,True,Lewisham,Other,A Flowering Plant,,1  Mature,Mature(31-80),,,,,20201127,20210218
103,257,474,257_474,2.992870776077081,277511,51.478730797767696,-0.0354684069752706,True,Lewisham,Lime,Linden,Tilia,1  Mature,Mature(31-80),,,,,20201127,20210218
101,257,518,257_518,7.56313111894749,277977,51.4786758944393,-0.0354132056235803,True,Lewisham,Beech,Beech,Fagus sylvatica,1  Young,Young(0-15),,,,,20201127,20210218
107,258,30,258_30,5.178354485988005,258547,51.478785693645605,-0.0355237051844498,True,Lewisham,Other,A Flowering Plant,,1  Mature,Mature(31-80),,,,,20201127,20210218
104,258,474,258_474,5.8111591217092196,277511,51.478730797767696,-0.0354684069752706,True,Lewisham,Lime,Linden,Tilia,1  Mature,Mature(31-80),,,,,20201127,20210218
108,259,30,259_30,4.054783161807646,258547,51.478785693645605,-0.0355237051844498,True,Lewisham,Other,A Flowering Plant,,1  Mature,Mature(31-80),,,,,20201127,20210218
105,259,474,259_474,8.227790411818964,277511,51.478730797767696,-0.0354684069752706,True,Lewisham,Lime,Linden,Tilia,1  Mature,Mature(31-80),,,,,20201127,20210218
109,260,30,260_30,4.99341344983324,258547,51.478785693645605,-0.0355237051844498,True,Lewisham,Other,A Flowering Plant,,1  Mature,Mature(31-80),,,,,20201127,20210218
110,261,30,261_30,7.6842408280675185,258547,51.478785693645605,-0.0355237051844498,True,Lewisham,Other,A Flowering Plant,,1  Mature,Mature(31-80),,,,,20201127,20210218
111,262,30,262_30,9.75552798700922,258547,51.478785693645605,-0.0355237051844498,True,Lewisham,Other,A Flowering Plant,,1  Mature,Mature(31-80),,,,,20201127,20210218
112,263,258,263_258,7.3466694949774505,261894,51.47879859805116,-0.035753600299354,True,Lewisham,Maple,Norway Maple,Acer platanoides,1  Mature,Mature(31-80),,,,,20201127,20210218
122,264,203,264_203,8.38384545721543,260324,51.478805996477725,-0.0361997038125782,True,Lewisham,Sycamore,Sycamore,Acer pseudoplatanus,Semi  Mature,Early Mature(16-30),,,,,20201127,20210218
117,264,187,264_187,5.69374752753707,259727,51.47871399670856,-0.0360740050672722,True,Lewisham,Pear,A Flowering Plant,Amelanchier,1  Mature,Mature(31-80),,,,,20201127,20210218
113,265,258,265_258,9.25583041488684,261894,51.47879859805116,-0.035753600299354,True,Lewisham,Maple,Norway Maple,Acer platanoides,1  Mature,Mature(31-80),,,,,20201127,20210218
114,266,258,266_258,7.307804826681128,261894,51.47879859805116,-0.035753600299354,True,Lewisham,Maple,Norway Maple,Acer platanoides,1  Mature,Mature(31-80),,,,,20201127,20210218
115,267,258,267_258,7.673045548451655,261894,51.47879859805116,-0.035753600299354,True,Lewisham,Maple,Norway Maple,Acer platanoides,1  Mature,Mature(31-80),,,,,20201127,20210218
127,268,378,268_378,9.33470230642318,271727,51.47877329587941,-0.0358555018901393,True,Lewisham,Plane,Plane,Platanus,1  Mature,Mature(31-80),,,,,20201127,20210218
116,268,258,268_258,9.614968811020903,261894,51.47879859805116,-0.035753600299354,True,Lewisham,Maple,Norway Maple,Acer platanoides,1  Mature,Mature(31-80),,,,,20201127,20210218
128,269,378,269_378,9.692152923444626,271727,51.47877329587941,-0.0358555018901393,True,Lewisham,Plane,Plane,Platanus,1  Mature,Mature(31-80),,,,,20201127,20210218
123,273,203,273_203,8.539300321081429,260324,51.478805996477725,-0.0361997038125782,True,Lewisham,Sycamore,Sycamore,Acer pseudoplatanus,Semi  Mature,Early Mature(16-30),,,,,20201127,20210218
118,273,187,273_187,9.123623477152595,259727,51.47871399670856,-0.0360740050672722,True,Lewisham,Pear,A Flowering Plant,Amelanchier,1  Mature,Mature(31-80),,,,,20201127,20210218
124,274,203,274_203,7.045204991077495,260324,51.478805996477725,-0.0361997038125782,True,Lewisham,Sycamore,Sycamore,Acer pseudoplatanus,Semi  Mature,Early Mature(16-30),,,,,20201127,20210218
119,274,187,274_187,7.088662203055894,259727,51.47871399670856,-0.0360740050672722,True,Lewisham,Pear,A Flowering Plant,Amelanchier,1  Mature,Mature(31-80),,,,,20201127,20210218
125,275,203,275_203,7.401831487513992,260324,51.478805996477725,-0.0361997038125782,True,Lewisham,Sycamore,Sycamore,Acer pseudoplatanus,Semi  Mature,Early Mature(16-30),,,,,20201127,20210218
120,275,187,275_187,6.30454509123988,259727,51.47871399670856,-0.0360740050672722,True,Lewisham,Pear,A Flowering Plant,Amelanchier,1  Mature,Mature(31-80),,,,,20201127,20210218
126,276,203,276_203,9.223982481046578,260324,51.478805996477725,-0.0361997038125782,True,Lewisham,Sycamore,Sycamore,Acer pseudoplatanus,Semi  Mature,Early Mature(16-30),,,,,20201127,20210218
121,276,187,276_187,7.374825888306976,259727,51.47871399670856,-0.0360740050672722,True,Lewisham,Pear,A Flowering Plant,Amelanchier,1  Mature,Mature(31-80),,,,,20201127,20210218
132,288,189,288_189,8.47769724279203,259729,51.47849219292412,-0.0367892011999838,True,Lewisham,Pear,A Flowering Plant,Amelanchier,1  Mature,Mature(31-80),,,,,20201127,20210218
129,288,188,288_188,6.959306114294066,259728,51.47852669656286,-0.0367013067006744,True,Lewisham,Pear,A Flowering Plant,Amelanchier,1  Mature,Mature(31-80),,,,,20201127,20210218
133,289,189,289_189,5.500252692409402,259729,51.47849219292412,-0.0367892011999838,True,Lewisham,Pear,A Flowering Plant,Amelanchier,1  Mature,Mature(31-80),,,,,20201127,20210218
130,289,188,289_188,6.558703443087427,259728,51.47852669656286,-0.0367013067006744,True,Lewisham,Pear,A Flowering Plant,Amelanchier,1  Mature,Mature(31-80),,,,,20201127,20210218
137,289,686,289_686,8.601704581725953,506750,51.47850729525098,-0.0368269011377765,True,Lewisham,Pear,Callery Pear,Pyrus calleryana Chant. Red.Sp,,Unknown,,,,,20180214,20210218
149,290,193,290_193,5.360169180367657,259733,51.47835659980784,-0.0372847020625014,True,Lewisham,Pear,A Flowering Plant,Amelanchier,1  Mature,Mature(31-80),,,,,20201127,20210218
142,290,192,290_192,6.122503269836919,259732,51.47839929908514,-0.0371533036231363,True,Lewisham,Pear,A Flowering Plant,Amelanchier,1  Mature,Mature(31-80),,,,,20201127,20210218
155,291,190,291_190,7.901437454484443,259730,51.47846689820297,-0.0368911027908361,True,Lewisham,Pear,A Flowering Plant,Amelanchier,1  Mature,Mature(31-80),,,,,20201127,20210218
131,291,188,291_188,8.975400085479794,259728,51.47852669656286,-0.0367013067006744,True,Lewisham,Pear,A Flowering Plant,Amelanchier,1  Mature,Mature(31-80),,,,,20201127,20210218
134,291,189,291_189,3.5126141879956627,259729,51.47849219292412,-0.0367892011999838,True,Lewisham,Pear,A Flowering Plant,Amelanchier,1  Mature,Mature(31-80),,,,,20201127,20210218
138,291,686,291_686,6.143228143538407,506750,51.47850729525098,-0.0368269011377765,True,Lewisham,Pear,Callery Pear,Pyrus calleryana Chant. Red.Sp,,Unknown,,,,,20180214,20210218
139,292,686,292_686,5.673479979190591,506750,51.47850729525098,-0.0368269011377765,True,Lewisham,Pear,Callery Pear,Pyrus calleryana Chant. Red.Sp,,Unknown,,,,,20180214,20210218
156,292,190,292_190,4.802586519694245,259730,51.47846689820297,-0.0368911027908361,True,Lewisham,Pear,A Flowering Plant,Amelanchier,1  Mature,Mature(31-80),,,,,20201127,20210218
135,292,189,292_189,4.658923916005292,259729,51.47849219292412,-0.0367892011999838,True,Lewisham,Pear,A Flowering Plant,Amelanchier,1  Mature,Mature(31-80),,,,,20201127,20210218
140,293,686,293_686,6.931426407283267,506750,51.47850729525098,-0.0368269011377765,True,Lewisham,Pear,Callery Pear,Pyrus calleryana Chant. Red.Sp,,Unknown,,,,,20180214,20210218
157,293,190,293_190,2.2592358350404265,259730,51.47846689820297,-0.0368911027908361,True,Lewisham,Pear,A Flowering Plant,Amelanchier,1  Mature,Mature(31-80),,,,,20201127,20210218
136,293,189,293_189,7.244299155634515,259729,51.47849219292412,-0.0367892011999838,True,Lewisham,Pear,A Flowering Plant,Amelanchier,1  Mature,Mature(31-80),,,,,20201127,20210218
141,294,686,294_686,9.236241115016448,506750,51.47850729525098,-0.0368269011377765,True,Lewisham,Pear,Callery Pear,Pyrus calleryana Chant. Red.Sp,,Unknown,,,,,20180214,20210218
161,294,191,294_191,8.423626507370935,259731,51.478433296084525,-0.0370366051792664,True,Lewisham,Pear,A Flowering Plant,Amelanchier,1  Mature,Mature(31-80),,,,,20201127,20210218
158,294,190,294_190,2.924149225597648,259730,51.47846689820297,-0.0368911027908361,True,Lewisham,Pear,A Flowering Plant,Amelanchier,1  Mature,Mature(31-80),,,,,20201127,20210218
159,295,190,295_190,5.779649704007698,259730,51.47846689820297,-0.0368911027908361,True,Lewisham,Pear,A Flowering Plant,Amelanchier,1  Mature,Mature(31-80),,,,,20201127,20210218
162,295,191,295_191,5.1520745937653,259731,51.478433296084525,-0.0370366051792664,True,Lewisham,Pear,A Flowering Plant,Amelanchier,1  Mature,Mature(31-80),,,,,20201127,20210218
160,296,190,296_190,9.16008531427778,259730,51.47846689820297,-0.0368911027908361,True,Lewisham,Pear,A Flowering Plant,Amelanchier,1  Mature,Mature(31-80),,,,,20201127,20210218
163,296,191,296_191,1.7860945117733849,259731,51.478433296084525,-0.0370366051792664,True,Lewisham,Pear,A Flowering Plant,Amelanchier,1  Mature,Mature(31-80),,,,,20201127,20210218
164,297,191,297_191,1.1935609559157236,259731,51.478433296084525,-0.0370366051792664,True,Lewisham,Pear,A Flowering Plant,Amelanchier,1  Mature,Mature(31-80),,,,,20201127,20210218
143,297,192,297_192,7.876704255743451,259732,51.47839929908514,-0.0371533036231363,True,Lewisham,Pear,A Flowering Plant,Amelanchier,1  Mature,Mature(31-80),,,,,20201127,20210218
165,298,191,298_191,3.8550237819698023,259731,51.478433296084525,-0.0370366051792664,True,Lewisham,Pear,A Flowering Plant,Amelanchier,1  Mature,Mature(31-80),,,,,20201127,20210218
144,298,192,298_192,5.123004913223767,259732,51.47839929908514,-0.0371533036231363,True,Lewisham,Pear,A Flowering Plant,Amelanchier,1  Mature,Mature(31-80),,,,,20201127,20210218
166,299,191,299_191,7.749158685714704,259731,51.478433296084525,-0.0370366051792664,True,Lewisham,Pear,A Flowering Plant,Amelanchier,1  Mature,Mature(31-80),,,,,20201127,20210218
145,299,192,299_192,1.6229929769841167,259732,51.47839929908514,-0.0371533036231363,True,Lewisham,Pear,A Flowering Plant,Amelanchier,1  Mature,Mature(31-80),,,,,20201127,20210218
150,300,193,300_193,8.95750091306889,259733,51.47835659980784,-0.0372847020625014,True,Lewisham,Pear,A Flowering Plant,Amelanchier,1  Mature,Mature(31-80),,,,,20201127,20210218
146,300,192,300_192,2.104338334954186,259732,51.47839929908514,-0.0371533036231363,True,Lewisham,Pear,A Flowering Plant,Amelanchier,1  Mature,Mature(31-80),,,,,20201127,20210218
147,301,192,301_192,5.553258257563318,259732,51.47839929908514,-0.0371533036231363,True,Lewisham,Pear,A Flowering Plant,Amelanchier,1  Mature,Mature(31-80),,,,,20201127,20210218
151,301,193,301_193,5.82866421709184,259733,51.47835659980784,-0.0372847020625014,True,Lewisham,Pear,A Flowering Plant,Amelanchier,1  Mature,Mature(31-80),,,,,20201127,20210218
148,302,192,302_192,9.162714201403432,259732,51.47839929908514,-0.0371533036231363,True,Lewisham,Pear,A Flowering Plant,Amelanchier,1  Mature,Mature(31-80),,,,,20201127,20210218
152,302,193,302_193,3.7968473933020777,259733,51.47835659980784,-0.0372847020625014,True,Lewisham,Pear,A Flowering Plant,Amelanchier,1  Mature,Mature(31-80),,,,,20201127,20210218
153,303,193,303_193,4.021329845894699,259733,51.47835659980784,-0.0372847020625014,True,Lewisham,Pear,A Flowering Plant,Amelanchier,1  Mature,Mature(31-80),,,,,20201127,20210218
154,304,193,304_193,6.921709318813132,259733,51.47835659980784,-0.0372847020625014,True,Lewisham,Pear,A Flowering Plant,Amelanchier,1  Mature,Mature(31-80),,,,,20201127,20210218
167,305,528,305_528,9.437609284439999,279123,51.47843179851785,-0.037483103573228,True,Lewisham,Maple,Silver Maple,Acer saccharinum,Semi  Mature,Early Mature(16-30),,,,,20201127,20210218
168,306,528,306_528,9.190292271516086,279123,51.47843179851785,-0.037483103573228,True,Lewisham,Maple,Silver Maple,Acer saccharinum,Semi  Mature,Early Mature(16-30),,,,,20201127,20210218
169,307,140,307_140,9.849305133796042,258661,51.47843279689558,-0.0375407040119016,True,Lewisham,Birch,Birch,Betula,1  Mature,Mature(31-80),,,,,20201127,20210218
170,314,573,314_573,6.34483297495136,283007,51.478298895061066,-0.0381369069218301,True,Lewisham,Cherry,Flowering Cherry,Prunus,1  Mature,Mature(31-80),,,,,20201127,20210218
171,315,573,315_573,6.865751781629922,283007,51.478298895061066,-0.0381369069218301,True,Lewisham,Cherry,Flowering Cherry,Prunus,1  Mature,Mature(31-80),,,,,20201127,20210218
172,316,573,316_573,7.478163116617439,283007,51.478298895061066,-0.0381369069218301,True,Lewisham,Cherry,Flowering Cherry,Prunus,1  Mature,Mature(31-80),,,,,20201127,20210218
173,317,573,317_573,8.161497000780313,283007,51.478298895061066,-0.0381369069218301,True,Lewisham,Cherry,Flowering Cherry,Prunus,1  Mature,Mature(31-80),,,,,20201127,20210218
174,318,573,318_573,5.683027392739186,283007,51.478298895061066,-0.0381369069218301,True,Lewisham,Cherry,Flowering Cherry,Prunus,1  Mature,Mature(31-80),,,,,20201127,20210218
178,319,120,319_120,9.4195064472458,254302,51.478273898363206,-0.0382532030343145,True,Lewisham,Rowan,Rowan,Sorbus aucuparia,Semi  Mature,Early Mature(16-30),,,,,20201127,20210218
175,319,573,319_573,5.33849760748107,283007,51.478298895061066,-0.0381369069218301,True,Lewisham,Cherry,Flowering Cherry,Prunus,1  Mature,Mature(31-80),,,,,20201127,20210218
179,320,120,320_120,7.088314974296909,254302,51.478273898363206,-0.0382532030343145,True,Lewisham,Rowan,Rowan,Sorbus aucuparia,Semi  Mature,Early Mature(16-30),,,,,20201127,20210218
176,320,573,320_573,5.694905177761205,283007,51.478298895061066,-0.0381369069218301,True,Lewisham,Cherry,Flowering Cherry,Prunus,1  Mature,Mature(31-80),,,,,20201127,20210218
180,321,120,321_120,5.042842375636826,254302,51.478273898363206,-0.0382532030343145,True,Lewisham,Rowan,Rowan,Sorbus aucuparia,Semi  Mature,Early Mature(16-30),,,,,20201127,20210218
177,321,573,321_573,9.404064527718276,283007,51.478298895061066,-0.0381369069218301,True,Lewisham,Cherry,Flowering Cherry,Prunus,1  Mature,Mature(31-80),,,,,20201127,20210218
181,322,120,322_120,5.3561296269058225,254302,51.478273898363206,-0.0382532030343145,True,Lewisham,Rowan,Rowan,Sorbus aucuparia,Semi  Mature,Early Mature(16-30),,,,,20201127,20210218
182,323,120,323_120,6.811934971566318,254302,51.478273898363206,-0.0382532030343145,True,Lewisham,Rowan,Rowan,Sorbus aucuparia,Semi  Mature,Early Mature(16-30),,,,,20201127,20210218
183,326,608,326_608,8.973650131880962,506755,51.47810619324462,-0.0384369045495792,True,Lewisham,Plane,London Plane,Platanus occidentalis x orientalis = P. x hispanica,,Unknown,,,,,20180214,20210218
184,327,608,327_608,9.074184129525868,506755,51.47810619324462,-0.0384369045495792,True,Lewisham,Plane,London Plane,Platanus occidentalis x orientalis = P. x hispanica,,Unknown,,,,,20180214,20210218
185,328,608,328_608,9.896570136606558,506755,51.47810619324462,-0.0384369045495792,True,Lewisham,Plane,London Plane,Platanus occidentalis x orientalis = P. x hispanica,,Unknown,,,,,20180214,20210218
188,328,577,328_577,9.494874872815432,283016,51.47808019816886,-0.038506306707857,True,Lewisham,Cherry,Flowering Cherry,Prunus,1  Mature,Mature(31-80),,,,,20201127,20210218
189,329,577,329_577,4.905587326683373,283016,51.47808019816886,-0.038506306707857,True,Lewisham,Cherry,Flowering Cherry,Prunus,1  Mature,Mature(31-80),,,,,20201127,20210218
186,329,608,329_608,8.337417596407672,506755,51.47810619324462,-0.0384369045495792,True,Lewisham,Plane,London Plane,Platanus occidentalis x orientalis = P. x hispanica,,Unknown,,,,,20180214,20210218
190,330,577,330_577,4.616035443066256,283016,51.47808019816886,-0.038506306707857,True,Lewisham,Cherry,Flowering Cherry,Prunus,1  Mature,Mature(31-80),,,,,20201127,20210218
194,330,725,330_725,8.59010198023314,506819,51.47800789773473,-0.0385275036096347,True,Lewisham,Cherry,Cherry,"Prunus ""sunset boulevard""",,Unknown,,,,,20180214,20210218
187,330,608,330_608,9.877868067599039,506755,51.47810619324462,-0.0384369045495792,True,Lewisham,Plane,London Plane,Platanus occidentalis x orientalis = P. x hispanica,,Unknown,,,,,20180214,20210218
191,331,577,331_577,6.728668893306253,283016,51.47808019816886,-0.038506306707857,True,Lewisham,Cherry,Flowering Cherry,Prunus,1  Mature,Mature(31-80),,,,,20201127,20210218
195,331,725,331_725,6.198886273616559,506819,51.47800789773473,-0.0385275036096347,True,Lewisham,Cherry,Cherry,"Prunus ""sunset boulevard""",,Unknown,,,,,20180214,20210218
196,332,725,332_725,3.7047509357386894,506819,51.47800789773473,-0.0385275036096347,True,Lewisham,Cherry,Cherry,"Prunus ""sunset boulevard""",,Unknown,,,,,20180214,20210218
192,332,577,332_577,9.395316896426802,283016,51.47808019816886,-0.038506306707857,True,Lewisham,Cherry,Flowering Cherry,Prunus,1  Mature,Mature(31-80),,,,,20201127,20210218
200,332,211,332_211,8.50388510972227,260333,51.47798069566501,-0.0384673997759078,True,Lewisham,Sycamore,Sycamore,Acer pseudoplatanus,1  Mature,Mature(31-80),,,,,20201127,20210218
193,333,577,333_577,9.67335293352435,283016,51.47808019816886,-0.038506306707857,True,Lewisham,Cherry,Flowering Cherry,Prunus,1  Mature,Mature(31-80),,,,,20201127,20210218
197,333,725,333_725,1.5011312123150942,506819,51.47800789773473,-0.0385275036096347,True,Lewisham,Cherry,Cherry,"Prunus ""sunset boulevard""",,Unknown,,,,,20180214,20210218
201,333,211,333_211,4.880581135902049,260333,51.47798069566501,-0.0384673997759078,True,Lewisham,Sycamore,Sycamore,Acer pseudoplatanus,1  Mature,Mature(31-80),,,,,20201127,20210218
202,334,211,334_211,3.02211685710815,260333,51.47798069566501,-0.0384673997759078,True,Lewisham,Sycamore,Sycamore,Acer pseudoplatanus,1  Mature,Mature(31-80),,,,,20201127,20210218
204,334,212,334_212,8.81546648495745,260334,51.477951996028544,-0.03836780041455,True,Lewisham,Sycamore,Sycamore,Acer pseudoplatanus,1  Mature,Mature(31-80),,,,,20201127,20210218
198,334,725,334_725,5.8683621677483,506819,51.47800789773473,-0.0385275036096347,True,Lewisham,Cherry,Cherry,"Prunus ""sunset boulevard""",,Unknown,,,,,20180214,20210218
205,335,212,335_212,9.5276645916242,260334,51.477951996028544,-0.03836780041455,True,Lewisham,Sycamore,Sycamore,Acer pseudoplatanus,1  Mature,Mature(31-80),,,,,20201127,20210218
199,335,725,335_725,9.378614632344572,506819,51.47800789773473,-0.0385275036096347,True,Lewisham,Cherry,Cherry,"Prunus ""sunset boulevard""",,Unknown,,,,,20180214,20210218
203,335,211,335_211,6.5014103597425175,260333,51.47798069566501,-0.0384673997759078,True,Lewisham,Sycamore,Sycamore,Acer pseudoplatanus,1  Mature,Mature(31-80),,,,,20201127,20210218
206,339,405,339_405,9.59826400614864,271755,51.4778244942427,-0.0382724031805279,True,Lewisham,Plane,Plane,Platanus,1  Mature,Mature(31-80),,,,,20201127,20210218
209,340,185,340_185,4.5114908897209425,259719,51.477680295705866,-0.0382498055696494,True,Lewisham,Pear,A Flowering Plant,Amelanchier,1  Mature,Mature(31-80),,,,,20201127,20210218
215,340,582,340_582,6.6374761527485004,283021,51.47777889668946,-0.0382312014698996,True,Lewisham,Cherry,Flowering Cherry,Prunus,1  Mature,Mature(31-80),,,,,20201127,20210218
219,340,594,340_594,3.431805138684385,506584,51.4776971936227,-0.0382845029234475,True,Lewisham,Plane,London Plane,Platanus occidentalis x orientalis = P. x hispanica,,Unknown,,,,,20180214,20210218
207,341,405,341_405,8.320681929638708,271755,51.4778244942427,-0.0382724031805279,True,Lewisham,Plane,Plane,Platanus,1  Mature,Mature(31-80),,,,,20201127,20210218
208,342,405,342_405,8.373149092318396,271755,51.4778244942427,-0.0382724031805279,True,Lewisham,Plane,Plane,Platanus,1  Mature,Mature(31-80),,,,,20201127,20210218
216,342,582,342_582,7.690736471781181,283021,51.47777889668946,-0.0382312014698996,True,Lewisham,Cherry,Flowering Cherry,Prunus,1  Mature,Mature(31-80),,,,,20201127,20210218
220,342,594,342_594,8.088677705610948,506584,51.4776971936227,-0.0382845029234475,True,Lewisham,Plane,London Plane,Platanus occidentalis x orientalis = P. x hispanica,,Unknown,,,,,20180214,20210218
221,343,594,343_594,4.415195357975764,506584,51.4776971936227,-0.0382845029234475,True,Lewisham,Plane,London Plane,Platanus occidentalis x orientalis = P. x hispanica,,Unknown,,,,,20180214,20210218
217,343,582,343_582,6.802500489278962,283021,51.47777889668946,-0.0382312014698996,True,Lewisham,Cherry,Flowering Cherry,Prunus,1  Mature,Mature(31-80),,,,,20201127,20210218
210,343,185,343_185,7.086285796211656,259719,51.477680295705866,-0.0382498055696494,True,Lewisham,Pear,A Flowering Plant,Amelanchier,1  Mature,Mature(31-80),,,,,20201127,20210218
218,344,582,344_582,7.9141195670597995,283021,51.47777889668946,-0.0382312014698996,True,Lewisham,Cherry,Flowering Cherry,Prunus,1  Mature,Mature(31-80),,,,,20201127,20210218
222,344,594,344_594,2.4192424037527553,506584,51.4776971936227,-0.0382845029234475,True,Lewisham,Plane,London Plane,Platanus occidentalis x orientalis = P. x hispanica,,Unknown,,,,,20180214,20210218
211,344,185,344_185,3.2719998097690493,259719,51.477680295705866,-0.0382498055696494,True,Lewisham,Pear,A Flowering Plant,Amelanchier,1  Mature,Mature(31-80),,,,,20201127,20210218
212,345,185,345_185,2.714093619880552,259719,51.477680295705866,-0.0382498055696494,True,Lewisham,Pear,A Flowering Plant,Amelanchier,1  Mature,Mature(31-80),,,,,20201127,20210218
225,345,747,345_747,8.366001454605893,830970,51.47765089571483,-0.038102105259895,True,Lewisham,Chestnut,Horsechestnut,,,Unknown,,,,,20180214,20210218
223,345,594,345_594,5.327411434896354,506584,51.4776971936227,-0.0382845029234475,True,Lewisham,Plane,London Plane,Platanus occidentalis x orientalis = P. x hispanica,,Unknown,,,,,20180214,20210218
226,346,747,346_747,5.0092843246340815,830970,51.47765089571483,-0.038102105259895,True,Lewisham,Chestnut,Horsechestnut,,,Unknown,,,,,20180214,20210218
231,346,437,346_437,8.146587238763106,275141,51.4776321947576,-0.0380647033451835,True,Lewisham,Horse Chestnut,Horse-chestnut,Aesculus hippocastanum,1  Mature,Mature(31-80),,,,,20201127,20210218
213,346,185,346_185,5.762713758392226,259719,51.477680295705866,-0.0382498055696494,True,Lewisham,Pear,A Flowering Plant,Amelanchier,1  Mature,Mature(31-80),,,,,20201127,20210218
224,346,594,346_594,8.729532648081983,506584,51.4776971936227,-0.0382845029234475,True,Lewisham,Plane,London Plane,Platanus occidentalis x orientalis = P. x hispanica,,Unknown,,,,,20180214,20210218
214,347,185,347_185,8.094382227188294,259719,51.477680295705866,-0.0382498055696494,True,Lewisham,Pear,A Flowering Plant,Amelanchier,1  Mature,Mature(31-80),,,,,20201127,20210218
232,347,437,347_437,6.453124637540276,275141,51.4776321947576,-0.0380647033451835,True,Lewisham,Horse Chestnut,Horse-chestnut,Aesculus hippocastanum,1  Mature,Mature(31-80),,,,,20201127,20210218
227,347,747,347_747,4.204317742778258,830970,51.47765089571483,-0.038102105259895,True,Lewisham,Chestnut,Horsechestnut,,,Unknown,,,,,20180214,20210218
228,348,747,348_747,4.845099964159122,830970,51.47765089571483,-0.038102105259895,True,Lewisham,Chestnut,Horsechestnut,,,Unknown,,,,,20180214,20210218
233,348,437,348_437,5.707460471841117,275141,51.4776321947576,-0.0380647033451835,True,Lewisham,Horse Chestnut,Horse-chestnut,Aesculus hippocastanum,1  Mature,Mature(31-80),,,,,20201127,20210218
236,348,275,348_275,8.716498065141055,262839,51.477560095489146,-0.0380534008144871,True,Lewisham,Cherry,Flowering Cherry,Prunus,1  Mature,Mature(31-80),,,,,20201127,20210218
229,349,747,349_747,6.458803872029775,830970,51.47765089571483,-0.038102105259895,True,Lewisham,Chestnut,Horsechestnut,,,Unknown,,,,,20180214,20210218
234,349,437,349_437,5.9958182387635715,275141,51.4776321947576,-0.0380647033451835,True,Lewisham,Horse Chestnut,Horse-chestnut,Aesculus hippocastanum,1  Mature,Mature(31-80),,,,,20201127,20210218
237,349,275,349_275,6.43360033714322,262839,51.477560095489146,-0.0380534008144871,True,Lewisham,Cherry,Flowering Cherry,Prunus,1  Mature,Mature(31-80),,,,,20201127,20210218
235,350,437,350_437,7.675066044591928,275141,51.4776321947576,-0.0380647033451835,True,Lewisham,Horse Chestnut,Horse-chestnut,Aesculus hippocastanum,1  Mature,Mature(31-80),,,,,20201127,20210218
230,350,747,350_747,9.575873030219883,830970,51.47765089571483,-0.038102105259895,True,Lewisham,Chestnut,Horsechestnut,,,Unknown,,,,,20180214,20210218
241,350,589,350_589,8.605218780971478,283028,51.477567598223786,-0.0379666015505492,True,Lewisham,Cherry,Flowering Cherry,Prunus,1  Mature,Mature(31-80),,,,,20201127,20210218
238,350,275,350_275,2.644069545487173,262839,51.477560095489146,-0.0380534008144871,True,Lewisham,Cherry,Flowering Cherry,Prunus,1  Mature,Mature(31-80),,,,,20201127,20210218
244,351,184,351_184,8.832862253156211,259718,51.477460995316655,-0.0380432009696095,True,Lewisham,Pear,A Flowering Plant,Amelanchier,1  Mature,Mature(31-80),,,,,20201127,20210218
242,351,589,351_589,7.974031384360935,283028,51.477567598223786,-0.0379666015505492,True,Lewisham,Cherry,Flowering Cherry,Prunus,1  Mature,Mature(31-80),,,,,20201127,20210218
239,351,275,351_275,2.7296446666020535,262839,51.477560095489146,-0.0380534008144871,True,Lewisham,Cherry,Flowering Cherry,Prunus,1  Mature,Mature(31-80),,,,,20201127,20210218
245,352,184,352_184,4.4502911324570436,259718,51.477460995316655,-0.0380432009696095,True,Lewisham,Pear,A Flowering Plant,Amelanchier,1  Mature,Mature(31-80),,,,,20201127,20210218
243,352,589,352_589,9.694766684925096,283028,51.477567598223786,-0.0379666015505492,True,Lewisham,Cherry,Flowering Cherry,Prunus,1  Mature,Mature(31-80),,,,,20201127,20210218
240,352,275,352_275,6.662148465897679,262839,51.477560095489146,-0.0380534008144871,True,Lewisham,Cherry,Flowering Cherry,Prunus,1  Mature,Mature(31-80),,,,,20201127,20210218
251,353,618,353_618,7.030237773129822,506823,51.47742989659319,-0.0379518046974981,True,Lewisham,Plane,London Plane,Platanus occidentalis x orientalis = P. x hispanica,,Unknown,,,,,20180214,20210218
246,353,184,353_184,0.32163275562901644,259718,51.477460995316655,-0.0380432009696095,True,Lewisham,Pear,A Flowering Plant,Amelanchier,1  Mature,Mature(31-80),,,,,20201127,20210218
249,353,440,353_440,8.890228291098538,275144,51.47747679799793,-0.03791290521613,True,Lewisham,Horse Chestnut,Horse-chestnut,Aesculus hippocastanum,1  Mature,Mature(31-80),,,,,20201127,20210218
255,354,438,354_438,7.507934244815864,275142,51.477413900196616,-0.0379156023263284,True,Lewisham,Horse Chestnut,Horse-chestnut,Aesculus hippocastanum,1  Mature,Mature(31-80),,,,,20201127,20210218
247,354,184,354_184,4.349083971262993,259718,51.477460995316655,-0.0380432009696095,True,Lewisham,Pear,A Flowering Plant,Amelanchier,1  Mature,Mature(31-80),,,,,20201127,20210218
250,354,440,354_440,9.608892357520093,275144,51.47747679799793,-0.03791290521613,True,Lewisham,Horse Chestnut,Horse-chestnut,Aesculus hippocastanum,1  Mature,Mature(31-80),,,,,20201127,20210218
252,354,618,354_618,4.954351034167671,506823,51.47742989659319,-0.0379518046974981,True,Lewisham,Plane,London Plane,Platanus occidentalis x orientalis = P. x hispanica,,Unknown,,,,,20180214,20210218
258,355,586,355_586,8.640197392506353,283025,51.477359496057154,-0.0378892049193324,True,Lewisham,Cherry,Flowering Cherry,Prunus,Semi  Mature,Early Mature(16-30),,,,,20201127,20210218
256,355,438,355_438,7.016086638163905,275142,51.477413900196616,-0.0379156023263284,True,Lewisham,Horse Chestnut,Horse-chestnut,Aesculus hippocastanum,1  Mature,Mature(31-80),,,,,20201127,20210218
248,355,184,355_184,8.731457429994556,259718,51.477460995316655,-0.0380432009696095,True,Lewisham,Pear,A Flowering Plant,Amelanchier,1  Mature,Mature(31-80),,,,,20201127,20210218
253,355,618,355_618,6.178968903206139,506823,51.47742989659319,-0.0379518046974981,True,Lewisham,Plane,London Plane,Platanus occidentalis x orientalis = P. x hispanica,,Unknown,,,,,20180214,20210218
257,356,438,356_438,8.443627602702394,275142,51.477413900196616,-0.0379156023263284,True,Lewisham,Horse Chestnut,Horse-chestnut,Aesculus hippocastanum,1  Mature,Mature(31-80),,,,,20201127,20210218
259,356,586,356_586,7.110954822682767,283025,51.477359496057154,-0.0378892049193324,True,Lewisham,Cherry,Flowering Cherry,Prunus,Semi  Mature,Early Mature(16-30),,,,,20201127,20210218
254,356,618,356_618,8.825411166504656,506823,51.47742989659319,-0.0379518046974981,True,Lewisham,Plane,London Plane,Platanus occidentalis x orientalis = P. x hispanica,,Unknown,,,,,20180214,20210218
262,357,276,357_276,9.125471809965491,263907,51.47730479389437,-0.0378483012318189,True,Lewisham,Hawthorn,A Flowering Plant,Amelanchier,1  Mature,Mature(31-80),,,,,20201127,20210218
260,357,586,357_586,7.286424958181604,283025,51.477359496057154,-0.0378892049193324,True,Lewisham,Cherry,Flowering Cherry,Prunus,Semi  Mature,Early Mature(16-30),,,,,20201127,20210218
263,358,276,358_276,8.51532498841084,263907,51.47730479389437,-0.0378483012318189,True,Lewisham,Hawthorn,A Flowering Plant,Amelanchier,1  Mature,Mature(31-80),,,,,20201127,20210218
261,358,586,358_586,8.865223543811167,283025,51.477359496057154,-0.0378892049193324,True,Lewisham,Cherry,Flowering Cherry,Prunus,Semi  Mature,Early Mature(16-30),,,,,20201127,20210218
266,359,133,359_133,7.677890793007294,257637,51.47725939750674,-0.0378215014934374,True,Lewisham,Ash,Ash,Fraxinus excelsior,1  Mature,Mature(31-80),,,,,20201127,20210218
264,359,276,359_276,7.057728107281614,263907,51.47730479389437,-0.0378483012318189,True,Lewisham,Hawthorn,A Flowering Plant,Amelanchier,1  Mature,Mature(31-80),,,,,20201127,20210218
267,360,133,360_133,6.4283907310303565,257637,51.47725939750674,-0.0378215014934374,True,Lewisham,Ash,Ash,Fraxinus excelsior,1  Mature,Mature(31-80),,,,,20201127,20210218
271,360,132,360_132,8.125025659213227,257636,51.47724099457281,-0.0377934053539248,True,Lewisham,Ash,Ash,Fraxinus excelsior,1  Mature,Mature(31-80),,,,,20201127,20210218
265,360,276,360_276,8.093421872571959,263907,51.47730479389437,-0.0378483012318189,True,Lewisham,Hawthorn,A Flowering Plant,Amelanchier,1  Mature,Mature(31-80),,,,,20201127,20210218
268,361,133,361_133,7.575985163641533,257637,51.47725939750674,-0.0378215014934374,True,Lewisham,Ash,Ash,Fraxinus excelsior,1  Mature,Mature(31-80),,,,,20201127,20210218
272,361,132,361_132,7.666966646408137,257636,51.47724099457281,-0.0377934053539248,True,Lewisham,Ash,Ash,Fraxinus excelsior,1  Mature,Mature(31-80),,,,,20201127,20210218
269,362,133,362_133,7.608591889306552,257637,51.47725939750674,-0.0378215014934374,True,Lewisham,Ash,Ash,Fraxinus excelsior,1  Mature,Mature(31-80),,,,,20201127,20210218
273,362,132,362_132,6.455766234135349,257636,51.47724099457281,-0.0377934053539248,True,Lewisham,Ash,Ash,Fraxinus excelsior,1  Mature,Mature(31-80),,,,,20201127,20210218
275,362,237,362_237,7.818752143574527,260524,51.47716809809206,-0.0377390012143909,True,Lewisham,Cherry,Flowering Cherry,Prunus,1  Mature,Mature(31-80),,,,,20201127,20210218
276,363,237,363_237,5.6111811532018665,260524,51.47716809809206,-0.0377390012143909,True,Lewisham,Cherry,Flowering Cherry,Prunus,1  Mature,Mature(31-80),,,,,20201127,20210218
270,363,133,363_133,9.717161998093685,257637,51.47725939750674,-0.0378215014934374,True,Lewisham,Ash,Ash,Fraxinus excelsior,1  Mature,Mature(31-80),,,,,20201127,20210218
274,363,132,363_132,7.881099423930119,257636,51.47724099457281,-0.0377934053539248,True,Lewisham,Ash,Ash,Fraxinus excelsior,1  Mature,Mature(31-80),,,,,20201127,20210218
277,364,162,364_162,5.060649553289207,258710,51.47706879675393,-0.0377144068478811,True,Lewisham,Birch,Birch,Betula,1  Mature,Mature(31-80),,,,,20201127,20210218
281,364,320,364_320,9.963133409547295,268257,51.4769951999188,-0.0376168042421211,True,Lewisham,Maple,Norway Maple,Acer platanoides,1  Mature,Mature(31-80),,,,,20201127,20210218
285,364,443,364_443,7.342606594845049,275147,51.477031596005,-0.0376440063117543,True,Lewisham,Horse Chestnut,Horse-chestnut,Aesculus hippocastanum,1  Mature,Mature(31-80),,,,,20201127,20210218
290,365,402,365_402,7.363179926540504,271752,51.476776897907314,-0.0374677032231991,True,Lewisham,Plane,Plane,Platanus,1  Mature,Mature(31-80),,,,,20201127,20210218
296,366,458,366_458,7.27531155992941,276493,51.476860195398345,-0.0376082062721374,True,Lewisham,Oak,Acorn,Quercus,1  Mature,Mature(31-80),,,,,20201127,20210218
286,367,443,367_443,9.457807962195178,275147,51.477031596005,-0.0376440063117543,True,Lewisham,Horse Chestnut,Horse-chestnut,Aesculus hippocastanum,1  Mature,Mature(31-80),,,,,20201127,20210218
278,367,162,367_162,4.5108428680646275,258710,51.47706879675393,-0.0377144068478811,True,Lewisham,Birch,Birch,Betula,1  Mature,Mature(31-80),,,,,20201127,20210218
279,368,162,368_162,5.686331131354392,258710,51.47706879675393,-0.0377144068478811,True,Lewisham,Birch,Birch,Betula,1  Mature,Mature(31-80),,,,,20201127,20210218
282,368,320,368_320,9.92291085818379,268257,51.4769951999188,-0.0376168042421211,True,Lewisham,Maple,Norway Maple,Acer platanoides,1  Mature,Mature(31-80),,,,,20201127,20210218
287,368,443,368_443,7.574518842293093,275147,51.477031596005,-0.0376440063117543,True,Lewisham,Horse Chestnut,Horse-chestnut,Aesculus hippocastanum,1  Mature,Mature(31-80),,,,,20201127,20210218
283,369,320,369_320,7.8293825296977975,268257,51.4769951999188,-0.0376168042421211,True,Lewisham,Maple,Norway Maple,Acer platanoides,1  Mature,Mature(31-80),,,,,20201127,20210218
288,369,443,369_443,7.359798345908358,275147,51.477031596005,-0.0376440063117543,True,Lewisham,Horse Chestnut,Horse-chestnut,Aesculus hippocastanum,1  Mature,Mature(31-80),,,,,20201127,20210218
280,369,162,369_162,8.555181400401787,258710,51.47706879675393,-0.0377144068478811,True,Lewisham,Birch,Birch,Betula,1  Mature,Mature(31-80),,,,,20201127,20210218
284,370,320,370_320,8.108823022486378,268257,51.4769951999188,-0.0376168042421211,True,Lewisham,Maple,Norway Maple,Acer platanoides,1  Mature,Mature(31-80),,,,,20201127,20210218
289,370,443,370_443,9.905535725756181,275147,51.477031596005,-0.0376440063117543,True,Lewisham,Horse Chestnut,Horse-chestnut,Aesculus hippocastanum,1  Mature,Mature(31-80),,,,,20201127,20210218
297,371,458,371_458,8.595615268421032,276493,51.476860195398345,-0.0376082062721374,True,Lewisham,Oak,Acorn,Quercus,1  Mature,Mature(31-80),,,,,20201127,20210218
298,372,458,372_458,6.353738127515913,276493,51.476860195398345,-0.0376082062721374,True,Lewisham,Oak,Acorn,Quercus,1  Mature,Mature(31-80),,,,,20201127,20210218
299,373,458,373_458,5.105913381134652,276493,51.476860195398345,-0.0376082062721374,True,Lewisham,Oak,Acorn,Quercus,1  Mature,Mature(31-80),,,,,20201127,20210218
300,374,458,374_458,5.240387393406552,276493,51.476860195398345,-0.0376082062721374,True,Lewisham,Oak,Acorn,Quercus,1  Mature,Mature(31-80),,,,,20201127,20210218
301,375,458,375_458,7.825135942519384,276493,51.476860195398345,-0.0376082062721374,True,Lewisham,Oak,Acorn,Quercus,1  Mature,Mature(31-80),,,,,20201127,20210218
302,376,458,376_458,7.554178915019306,276493,51.476860195398345,-0.0376082062721374,True,Lewisham,Oak,Acorn,Quercus,1  Mature,Mature(31-80),,,,,20201127,20210218
291,376,402,376_402,8.070217641414292,271752,51.476776897907314,-0.0374677032231991,True,Lewisham,Plane,Plane,Platanus,1  Mature,Mature(31-80),,,,,20201127,20210218
304,377,235,377_235,7.02830357686927,260522,51.47683029621851,-0.0374366044996584,True,Lewisham,Cherry,Flowering Cherry,Prunus,1  Mature,Mature(31-80),,,,,20201127,20210218
303,377,458,377_458,9.257494077234162,276493,51.476860195398345,-0.0376082062721374,True,Lewisham,Oak,Acorn,Quercus,1  Mature,Mature(31-80),,,,,20201127,20210218
292,377,402,377_402,4.370208321831112,271752,51.476776897907314,-0.0374677032231991,True,Lewisham,Plane,Plane,Platanus,1  Mature,Mature(31-80),,,,,20201127,20210218
305,378,235,378_235,4.011414798525064,260522,51.47683029621851,-0.0374366044996584,True,Lewisham,Cherry,Flowering Cherry,Prunus,1  Mature,Mature(31-80),,,,,20201127,20210218
309,378,403,378_403,7.600620848786772,271753,51.47676619887352,-0.0373674035071069,True,Lewisham,Plane,Plane,Platanus,1  Mature,Mature(31-80),,,,,20201127,20210218
293,378,402,378_402,2.423180150611988,271752,51.476776897907314,-0.0374677032231991,True,Lewisham,Plane,Plane,Platanus,1  Mature,Mature(31-80),,,,,20201127,20210218
294,379,402,379_402,5.044566610991484,271752,51.476776897907314,-0.0374677032231991,True,Lewisham,Plane,Plane,Platanus,1  Mature,Mature(31-80),,,,,20201127,20210218
310,379,403,379_403,4.651139574498654,271753,51.47676619887352,-0.0373674035071069,True,Lewisham,Plane,Plane,Platanus,1  Mature,Mature(31-80),,,,,20201127,20210218
312,379,746,379_746,9.151643965036227,830969,51.4768777936698,-0.0373605042695728,True,Lewisham,Chestnut,Horsechestnut,,,Unknown,,,,,20180214,20210218
306,379,235,379_235,3.9482373812231453,260522,51.47683029621851,-0.0374366044996584,True,Lewisham,Cherry,Flowering Cherry,Prunus,1  Mature,Mature(31-80),,,,,20201127,20210218
295,380,402,380_402,8.900199200302973,271752,51.476776897907314,-0.0374677032231991,True,Lewisham,Plane,Plane,Platanus,1  Mature,Mature(31-80),,,,,20201127,20210218
311,380,403,380_403,7.8183011636444935,271753,51.47676619887352,-0.0373674035071069,True,Lewisham,Plane,Plane,Platanus,1  Mature,Mature(31-80),,,,,20201127,20210218
313,380,746,380_746,4.8758790115515644,830969,51.4768777936698,-0.0373605042695728,True,Lewisham,Chestnut,Horsechestnut,,,Unknown,,,,,20180214,20210218
317,380,434,380_434,8.913928993166248,275138,51.47689999639992,-0.0373040065168518,True,Lewisham,Horse Chestnut,Horse-chestnut,Aesculus hippocastanum,1  Mature,Mature(31-80),,,,,20201127,20210218
307,380,235,380_235,3.8989527416961804,260522,51.47683029621851,-0.0374366044996584,True,Lewisham,Cherry,Flowering Cherry,Prunus,1  Mature,Mature(31-80),,,,,20201127,20210218
314,381,746,381_746,1.8511725264536527,830969,51.4768777936698,-0.0373605042695728,True,Lewisham,Chestnut,Horsechestnut,,,Unknown,,,,,20180214,20210218
318,381,434,381_434,4.999484166150622,275138,51.47689999639992,-0.0373040065168518,True,Lewisham,Horse Chestnut,Horse-chestnut,Aesculus hippocastanum,1  Mature,Mature(31-80),,,,,20201127,20210218
322,381,509,381_509,9.995108519847417,277902,51.476844400167565,-0.0372056066989689,True,Lewisham,Hawthorn,Cockspurthorn,Crataegus crus-galli,1  Mature,Mature(31-80),,,,,20201127,20210218
308,381,235,381_235,7.2738651969809744,260522,51.47683029621851,-0.0374366044996584,True,Lewisham,Cherry,Flowering Cherry,Prunus,1  Mature,Mature(31-80),,,,,20201127,20210218
315,382,746,382_746,4.834400906025778,830969,51.4768777936698,-0.0373605042695728,True,Lewisham,Chestnut,Horsechestnut,,,Unknown,,,,,20180214,20210218
319,382,434,382_434,0.5532173532308149,275138,51.47689999639992,-0.0373040065168518,True,Lewisham,Horse Chestnut,Horse-chestnut,Aesculus hippocastanum,1  Mature,Mature(31-80),,,,,20201127,20210218
323,382,509,382_509,9.67544218862818,277902,51.476844400167565,-0.0372056066989689,True,Lewisham,Hawthorn,Cockspurthorn,Crataegus crus-galli,1  Mature,Mature(31-80),,,,,20201127,20210218
324,382,435,382_435,9.28112572584153,275139,51.47694309800868,-0.0371870025992191,True,Lewisham,Horse Chestnut,Horse-chestnut,Aesculus hippocastanum,1  Mature,Mature(31-80),,,,,20201127,20210218
316,383,746,383_746,7.421086532966843,830969,51.4768777936698,-0.0373605042695728,True,Lewisham,Chestnut,Horsechestnut,,,Unknown,,,,,20180214,20210218
329,383,441,383_441,9.255755992461324,275145,51.47696489840749,-0.0374165028333191,True,Lewisham,Horse Chestnut,Horse-chestnut,Aesculus hippocastanum,1  Mature,Mature(31-80),,,,,20201127,20210218
320,383,434,383_434,3.4530330877581523,275138,51.47689999639992,-0.0373040065168518,True,Lewisham,Horse Chestnut,Horse-chestnut,Aesculus hippocastanum,1  Mature,Mature(31-80),,,,,20201127,20210218
325,383,435,383_435,7.6155576714469335,275139,51.47694309800868,-0.0371870025992191,True,Lewisham,Horse Chestnut,Horse-chestnut,Aesculus hippocastanum,1  Mature,Mature(31-80),,,,,20201127,20210218
321,384,434,384_434,8.41389169894822,275138,51.47689999639992,-0.0373040065168518,True,Lewisham,Horse Chestnut,Horse-chestnut,Aesculus hippocastanum,1  Mature,Mature(31-80),,,,,20201127,20210218
326,384,435,384_435,6.465882202273858,275139,51.47694309800868,-0.0371870025992191,True,Lewisham,Horse Chestnut,Horse-chestnut,Aesculus hippocastanum,1  Mature,Mature(31-80),,,,,20201127,20210218
327,385,435,385_435,7.532178463832335,275139,51.47694309800868,-0.0371870025992191,True,Lewisham,Horse Chestnut,Horse-chestnut,Aesculus hippocastanum,1  Mature,Mature(31-80),,,,,20201127,20210218
328,386,435,386_435,9.623325937442027,275139,51.47694309800868,-0.0371870025992191,True,Lewisham,Horse Chestnut,Horse-chestnut,Aesculus hippocastanum,1  Mature,Mature(31-80),,,,,20201127,20210218
332,389,397,389_397,5.706560358454793,271747,51.47717769444001,-0.037234500050504,True,Lewisham,Plane,Plane,Platanus,1  Mature,Mature(31-80),,,,,20201127,20210218
330,389,145,389_145,9.515822488587355,258693,51.4772196933627,-0.0370599031447789,True,Lewisham,Birch,Birch,Betula,1  Mature,Mature(31-80),,,,,20201127,20210218
333,390,397,390_397,5.536769319157139,271747,51.47717769444001,-0.037234500050504,True,Lewisham,Plane,Plane,Platanus,1  Mature,Mature(31-80),,,,,20201127,20210218
340,391,578,391_578,3.178713708592618,283017,51.47751040011647,-0.037234604358574,True,Lewisham,Cherry,Flowering Cherry,Prunus,1  Mature,Mature(31-80),,,,,20201127,20210218
337,391,394,391_394,8.967747554832846,271744,51.47749529778968,-0.0374081060289277,True,Lewisham,Plane,Plane,Platanus,1  Mature,Mature(31-80),,,,,20201127,20210218
345,391,610,391_610,8.857780342845874,506760,51.477435693144834,-0.0372228026389029,True,Lewisham,Plane,London Plane,Platanus occidentalis x orientalis = P. x hispanica,,Unknown,,,,,20180214,20210218
334,392,397,392_397,4.1436129401569195,271747,51.47717769444001,-0.037234500050504,True,Lewisham,Plane,Plane,Platanus,1  Mature,Mature(31-80),,,,,20201127,20210218
350,393,471,393_471,8.540037975387149,277508,51.47770059853804,-0.037312902510151,True,Lewisham,Lime,Linden,Tilia,1  Mature,Mature(31-80),,,,,20201127,20210218
335,394,397,394_397,4.437715108716956,271747,51.47717769444001,-0.037234500050504,True,Lewisham,Plane,Plane,Platanus,1  Mature,Mature(31-80),,,,,20201127,20210218
331,394,145,394_145,8.901438724090022,258693,51.4772196933627,-0.0370599031447789,True,Lewisham,Birch,Birch,Betula,1  Mature,Mature(31-80),,,,,20201127,20210218
356,395,395,395_395,9.586730991072706,271745,51.47730439901363,-0.0372867062687474,True,Lewisham,Plane,Plane,Platanus,1  Mature,Mature(31-80),,,,,20201127,20210218
336,395,397,395_397,6.933851414185941,271747,51.47717769444001,-0.037234500050504,True,Lewisham,Plane,Plane,Platanus,1  Mature,Mature(31-80),,,,,20201127,20210218
357,396,395,396_395,6.159027100831713,271745,51.47730439901363,-0.0372867062687474,True,Lewisham,Plane,Plane,Platanus,1  Mature,Mature(31-80),,,,,20201127,20210218
361,396,144,396_144,8.52712268521008,258692,51.4773104935886,-0.0371136069297792,True,Lewisham,Birch,Birch,Betula,1  Mature,Mature(31-80),,,,,20201127,20210218
364,397,396,397_396,9.539137853844327,271746,51.47728769481181,-0.0373594015836202,True,Lewisham,Plane,Plane,Platanus,1  Mature,Mature(31-80),,,,,20201127,20210218
362,397,144,397_144,7.69990942243128,258692,51.4773104935886,-0.0371136069297792,True,Lewisham,Birch,Birch,Betula,1  Mature,Mature(31-80),,,,,20201127,20210218
358,397,395,397_395,4.3518831121383315,271745,51.47730439901363,-0.0372867062687474,True,Lewisham,Plane,Plane,Platanus,1  Mature,Mature(31-80),,,,,20201127,20210218
365,398,690,398_690,9.766380544216458,506761,51.47737319767474,-0.0373580008744191,True,Lewisham,Birch,Birch Sp.,,,Unknown,,,,,20180214,20210218
363,398,144,398_144,8.581311414322693,258692,51.4773104935886,-0.0371136069297792,True,Lewisham,Birch,Birch,Betula,1  Mature,Mature(31-80),,,,,20201127,20210218
359,398,395,398_395,5.264759306485001,271745,51.47730439901363,-0.0372867062687474,True,Lewisham,Plane,Plane,Platanus,1  Mature,Mature(31-80),,,,,20201127,20210218
346,399,610,399_610,7.375458459183439,506760,51.477435693144834,-0.0372228026389029,True,Lewisham,Plane,London Plane,Platanus occidentalis x orientalis = P. x hispanica,,Unknown,,,,,20180214,20210218
366,399,690,399_690,8.441484111741747,506761,51.47737319767474,-0.0373580008744191,True,Lewisham,Birch,Birch Sp.,,,Unknown,,,,,20180214,20210218
360,399,395,399_395,8.091881423226173,271745,51.47730439901363,-0.0372867062687474,True,Lewisham,Plane,Plane,Platanus,1  Mature,Mature(31-80),,,,,20201127,20210218
367,400,690,400_690,8.713786748304855,506761,51.47737319767474,-0.0373580008744191,True,Lewisham,Birch,Birch Sp.,,,Unknown,,,,,20180214,20210218
347,400,610,400_610,3.7944315082542377,506760,51.477435693144834,-0.0372228026389029,True,Lewisham,Plane,London Plane,Platanus occidentalis x orientalis = P. x hispanica,,Unknown,,,,,20180214,20210218
368,400,579,400_579,8.692247666753731,283018,51.4774457961322,-0.0371366068720767,True,Lewisham,Cherry,Flowering Cherry,Prunus,1  Mature,Mature(31-80),,,,,20201127,20210218
341,401,578,401_578,7.513015468037474,283017,51.47751040011647,-0.037234604358574,True,Lewisham,Cherry,Flowering Cherry,Prunus,1  Mature,Mature(31-80),,,,,20201127,20210218
348,401,610,401_610,2.6368025945059146,506760,51.477435693144834,-0.0372228026389029,True,Lewisham,Plane,London Plane,Platanus occidentalis x orientalis = P. x hispanica,,Unknown,,,,,20180214,20210218
369,401,579,401_579,8.424452540518763,283018,51.4774457961322,-0.0371366068720767,True,Lewisham,Cherry,Flowering Cherry,Prunus,1  Mature,Mature(31-80),,,,,20201127,20210218
342,402,578,402_578,3.9097213417406858,283017,51.47751040011647,-0.037234604358574,True,Lewisham,Cherry,Flowering Cherry,Prunus,1  Mature,Mature(31-80),,,,,20201127,20210218
349,402,610,402_610,6.546395675608321,506760,51.477435693144834,-0.0372228026389029,True,Lewisham,Plane,London Plane,Platanus occidentalis x orientalis = P. x hispanica,,Unknown,,,,,20180214,20210218
338,402,394,402_394,9.377189957957912,271744,51.47749529778968,-0.0374081060289277,True,Lewisham,Plane,Plane,Platanus,1  Mature,Mature(31-80),,,,,20201127,20210218
343,403,578,403_578,4.180189516441168,283017,51.47751040011647,-0.037234604358574,True,Lewisham,Cherry,Flowering Cherry,Prunus,1  Mature,Mature(31-80),,,,,20201127,20210218
339,403,394,403_394,8.89307175517474,271744,51.47749529778968,-0.0374081060289277,True,Lewisham,Plane,Plane,Platanus,1  Mature,Mature(31-80),,,,,20201127,20210218
344,404,578,404_578,7.937857729646801,283017,51.47751040011647,-0.037234604358574,True,Lewisham,Cherry,Flowering Cherry,Prunus,1  Mature,Mature(31-80),,,,,20201127,20210218
351,406,471,406_471,6.106567847259855,277508,51.47770059853804,-0.037312902510151,True,Lewisham,Lime,Linden,Tilia,1  Mature,Mature(31-80),,,,,20201127,20210218
352,407,471,407_471,3.0516439230146233,277508,51.47770059853804,-0.037312902510151,True,Lewisham,Lime,Linden,Tilia,1  Mature,Mature(31-80),,,,,20201127,20210218
353,408,471,408_471,3.821485387145118,277508,51.47770059853804,-0.037312902510151,True,Lewisham,Lime,Linden,Tilia,1  Mature,Mature(31-80),,,,,20201127,20210218
354,409,471,409_471,7.210445727444542,277508,51.47770059853804,-0.037312902510151,True,Lewisham,Lime,Linden,Tilia,1  Mature,Mature(31-80),,,,,20201127,20210218
355,410,471,410_471,9.953375757023743,277508,51.47770059853804,-0.037312902510151,True,Lewisham,Lime,Linden,Tilia,1  Mature,Mature(31-80),,,,,20201127,20210218
370,411,381,411_381,8.35962613859842,271730,51.4778734967113,-0.0374351069330689,True,Lewisham,Plane,Plane,Platanus,1  Mature,Mature(31-80),,,,,20201127,20210218
371,412,381,412_381,3.931283545094956,271730,51.4778734967113,-0.0374351069330689,True,Lewisham,Plane,Plane,Platanus,1  Mature,Mature(31-80),,,,,20201127,20210218
372,413,381,413_381,1.224088620606231,271730,51.4778734967113,-0.0374351069330689,True,Lewisham,Plane,Plane,Platanus,1  Mature,Mature(31-80),,,,,20201127,20210218
373,414,381,414_381,5.105628580637898,271730,51.4778734967113,-0.0374351069330689,True,Lewisham,Plane,Plane,Platanus,1  Mature,Mature(31-80),,,,,20201127,20210218
396,415,424,415_424,2.2206378974407346,274264,51.47777029871946,-0.037180304527177,True,Lewisham,Ash,Manna Ash,Fraxinus ornus,1  Mature,Mature(31-80),,,,,20201127,20210218
402,415,464,415_464,9.640776306106776,277501,51.47784949839114,-0.0370761007069642,True,Lewisham,Lime,Linden,Tilia,1  Mature,Mature(31-80),,,,,20201127,20210218
419,415,609,415_609,2.9089749722194416,506756,51.47778359800594,-0.0372180044651036,True,Lewisham,Ash,Manna Ash,Fraxinus ornus,,Unknown,,,,,20180214,20210218
405,415,466,415_466,9.913457211205262,277503,51.47777689993392,-0.0370360016822885,True,Lewisham,Lime,Linden,Tilia,1  Mature,Mature(31-80),,,,,20201127,20210218
380,415,391,415_391,6.45759338008452,271740,51.47784149646757,-0.0371340066194341,True,Lewisham,Plane,Plane,Platanus,1  Mature,Mature(31-80),,,,,20201127,20210218
412,415,467,415_467,7.567355918592511,277504,51.47775959968583,-0.0370799005031151,True,Lewisham,Lime,Linden,Tilia,1  Mature,Mature(31-80),,,,,20201127,20210218
375,415,390,415_390,6.174960177350788,271739,51.477842696011145,-0.0372060015797732,True,Lewisham,Plane,Plane,Platanus,1  Mature,Mature(31-80),,,,,20201127,20210218
391,415,423,415_423,1.9822150048558114,274263,51.47780599445112,-0.0371643006801033,True,Lewisham,Ash,Manna Ash,Fraxinus ornus,1  Mature,Mature(31-80),,,,,20201127,20210218
384,415,422,415_422,5.898015598531127,274262,51.47779579460629,-0.0370928049087389,True,Lewisham,Ash,Manna Ash,Fraxinus ornus,1  Mature,Mature(31-80),,,,,20201127,20210218
374,416,381,416_381,7.823820526129874,271730,51.4778734967113,-0.0374351069330689,True,Lewisham,Plane,Plane,Platanus,1  Mature,Mature(31-80),,,,,20201127,20210218
376,416,390,416_390,8.426186632037204,271739,51.477842696011145,-0.0372060015797732,True,Lewisham,Plane,Plane,Platanus,1  Mature,Mature(31-80),,,,,20201127,20210218
377,419,390,419_390,3.8508919073496983,271739,51.477842696011145,-0.0372060015797732,True,Lewisham,Plane,Plane,Platanus,1  Mature,Mature(31-80),,,,,20201127,20210218
381,419,391,419_391,6.444905167962293,271740,51.47784149646757,-0.0371340066194341,True,Lewisham,Plane,Plane,Platanus,1  Mature,Mature(31-80),,,,,20201127,20210218
392,419,423,419_423,3.1811155494826138,274263,51.47780599445112,-0.0371643006801033,True,Lewisham,Ash,Manna Ash,Fraxinus ornus,1  Mature,Mature(31-80),,,,,20201127,20210218
385,419,422,419_422,8.24494128441433,274262,51.47779579460629,-0.0370928049087389,True,Lewisham,Ash,Manna Ash,Fraxinus ornus,1  Mature,Mature(31-80),,,,,20201127,20210218
420,419,609,419_609,2.7930841741213412,506756,51.47778359800594,-0.0372180044651036,True,Lewisham,Ash,Manna Ash,Fraxinus ornus,,Unknown,,,,,20180214,20210218
397,419,424,419_424,4.695550311307595,274264,51.47777029871946,-0.037180304527177,True,Lewisham,Ash,Manna Ash,Fraxinus ornus,1  Mature,Mature(31-80),,,,,20201127,20210218
398,420,424,420_424,2.226307206328408,274264,51.47777029871946,-0.037180304527177,True,Lewisham,Ash,Manna Ash,Fraxinus ornus,1  Mature,Mature(31-80),,,,,20201127,20210218
393,420,423,420_423,1.8999348432843965,274263,51.47780599445112,-0.0371643006801033,True,Lewisham,Ash,Manna Ash,Fraxinus ornus,1  Mature,Mature(31-80),,,,,20201127,20210218
406,420,466,420_466,9.475433002447836,277503,51.47777689993392,-0.0370360016822885,True,Lewisham,Lime,Linden,Tilia,1  Mature,Mature(31-80),,,,,20201127,20210218
421,420,609,420_609,3.3121848894119417,506756,51.47778359800594,-0.0372180044651036,True,Lewisham,Ash,Manna Ash,Fraxinus ornus,,Unknown,,,,,20180214,20210218
424,420,465,420_465,9.831620098494216,277502,51.47781279683117,-0.0370343998073612,True,Lewisham,Lime,Linden,Tilia,1  Mature,Mature(31-80),,,,,20201127,20210218
403,420,464,420_464,9.385957416177654,277501,51.47784949839114,-0.0370761007069642,True,Lewisham,Lime,Linden,Tilia,1  Mature,Mature(31-80),,,,,20201127,20210218
413,420,467,420_467,7.14849051051165,277504,51.47775959968583,-0.0370799005031151,True,Lewisham,Lime,Linden,Tilia,1  Mature,Mature(31-80),,,,,20201127,20210218
386,420,422,420_422,5.47865661516117,274262,51.47779579460629,-0.0370928049087389,True,Lewisham,Ash,Manna Ash,Fraxinus ornus,1  Mature,Mature(31-80),,,,,20201127,20210218
378,420,390,420_390,6.398036839517537,271739,51.477842696011145,-0.0372060015797732,True,Lewisham,Plane,Plane,Platanus,1  Mature,Mature(31-80),,,,,20201127,20210218
382,420,391,420_391,6.33864173523513,271740,51.47784149646757,-0.0371340066194341,True,Lewisham,Plane,Plane,Platanus,1  Mature,Mature(31-80),,,,,20201127,20210218
387,421,422,421_422,3.907576392857802,274262,51.47779579460629,-0.0370928049087389,True,Lewisham,Ash,Manna Ash,Fraxinus ornus,1  Mature,Mature(31-80),,,,,20201127,20210218
407,421,466,421_466,6.711208770993585,277503,51.47777689993392,-0.0370360016822885,True,Lewisham,Lime,Linden,Tilia,1  Mature,Mature(31-80),,,,,20201127,20210218
399,421,424,421_424,3.328901204334045,274264,51.47777029871946,-0.037180304527177,True,Lewisham,Ash,Manna Ash,Fraxinus ornus,1  Mature,Mature(31-80),,,,,20201127,20210218
422,421,609,421_609,6.112013908095667,506756,51.47778359800594,-0.0372180044651036,True,Lewisham,Ash,Manna Ash,Fraxinus ornus,,Unknown,,,,,20180214,20210218
414,421,467,421_467,3.8388261494970704,277504,51.47775959968583,-0.0370799005031151,True,Lewisham,Lime,Linden,Tilia,1  Mature,Mature(31-80),,,,,20201127,20210218
379,421,390,421_390,9.500381863467918,271739,51.477842696011145,-0.0372060015797732,True,Lewisham,Plane,Plane,Platanus,1  Mature,Mature(31-80),,,,,20201127,20210218
383,421,391,421_391,7.876344773920997,271740,51.47784149646757,-0.0371340066194341,True,Lewisham,Plane,Plane,Platanus,1  Mature,Mature(31-80),,,,,20201127,20210218
425,421,465,421_465,8.24470799875234,277502,51.47781279683117,-0.0370343998073612,True,Lewisham,Lime,Linden,Tilia,1  Mature,Mature(31-80),,,,,20201127,20210218
394,421,423,421_423,4.507425074595322,274263,51.47780599445112,-0.0371643006801033,True,Lewisham,Ash,Manna Ash,Fraxinus ornus,1  Mature,Mature(31-80),,,,,20201127,20210218
404,421,464,421_464,9.593014120461486,277501,51.47784949839114,-0.0370761007069642,True,Lewisham,Lime,Linden,Tilia,1  Mature,Mature(31-80),,,,,20201127,20210218
428,422,44,422_44,8.471871686311689,274289,51.47767850011586,-0.0370690003037374,True,Lewisham,Other,A Flowering Plant,,1  Mature,Mature(31-80),,,,,20201127,20210218
415,422,467,422_467,2.34979806467241,277504,51.47775959968583,-0.0370799005031151,True,Lewisham,Lime,Linden,Tilia,1  Mature,Mature(31-80),,,,,20201127,20210218
426,422,465,422_465,8.73268088969602,277502,51.47781279683117,-0.0370343998073612,True,Lewisham,Lime,Linden,Tilia,1  Mature,Mature(31-80),,,,,20201127,20210218
408,422,466,422_466,5.9443997563118325,277503,51.47777689993392,-0.0370360016822885,True,Lewisham,Lime,Linden,Tilia,1  Mature,Mature(31-80),,,,,20201127,20210218
423,422,609,422_609,8.350158518064612,506756,51.47778359800594,-0.0372180044651036,True,Lewisham,Ash,Manna Ash,Fraxinus ornus,,Unknown,,,,,20180214,20210218
395,422,423,422_423,7.260557488573709,274263,51.47780599445112,-0.0371643006801033,True,Lewisham,Ash,Manna Ash,Fraxinus ornus,1  Mature,Mature(31-80),,,,,20201127,20210218
400,422,424,422_424,5.352832445613325,274264,51.47777029871946,-0.037180304527177,True,Lewisham,Ash,Manna Ash,Fraxinus ornus,1  Mature,Mature(31-80),,,,,20201127,20210218
388,422,422,422_422,5.222641772644739,274262,51.47779579460629,-0.0370928049087389,True,Lewisham,Ash,Manna Ash,Fraxinus ornus,1  Mature,Mature(31-80),,,,,20201127,20210218
401,423,424,423_424,7.838065947766416,274264,51.47777029871946,-0.037180304527177,True,Lewisham,Ash,Manna Ash,Fraxinus ornus,1  Mature,Mature(31-80),,,,,20201127,20210218
409,423,466,423_466,6.390825928043786,277503,51.47777689993392,-0.0370360016822885,True,Lewisham,Lime,Linden,Tilia,1  Mature,Mature(31-80),,,,,20201127,20210218
429,423,44,423_44,5.83472615958813,274289,51.47767850011586,-0.0370690003037374,True,Lewisham,Other,A Flowering Plant,,1  Mature,Mature(31-80),,,,,20201127,20210218
389,423,422,423_422,7.382007325045829,274262,51.47779579460629,-0.0370928049087389,True,Lewisham,Ash,Manna Ash,Fraxinus ornus,1  Mature,Mature(31-80),,,,,20201127,20210218
427,423,465,423_465,9.98776348080937,277502,51.47781279683117,-0.0370343998073612,True,Lewisham,Lime,Linden,Tilia,1  Mature,Mature(31-80),,,,,20201127,20210218
416,423,467,423_467,3.3937778606128712,277504,51.47775959968583,-0.0370799005031151,True,Lewisham,Lime,Linden,Tilia,1  Mature,Mature(31-80),,,,,20201127,20210218
430,424,44,424_44,3.395095572104344,274289,51.47767850011586,-0.0370690003037374,True,Lewisham,Other,A Flowering Plant,,1  Mature,Mature(31-80),,,,,20201127,20210218
410,424,466,424_466,7.846058389583023,277503,51.47777689993392,-0.0370360016822885,True,Lewisham,Lime,Linden,Tilia,1  Mature,Mature(31-80),,,,,20201127,20210218
390,424,422,424_422,9.844962914646448,274262,51.47779579460629,-0.0370928049087389,True,Lewisham,Ash,Manna Ash,Fraxinus ornus,1  Mature,Mature(31-80),,,,,20201127,20210218
417,424,467,424_467,5.720587751673555,277504,51.47775959968583,-0.0370799005031151,True,Lewisham,Lime,Linden,Tilia,1  Mature,Mature(31-80),,,,,20201127,20210218
431,425,44,425_44,2.0543977157509006,274289,51.47767850011586,-0.0370690003037374,True,Lewisham,Other,A Flowering Plant,,1  Mature,Mature(31-80),,,,,20201127,20210218
411,425,466,425_466,9.873693506234048,277503,51.47777689993392,-0.0370360016822885,True,Lewisham,Lime,Linden,Tilia,1  Mature,Mature(31-80),,,,,20201127,20210218
418,425,467,425_467,8.315271822128148,277504,51.47775959968583,-0.0370799005031151,True,Lewisham,Lime,Linden,Tilia,1  Mature,Mature(31-80),,,,,20201127,20210218
432,426,44,426_44,4.456812664010166,274289,51.47767850011586,-0.0370690003037374,True,Lewisham,Other,A Flowering Plant,,1  Mature,Mature(31-80),,,,,20201127,20210218
433,427,44,427_44,7.76078286296541,274289,51.47767850011586,-0.0370690003037374,True,Lewisham,Other,A Flowering Plant,,1  Mature,Mature(31-80),,,,,20201127,20210218
438,446,735,446_735,7.077600824160596,506834,51.47686889767657,-0.0354917049407831,True,Lewisham,Maple,Purple Norway Maple,Acer platanoides Crimson King,,Unknown,,,,,20180214,20210218
434,446,220,446_220,7.071472761798099,260342,51.47689639776943,-0.0354753062129051,True,Lewisham,Sycamore,Sycamore,Acer pseudoplatanus,1  Mature,Mature(31-80),,,,,20201127,20210218
442,458,417,458_417,9.482118946969344,274024,51.47693009674551,-0.0358770042657468,True,Lewisham,Ash,Ash,Fraxinus excelsior,1  Mature,Mature(31-80),,,,,20201127,20210218
447,459,550,459_550,9.485145298763252,282248,51.4768949002027,-0.0359218046067998,True,Lewisham,Lime,Linden,Tilia,1  Mature,Mature(31-80),,,,,20201127,20210218
443,459,417,459_417,5.6528925539947705,274024,51.47693009674551,-0.0358770042657468,True,Lewisham,Ash,Ash,Fraxinus excelsior,1  Mature,Mature(31-80),,,,,20201127,20210218
454,460,733,460_733,9.098609751059328,506831,51.47687759995471,-0.0358470007777114,True,Lewisham,Ash,Fraxinus Excelsior,,,Unknown,,,,,20180214,20210218
450,460,216,460_216,7.111047877252298,260338,51.47690189629798,-0.0358062013983348,True,Lewisham,Sycamore,Sycamore,Acer pseudoplatanus,Over  Mature,Veteran(over150),,,,,20201127,20210218
448,460,550,460_550,8.679114812850939,282248,51.4768949002027,-0.0359218046067998,True,Lewisham,Lime,Linden,Tilia,1  Mature,Mature(31-80),,,,,20201127,20210218
444,460,417,460_417,3.7090674419205416,274024,51.47693009674551,-0.0358770042657468,True,Lewisham,Ash,Ash,Fraxinus excelsior,1  Mature,Mature(31-80),,,,,20201127,20210218
455,461,733,461_733,7.5453659059928695,506831,51.47687759995471,-0.0358470007777114,True,Lewisham,Ash,Fraxinus Excelsior,,,Unknown,,,,,20180214,20210218
451,461,216,461_216,4.206817573126683,260338,51.47690189629798,-0.0358062013983348,True,Lewisham,Sycamore,Sycamore,Acer pseudoplatanus,Over  Mature,Veteran(over150),,,,,20201127,20210218
449,461,550,461_550,9.615849813498865,282248,51.4768949002027,-0.0359218046067998,True,Lewisham,Lime,Linden,Tilia,1  Mature,Mature(31-80),,,,,20201127,20210218
445,461,417,461_417,5.228538465791241,274024,51.47693009674551,-0.0358770042657468,True,Lewisham,Ash,Ash,Fraxinus excelsior,1  Mature,Mature(31-80),,,,,20201127,20210218
456,462,733,462_733,8.407745388448507,506831,51.47687759995471,-0.0358470007777114,True,Lewisham,Ash,Fraxinus Excelsior,,,Unknown,,,,,20180214,20210218
452,462,216,462_216,4.850189828353356,260338,51.47690189629798,-0.0358062013983348,True,Lewisham,Sycamore,Sycamore,Acer pseudoplatanus,Over  Mature,Veteran(over150),,,,,20201127,20210218
446,462,417,462_417,9.92901731265571,274024,51.47693009674551,-0.0358770042657468,True,Lewisham,Ash,Ash,Fraxinus excelsior,1  Mature,Mature(31-80),,,,,20201127,20210218
453,463,216,463_216,7.3657086675050625,260338,51.47690189629798,-0.0358062013983348,True,Lewisham,Sycamore,Sycamore,Acer pseudoplatanus,Over  Mature,Veteran(over150),,,,,20201127,20210218
439,464,735,464_735,9.999105735483594,506834,51.47686889767657,-0.0354917049407831,True,Lewisham,Maple,Purple Norway Maple,Acer platanoides Crimson King,,Unknown,,,,,20180214,20210218
440,465,735,465_735,6.061300997805699,506834,51.47686889767657,-0.0354917049407831,True,Lewisham,Maple,Purple Norway Maple,Acer platanoides Crimson King,,Unknown,,,,,20180214,20210218
435,465,220,465_220,5.344387737071708,260342,51.47689639776943,-0.0354753062129051,True,Lewisham,Sycamore,Sycamore,Acer pseudoplatanus,1  Mature,Mature(31-80),,,,,20201127,20210218
441,466,735,466_735,6.786312780128217,506834,51.47686889767657,-0.0354917049407831,True,Lewisham,Maple,Purple Norway Maple,Acer platanoides Crimson King,,Unknown,,,,,20180214,20210218
436,466,220,466_220,4.054998776504882,260342,51.47689639776943,-0.0354753062129051,True,Lewisham,Sycamore,Sycamore,Acer pseudoplatanus,1  Mature,Mature(31-80),,,,,20201127,20210218
437,467,220,467_220,7.334981018031837,260342,51.47689639776943,-0.0354753062129051,True,Lewisham,Sycamore,Sycamore,Acer pseudoplatanus,1  Mature,Mature(31-80),,,,,20201127,20210218
457,471,358,471_358,9.717583587173996,270242,51.477208293974506,-0.0347706004975711,True,Lewisham,Pine,Deal,Pinus,1  Mature,Mature(31-80),,,,,20201127,20210218
462,475,670,475_670,9.94501752473859,841094,51.47722329944385,-0.03513000160448,True,Lewisham,Black Locust,False-acacia,Robinia pseudoacacia,1  Mature,Mature(31-80),,,,,20201127,20210218
463,476,670,476_670,7.196095174772722,841094,51.47722329944385,-0.03513000160448,True,Lewisham,Black Locust,False-acacia,Robinia pseudoacacia,1  Mature,Mature(31-80),,,,,20201127,20210218
464,477,670,477_670,3.6661655110605316,841094,51.47722329944385,-0.03513000160448,True,Lewisham,Black Locust,False-acacia,Robinia pseudoacacia,1  Mature,Mature(31-80),,,,,20201127,20210218
465,478,670,478_670,2.46643941350159,841094,51.47722329944385,-0.03513000160448,True,Lewisham,Black Locust,False-acacia,Robinia pseudoacacia,1  Mature,Mature(31-80),,,,,20201127,20210218
466,479,670,479_670,5.450818372812643,841094,51.47722329944385,-0.03513000160448,True,Lewisham,Black Locust,False-acacia,Robinia pseudoacacia,1  Mature,Mature(31-80),,,,,20201127,20210218
467,480,670,480_670,8.657960233744978,841094,51.47722329944385,-0.03513000160448,True,Lewisham,Black Locust,False-acacia,Robinia pseudoacacia,1  Mature,Mature(31-80),,,,,20201127,20210218
458,482,358,482_358,8.015512103943705,270242,51.477208293974506,-0.0347706004975711,True,Lewisham,Pine,Deal,Pinus,1  Mature,Mature(31-80),,,,,20201127,20210218
472,483,457,483_457,9.755154452649567,276492,51.47723409533496,-0.0346975028513797,True,Lewisham,Oak,Acorn,Quercus,1  Mature,Mature(31-80),,,,,20201127,20210218
468,483,151,483_151,7.520796733539952,258699,51.47715369611984,-0.0347297042608395,True,Lewisham,Birch,Birch,Betula,1  Mature,Mature(31-80),,,,,20201127,20210218
459,483,358,483_358,3.9298810081201716,270242,51.477208293974506,-0.0347706004975711,True,Lewisham,Pine,Deal,Pinus,1  Mature,Mature(31-80),,,,,20201127,20210218
474,483,709,483_709,7.014685209447801,506796,51.47719139605767,-0.0347189009189505,True,Lewisham,Birch,Birch Sp.,,,Unknown,,,,,20180214,20210218
460,484,358,484_358,4.743461612361086,270242,51.477208293974506,-0.0347706004975711,True,Lewisham,Pine,Deal,Pinus,1  Mature,Mature(31-80),,,,,20201127,20210218
469,484,151,484_151,2.8460179189018056,258699,51.47715369611984,-0.0347297042608395,True,Lewisham,Birch,Birch,Betula,1  Mature,Mature(31-80),,,,,20201127,20210218
475,484,709,484_709,4.328456887854246,506796,51.47719139605767,-0.0347189009189505,True,Lewisham,Birch,Birch Sp.,,,Unknown,,,,,20180214,20210218
473,484,457,484_457,8.960855317310623,276492,51.47723409533496,-0.0346975028513797,True,Lewisham,Oak,Acorn,Quercus,1  Mature,Mature(31-80),,,,,20201127,20210218
461,485,358,485_358,8.581316351673726,270242,51.477208293974506,-0.0347706004975711,True,Lewisham,Pine,Deal,Pinus,1  Mature,Mature(31-80),,,,,20201127,20210218
470,485,151,485_151,1.9285646483828005,258699,51.47715369611984,-0.0347297042608395,True,Lewisham,Birch,Birch,Betula,1  Mature,Mature(31-80),,,,,20201127,20210218
476,485,709,485_709,5.687472989342088,506796,51.47719139605767,-0.0347189009189505,True,Lewisham,Birch,Birch Sp.,,,Unknown,,,,,20180214,20210218
471,486,151,486_151,5.2865559778178834,258699,51.47715369611984,-0.0347297042608395,True,Lewisham,Birch,Birch,Betula,1  Mature,Mature(31-80),,,,,20201127,20210218
477,486,709,486_709,8.824329985150051,506796,51.47719139605767,-0.0347189009189505,True,Lewisham,Birch,Birch Sp.,,,Unknown,,,,,20180214,20210218
478,494,163,494_163,8.016140839040581,258711,51.476788192987584,-0.0343854054807444,True,Lewisham,Birch,Birch,Betula,1  Mature,Mature(31-80),,,,,20201127,20210218
482,496,317,496_317,8.432767995037624,268254,51.47678159922364,-0.0345297008751855,True,Lewisham,Maple,Norway Maple,Acer platanoides,1  Mature,Mature(31-80),,,,,20201127,20210218
479,496,163,496_163,4.828423657258508,258711,51.476788192987584,-0.0343854054807444,True,Lewisham,Birch,Birch,Betula,1  Mature,Mature(31-80),,,,,20201127,20210218
484,497,541,497_541,5.206408554865083,280857,51.47630249708897,-0.03437750041478,True,Lewisham,Whitebeam,Whitebeam,Sorbus,Semi  Mature,Early Mature(16-30),,,,,20201127,20210218
480,498,163,498_163,2.8118071860114764,258711,51.476788192987584,-0.0343854054807444,True,Lewisham,Birch,Birch,Betula,1  Mature,Mature(31-80),,,,,20201127,20210218
483,498,317,498_317,7.4597706133434745,268254,51.47678159922364,-0.0345297008751855,True,Lewisham,Maple,Norway Maple,Acer platanoides,1  Mature,Mature(31-80),,,,,20201127,20210218
481,500,163,500_163,6.562398699233655,258711,51.476788192987584,-0.0343854054807444,True,Lewisham,Birch,Birch,Betula,1  Mature,Mature(31-80),,,,,20201127,20210218
489,505,272,505_272,8.424072523318705,262599,51.47645639628176,-0.0344429016112476,True,Lewisham,Cherry,Flowering Cherry,Prunus,Semi  Mature,Early Mature(16-30),,,,,20201127,20210218
490,506,272,506_272,6.206183156171054,262599,51.47645639628176,-0.0344429016112476,True,Lewisham,Cherry,Flowering Cherry,Prunus,Semi  Mature,Early Mature(16-30),,,,,20201127,20210218
491,507,272,507_272,8.801851688624874,262599,51.47645639628176,-0.0344429016112476,True,Lewisham,Cherry,Flowering Cherry,Prunus,Semi  Mature,Early Mature(16-30),,,,,20201127,20210218
485,508,541,508_541,8.383710813754345,280857,51.47630249708897,-0.03437750041478,True,Lewisham,Whitebeam,Whitebeam,Sorbus,Semi  Mature,Early Mature(16-30),,,,,20201127,20210218
486,509,541,509_541,5.690368658110436,280857,51.47630249708897,-0.03437750041478,True,Lewisham,Whitebeam,Whitebeam,Sorbus,Semi  Mature,Early Mature(16-30),,,,,20201127,20210218
487,510,541,510_541,4.987329182448811,280857,51.47630249708897,-0.03437750041478,True,Lewisham,Whitebeam,Whitebeam,Sorbus,Semi  Mature,Early Mature(16-30),,,,,20201127,20210218
488,511,541,511_541,7.463607621270055,280857,51.47630249708897,-0.03437750041478,True,Lewisham,Whitebeam,Whitebeam,Sorbus,Semi  Mature,Early Mature(16-30),,,,,20201127,20210218
31,526,85,526_85,5.987497527828063,74814,51.47578579932462,-0.0346733033656408,True,Lewisham,Plane,London Plane,Platanus occidentalis x orientalis = P. x hispanica,1  Young,Young(0-15),3.9,5.5,9.5,,20201127,20210218
32,527,85,527_85,6.3623662429124135,74814,51.47578579932462,-0.0346733033656408,True,Lewisham,Plane,London Plane,Platanus occidentalis x orientalis = P. x hispanica,1  Young,Young(0-15),3.9,5.5,9.5,,20201127,20210218
13,528,624,528_624,9.30957064963379,642947,51.47578889876616,-0.0348972007631035,True,TFL,Plane,Plane,Platanus,,Unknown,,,,,20180214,20210218
22,528,80,528_80,8.75917242885978,70227,51.47577099502102,-0.0348612070083751,True,Lewisham,Plane,London Plane,Platanus occidentalis x orientalis = P. x hispanica,1  Young,Young(0-15),3.0,5.0,5.8,,20201127,20210218
33,528,85,528_85,9.215295384808435,74814,51.47578579932462,-0.0346733033656408,True,Lewisham,Plane,London Plane,Platanus occidentalis x orientalis = P. x hispanica,1  Young,Young(0-15),3.9,5.5,9.5,,20201127,20210218
14,529,624,529_624,5.585466227091806,642947,51.47578889876616,-0.0348972007631035,True,TFL,Plane,Plane,Platanus,,Unknown,,,,,20180214,20210218
23,529,80,529_80,5.347580798196546,70227,51.47577099502102,-0.0348612070083751,True,Lewisham,Plane,London Plane,Platanus occidentalis x orientalis = P. x hispanica,1  Young,Young(0-15),3.0,5.0,5.8,,20201127,20210218
15,530,624,530_624,1.8740724312544867,642947,51.47578889876616,-0.0348972007631035,True,TFL,Plane,Plane,Platanus,,Unknown,,,,,20180214,20210218
24,530,80,530_80,2.8732466851702143,70227,51.47577099502102,-0.0348612070083751,True,Lewisham,Plane,London Plane,Platanus occidentalis x orientalis = P. x hispanica,1  Young,Young(0-15),3.0,5.0,5.8,,20201127,20210218
16,531,624,531_624,5.832635275243047,642947,51.47578889876616,-0.0348972007631035,True,TFL,Plane,Plane,Platanus,,Unknown,,,,,20180214,20210218
25,531,80,531_80,6.232951617081073,70227,51.47577099502102,-0.0348612070083751,True,Lewisham,Plane,London Plane,Platanus occidentalis x orientalis = P. x hispanica,1  Young,Young(0-15),3.0,5.0,5.8,,20201127,20210218
492,559,0,559_0,8.14203883971553,76446,51.47548989951615,-0.0374078005551984,True,Lewisham,Other,Tulip-tree,,1  Young,Young(0-15),3.5,6.4,11.0,,20201127,20210218
493,560,0,560_0,5.961304136719504,76446,51.47548989951615,-0.0374078005551984,True,Lewisham,Other,Tulip-tree,,1  Young,Young(0-15),3.5,6.4,11.0,,20201127,20210218
494,563,1,563_1,7.0806852923780355,77998,51.47541529685269,-0.0377854034303378,True,Lewisham,Other,Tulip-tree,,1  Young,Young(0-15),1.5,5.5,7.5,,20201127,20210218
495,564,1,564_1,7.933499348700393,77998,51.47541529685269,-0.0377854034303378,True,Lewisham,Other,Tulip-tree,,1  Young,Young(0-15),1.5,5.5,7.5,,20201127,20210218
496,570,2,570_2,7.878402644804952,78003,51.47522209584729,-0.0386001020668514,True,Lewisham,Other,Tulip-tree,,1  Mature,Mature(31-80),2.2,6.1,9.5,,20201127,20210218
497,571,2,571_2,4.379371671295916,78003,51.47522209584729,-0.0386001020668514,True,Lewisham,Other,Tulip-tree,,1  Mature,Mature(31-80),2.2,6.1,9.5,,20201127,20210218
498,572,2,572_2,7.816245797227074,78003,51.47522209584729,-0.0386001020668514,True,Lewisham,Other,Tulip-tree,,1  Mature,Mature(31-80),2.2,6.1,9.5,,20201127,20210218
